title,ingredients,distinct_ingredients,num_ingredients,link,source
Jan'S Winter Soup,"[""2 Tbsp. butter"", ""2 medium onions, chopped"", ""1 lb. ground beef or turkey"", ""1 clove garlic, minced"", ""3 c. beef or chicken broth"", ""1 (28 oz.) can tomatoes, chopped"", ""1 c. diced potatoes"", ""3 carrots, chopped"", ""1 c. celery, chopped"", ""1 c. frozen green beans"", ""1 c. dry red wine"", ""1/2 tsp. basil"", ""1/4 tsp. thyme"", ""salt and pepper to taste""]","basil, beef, butter, carrots, celery, clove garlic, frozen green beans, ground beef, onions, potatoes, red wine, salt, thyme, tomatoes",14,www.cookbooks.com/Recipe-Details.aspx?id=51724,Gathered
Ranch Beef And Beans,"[""1 lb. cooked, crumbled hamburger (drained)"", ""1 c. onion, chopped"", ""1 c. kidney beans, cooked and drained"", ""1 c. butter beans"", ""1 c. baked beans"", ""3/4 c. ketchup"", ""1 sm. can mild green chilies, chopped (opt.)"", ""1 TBSP prepared mustard"", ""1 tsp. beef bouillon"", ""1/2 c. water"", ""2 TBSP. honey"", ""2/3 c. bell pepper, chopped"", ""1 tsp. Worcestershire sauce"", ""1/2 tsp. garlic pwd""]","beans, beef bouillon, bell pepper, butter beans, garlic, green chilies, hamburger, honey, ketchup, kidney beans, mustard, onion, water, worcestershire sauce",14,www.cookbooks.com/Recipe-Details.aspx?id=99285,Gathered
Italian Cream Cake,"[""1 stick margarine"", ""1/2 c. vegetable shortening"", ""2 c. sugar"", ""5 egg yolks"", ""2 c. flour"", ""1 tsp. soda"", ""1 c. buttermilk"", ""1 tsp. vanilla"", ""1 small can coconut"", ""1 c. nuts, chopped (pecans)"", ""5 egg whites, beaten"", ""1 (8 oz.) cream cheese"", ""1/2 stick margarine"", ""1 tsp. vanilla"", ""1 box powdered sugar"", ""1/2 c. chopped pecans""]","buttermilk, coconut, cream cheese, egg whites, egg yolks, flour, margarine, nuts, pecans, powdered sugar, soda, sugar, vanilla, vegetable shortening",14,www.cookbooks.com/Recipe-Details.aspx?id=420021,Gathered
Recipe For A Happy Marriage,"[""1 c. consideration"", ""2 c. flattery, carefully concealed"", ""2 c. praise"", ""1 pinch in-laws"", ""1 generous dash of cooperation"", ""1 c. contentment"", ""2 children (at least)"", ""1 c. blindness to faults of others"", ""2 c. milk of human kindness"", ""1 gal. faith in God and each other"", ""1 reasonable budget"", ""3 tsp. pure extract of I'm sorry"", ""1 c. confidence"", ""1 c. encouragement"", ""1 c. several hobbies""]","blindness to faults of others, children, confidence, consideration, contentment, encouragement, faith, flattery, generous, milk, praise, reasonable budget, several hobbies, sorry",14,www.cookbooks.com/Recipe-Details.aspx?id=395971,Gathered
"""Thrive On Five"" Bread","[""1 c. grated carrot and zucchini"", ""1/2 c. whole wheat flour, white flour and wheat germ"", ""1 egg"", ""1/4 c. oil"", ""1/2 c. crushed pineapple, drained"", ""1/2 c. applesauce"", ""1/4 c. brown sugar"", ""2 tsp. baking soda"", ""1 tsp. baking powder"", ""1/2 c. raisins"", ""1/3 c. molasses"", ""1/2 tsp. cinnamon"", ""1/4 tsp. cloves"", ""1/4 tsp. ginger""]","applesauce, baking powder, baking soda, brown sugar, carrot, cinnamon, cloves, egg, ginger, molasses, oil, pineapple, raisins, whole wheat flour",14,www.cookbooks.com/Recipe-Details.aspx?id=486732,Gathered
Hot Sour Soup,"[""4 c. chicken stock"", ""1/4 lb. pork, slivered"", ""4 dried mushrooms (pre-soaked)"", ""1/2 c. bamboo shoots"", ""10 shelled shrimp"", ""1 tsp. soy sauce"", ""1/2 tsp. sherry"", ""2 Tbsp. white vinegar"", ""1/2 tsp. white pepper"", ""1/2 soybean cake, cut in 1-inch cubes"", ""2 Tbsp. cornstarch, in 1/4 c. water"", ""2 eggs, slightly beaten"", ""1 tsp. sesame oil"", ""2 green onions with tops, cut in 1 1/2-inch lengths""]","bamboo shoots, chicken stock, cornstarch, eggs, green onions, mushrooms, pork, sesame oil, sherry, shrimp, soy sauce, soybean cake, white pepper, white vinegar",14,www.cookbooks.com/Recipe-Details.aspx?id=228998,Gathered
Guacamole Dip,"[""1 large ripe avocado"", ""1/4 c. mayonnaise"", ""1 green onion, minced"", ""1/4 tsp. garlic powder"", ""2 tsp. lemon juice"", ""1/4 tsp. chili powder"", ""chopped parsley"", ""1 c. Crisco"", ""2 Tbsp. castor oil"", ""2 Tbsp. mineral oil"", ""2 Tbsp. lanolin"", ""2 Tbsp. glycerine"", ""2 Tbsp. olive oil"", ""red food coloring (enough to make it a pretty pink)"", ""several drops of your favorite perfume""]","avocado, castor oil, chili powder, crisco, garlic powder, glycerine, green onion, lanolin, lemon juice, mayonnaise, mineral oil, olive oil, parsley, red food coloring",14,www.cookbooks.com/Recipe-Details.aspx?id=778238,Gathered
Happy Healthy Health Department,"[""1 c. loving kindness"", ""1/2 c. being nice to everyone"", ""1/8 c. faithful home health aides"", ""1/4 c. goodness for WIC/immunization clinics"", ""2/3c. cardiovascular disease detection"", ""1/8 c. social work for happy patients"", ""1/4 c. thankfulness to nurses for job well done"", ""1/4 c. understanding for Medicare billers, secretaries and bookkeeper"", ""3/4 c. environmental control involvement in our community"", ""1/8 c. animal control for peace in our community"", ""1/8 c. physical therapy for strengthening patients"", ""2 c. helpfulness"", ""3 c. respect for supervisors"", ""1/2 c. thanks/praise for transcribers"", ""3/4 c. healthy Moms/Kids and infection control"", ""3/4 c. heaping daily work, kept up-to-date""]","being nice, cardiovascular disease, community, daily work, health aides, helpfulness, immunization, infection, loving kindness, physical therapy for strengthening patients, supervisors, thankfulness, transcribers, understanding for medicare billers",14,www.cookbooks.com/Recipe-Details.aspx?id=484020,Gathered
"Best Melon, Mango, And Avocado Salad","[""1 small red onion, very thinly sliced"", ""2 tablespoons red wine vinegar"", ""1/2 cup freshly squeezed orange juice"", ""1 tablespoon grated orange zest"", ""2 teaspoons extra-virgin olive oil"", ""1/4 teaspoon kosher salt"", ""freshly ground black pepper"", ""2 cups small cantaloupe balls"", ""2 cups 1/2-inch diced seedless watermelon"", ""1 ripe mango, cut into 1/4-inch dice"", ""1 cup loosely packed cilantro leaves"", ""1 ripe Hass avocados"", ""1 tablespoon fresh lime juice"", ""6 thin lime slices""]","avocados, cantaloupe, cilantro, extra-virgin olive oil, freshly ground black pepper, freshly squeezed orange juice, kosher salt, lime juice, lime slices, mango, orange zest, red onion, red wine vinegar, seedless watermelon",14,www.allrecipes.com/recipe/218644/best-melon-mango-and-avocado-salad/,Gathered
Fruit And Cheese Platter,"[""fruit spread"", ""9 ounces dried figs, chopped"", ""2 1/2 ounces hazelnuts, chopped"", ""12 ounces apricot preserves"", ""fruit"", ""8 ounces grapes"", ""16 ounces strawberries"", ""3 pears"", ""2 oranges"", ""2 peaches"", ""7 ounces dried apricots"", ""8 ounces brie cheese"", ""8 ounces port wine, du salut"", ""8 ounces blue cheese"", ""1 French baguette"", ""64 whole wheat crackers""]","apricot preserves, apricots, baguette, blue cheese, brie cheese, fruit, fruit spread, grapes, hazelnuts, oranges, peaches, port wine, strawberries, whole wheat crackers",14,www.food.com/recipe/fruit-and-cheese-platter-483565,Gathered
Italian Stuffed Chicken Breast With A Marsala Sauce,"[""4 chicken breasts"", ""5 -6 tablespoons Appenzeller cheese"", ""5 -6 tablespoons gruyere cheese"", ""2 tablespoons parmesan cheese (All 3 cheeses should make a cupful maybe a little over, that should be enough for the 4 breasts.)"", ""8 sage leaves, 2 per breast"", ""4 -8 slices prosciutto (I have said this, as if they are quite wide slices, 1 per breast and if they are thin slices, you wi)"", ""Marsala Sauce"", ""1 cup marsala"", ""2 teaspoons instant chicken bouillon granules"", ""1/2 cup light cream"", ""1/2 cup thick double cream"", ""2 teaspoons tarragon"", ""1 teaspoon cornflour"", ""pepper""]","appenzeller cheese, chicken breasts, cornflour, cream, gruyere cheese, instant chicken, light cream, marsala, marsala sauce, parmesan cheese, pepper, sage, said, tarragon",14,www.food.com/recipe/italian-stuffed-chicken-breast-with-a-marsala-sauce-284144,Gathered
Easy Vietnamese Pho,"[""6 cups beef stock"", ""1 None lime, juiced"", ""2 tbsp fish sauce + extra to serve"", ""2 None star anise"", ""2 None cardamom pods (optional)"", ""7 oz rice noodles"", ""1 lb beef tenderloin, sliced very thinly"", ""4 oz bean sprouts"", ""1/2 bunch fresh cilantro, leaves picked"", ""1/2 bunch fresh basil leaves"", ""2 None spring onions, thinly sliced"", ""1 None long red chili, thinly sliced"", ""None None fried shallots, to serve"", ""None None lime wedges, to serve""]","anise, bean sprouts, beef stock, beef tenderloin, cardamom pods, fish sauce +, fresh basil, fresh cilantro, lime, lime wedges, long red chili, rice noodles, shallots, spring onions",14,recipes-plus.com/api/v2.0/recipes/23636,Gathered
Rlsawyers' Chicken Enchilada Pie ,"[""2 pounds Boneless Skinless Chicken Breast"", ""2 pounds Shredded Mexican Style Cheese"", ""12 Flame-Grilled Corn Tortillas, White or Yellow"", ""2 teaspoons Cooking Oil or Spray"", ""1 handful Chopped Lorocco Flowers, optional"", ""2 cups Your favorite Red/Green Salsa"", ""1 can Red Enchilada Sauce"", ""1 can Green Enchilada Sauce"", ""1 sheet 13x9x2 Cake Tin"", ""1/4 cup Sour Cream, optional"", ""4 pieces Jalapenos, chopped with or without seeds, optional"", ""1 handful Cilantro, chopped, optional"", ""1 handful Black Olives, any style, optional"", ""2 quarts Skillet if you have an electric stove, not needed for gas stove."", ""8 cups Large Mixing Bowl""]","cheese, chicken, cooking oil, corn tortillas, favorite red, green enchilada sauce, handful, handful black olives, handful cilantro, jalapeños, mixing bowl, red enchilada sauce, skillet, sour cream",14,www.epicurious.com/recipes/member/views/rlsawyers-chicken-enchilada-pie-5a316d25364c9024d0d4e728,Gathered
Mini Salmon Burgers With Vodka Creme ,"[""1 1/2 lbs of salmon- cut in cubes before putting in the processor."", ""1 small shallot or 2-3 tbsp onion"", ""1 tsp of seasoning- Creole, Cajun or Australian fish spice mix"", ""1 TBSP of dill"", ""2Tbsp capers"", ""Zest from 1/2 of a lemon"", ""Little bit of lemon juice- approximately. 2 tsp"", ""2-4 tbsp mayo"", ""2 tbsp chives chopped or chive blossoms"", ""Veg oil to coat your hands"", ""Vodka Creme fraice"", ""1 cup creme fraise or sour cream"", ""2 TBSP vodka approximately"", ""2 Tbsp dill"", ""mix- enough vodka in so you can taste it but do not thin the creme too much"", ""For sliders take the thin diet hamburger buns and cut with a cookie cutter - or if you want a special appetizer make blini -or use those rye squares""]","before putting, cajun, capers, chives, crème fraise, dill, lemon, mayo, shallot, sliders, veg oil, vodka, vodka approximately, vodka crème fraice",14,www.epicurious.com/recipes/member/views/mini-salmon-burgers-with-vodka-creme-50087183,Gathered
Roasted Sausage And Sweet Potato Casserole ,"[""Roasted Sausages and Sweet Potato-White Bean Stew"", ""From Country Living"", ""This recipe has been tested by Country Living"", ""Roasting sausage is great alternative to grilling in the winter. The juicy sausage lends its rich flavor to the stew in this delicious one-pot meal!"", ""By Marian Cooper Cairns"", ""Be the first to rate this recipe"", ""RecipePhotosReviews"", ""Save this recipe"", ""Add ingredients to my shopping list"", ""Submit your version"", ""Nutritional Information"", ""(per serving)"", ""Calories\t592"", ""Total Fat\t33g"", ""Saturated Fat\t--"", ""Cholesterol\t57mg"", ""Sodium\t1575mg"", ""Total Carbohydrate\t48g"", ""Dietary Fiber\t7g"", ""Sugars\t--"", ""Protein\t24g"", ""Calcium\t--"", ""roasted sausages and sweet potato white bean stew"", ""Ryan Liebe"", ""Serves: 6"", ""Total Time: 45 min"", ""Prep Time: 15 min"", ""Oven Temp: 450"", ""Ingredients"", ""U.S.\t\tMetric\tConversion chart 2\tmedium sweet potatoes, cut into 1-inch pieces 1\tsmall sweet onion, chopped 4\tsprig(s) fresh thyme 2\tclove(s) garlic, minced 3/4 teaspoon(s) kosher salt 3/4 teaspoon(s) freshly ground black pepper 2\ttablespoon(s) olive oil 8\t(about 2 pounds) fresh pork sausage links 1\tcan(s) (14.5-ounce) low-sodium chicken broth 1\tbunch(es) Swiss chard (or other hearty greens), coarsely chopped 1\tcan(s) (15.5-ounce) cannellini beans, drained and rinsed 1\ttablespoon(s) red wine vinegar 1\t(12-ounce) baguette, cut in half lengthwise 4\ttablespoon(s) garlic-and-herb butter, softened (such as Kerrygold)"", ""Directions"", ""Heat oven to 450 degrees F. Toss together first 7 ingredients in a large roasting pan. Arrange in a single layer, and place sausage on top of vegetables."", ""Bake at 450 degrees F for 20 minutes. Remove pan and stir in broth and next 3 ingredients. Bake 10 more minutes or until sausage is browned and potatoes are tender. Meanwhile, spread cut sides of bread with butter; place on baking sheet. Add bread to oven during last 8 minutes of cook time, and bake until toasted.""]","carbohydrate, country living, dietary fiber, directions, f. toss together, information, ingredients, recipe, recipe has been, recipephotosreviews, sausage, sweet potatoes, white bean stew, your version",14,www.epicurious.com/recipes/member/views/roasted-sausage-and-sweet-potato-casserole-52998741,Gathered
Root Veggie Salad with Lentils & Goat Cheese,"[""1-1/2 qt. red beets, roasted, quartered"", ""3 cups red onions, thinly sliced"", ""1-1/2 cups mixed parsnips and carrots, chopped, sauteed"", ""1-1/2 cups yellow peppers, chopped"", ""1-1/2 cups roasted red peppers, chopped"", ""3 cups mixed red and yellow pear tomatoes, halved King Sooper's 1 lb For $0.99 thru 02/09"", ""2 cups candied walnuts, coarsely chopped"", ""1-1/2 cups yellow lentils, cooked"", ""1-1/2 cups fennel, sliced, braised"", ""goat cheese, crumbled"", ""1/3 cup fresh parsley, chopped"", ""3/4 tsp. ground black pepper"", ""1-1/2 cups KRAFT Sun Dried Tomato Vinaigrette with Extra Virgin Olive Oil"", ""3 cups micro greens""]","candied walnuts, fennel, fresh parsley, goat cheese, ground black pepper, micro greens, mixed parsnips, mixed red, red beets, red onions, red peppers, tomato, yellow lentils, yellow peppers",14,www.kraftrecipes.com/recipes/root-veggie-salad-lentils-goat-cheese-98322.aspx,Recipes1M
Pickling Spice Recipe,"[""1/4 cup broken cassia bark"", ""2 tablespoons yellow mustard seeds"", ""2 tablespoons black mustard seeds"", ""2 tablespoons coriander seeds"", ""2 tablespoons allspice berries"", ""2 tablespoons black peppercorns"", ""1 tablespoon dill seeds"", ""1 tablespoon fennel seeds"", ""2 teaspoons whole cloves"", ""2 teaspoons celery seeds"", ""2 teaspoons crushed mace blades"", ""8 crushed bay leaves"", ""1 (1-inch) section dried ginger"", ""1 small dried hot red pepper""]","bay leaves, berries, black mustard seeds, black peppercorns, cassia bark, celery seeds, coriander seeds, dill seeds, fennel seeds, hot red pepper, mace blades, section, whole cloves, yellow mustard seeds",14,www.chowhound.com/recipes/pickling-spice-10594,Recipes1M
Gluten Free Seed Monster Bread,"[""1 cup almond flour"", ""1 cup brown rice flour"", ""13 cup tapioca flour"", ""14 cup pumpkin seeds"", ""14 cup oats"", ""3 tablespoons flax seed meal"", ""1 tablespoon hemp seeds"", ""1 tablespoon flax seed"", ""1 tablespoon millet"", ""1 tablespoon dry active yeast"", ""14 teaspoon ground sea salt"", ""3 tablespoons nut oil (i used walnut)"", ""1 tablespoon raw cider vinegar"", ""1 large brown egg"", ""1 13 cups almond milk""]","active yeast, almond flour, almond milk, brown egg, brown rice flour, cider vinegar, flax seed, ground sea salt, hemp seeds, millet, nut oil, oats, pumpkin seeds, tapioca flour",14,www.food.com/recipe/gluten-free-seed-monster-bread-494696,Recipes1M
Black Maharashtrian Masala (Kala Masala) Recipe,"[""1 kg Dhania seeds, (coriander seeds)"", ""1/2 kg Lal mirch saboot, (whole red chillies)"", ""1/2 kg Sukha khopra, (dehydrated coconut minced)"", ""100 gm Lavang, (cloves)"", ""100 gm Kali mirch, (pepper corns)"", ""100 gm Tejpan, (bay leaves)"", ""100 gm Nagkeshar"", ""100 gm Dagad phool"", ""100 gm Masala phool"", ""100 gm Masala, (badi) elaichi (large black cardamoms)"", ""100 gm Shajira, (caraway seeds or possibly white cumin)"", ""100 gm Haldi ke ganthiye, (dry turmeric root)"", ""100 gm Hing ke tukde, (asafoetida in broken form)"", ""100 gm Til, (sesame seeds)"", ""100 gm Karala"", ""100 gm Khuskhus, (food grade poppy seeds)"", ""100 gm Dalchini, (cinnamon)""]","dalchini, dhania seeds, ganthiye, gm, gm lavang, karala, khuskhus, masala, mirch, nagkeshar, saboot, shajira, tejpan, tukde",14,cookeatshare.com/recipes/black-maharashtrian-masala-kala-masala-85944,Recipes1M
"Fruity-Nutty Banana, Chocolate Granola Bars","[""2 each bananas mashed"", ""1/2 cup peanut butter or almond butter"", ""2 tablespoons cherries, dried chopped"", ""2 tablespoons blueberries dried and chopped"", ""1/4 cup apricots, dried chopped"", ""1/4 cup prunes chopped"", ""1/4 cup cranberries, dried chopped"", ""1 cup rolled oats quick-cooking or rolled"", ""1/4 cup ground flax seed freshly ground"", ""1 tablespoon sesame seeds"", ""1 tablespoon sesame seeds black"", ""1/2 cup almonds chopped, or other nuts"", ""1/4 cup sunflower seeds"", ""1/4 cup pepitas (pumpkin seeds)"", ""1/2 cup chocolate chips (semi-sweet)""]","almonds, bananas mashed, blueberries, cherries, chocolate chips, cranberries, ground flax, peanut butter, pepitas, prunes chopped, rolled oats, sesame seeds, sesame seeds black, sunflower seeds",14,recipeland.com/recipe/v/fruity-nutty-banana-chocolate-g-53287,Recipes1M
International Twist,"[""12 oz. rotelle pasta"", ""1 lb. low-fat, skinless kielbasa sausage, sliced"", ""1 small green bell pepper, chopped"", ""1 small red bell pepper, chopped"", ""1 Vidalia onion, chopped"", ""1 (24 oz.) jar mild salsa"", ""1 (15 oz.) can kidney beans, drained"", ""1 (8 oz.) can no salt tomato sauce"", ""1/2 c. sliced ripe olives"", ""1 tsp. taco seasoning mix"", ""4 oz. shredded low-fat Cheddar cheese"", ""4 oz. shredded low-fat Mozzarella cheese"", ""3 c. crushed cheese flavored tortilla chips"", ""low-fat sour cream""]","cheddar cheese, crushed cheese flavored tortilla chips, green bell pepper, kidney beans, low-fat, low-fat sour cream, mozzarella cheese, olives, red bell pepper, rotelle pasta, salsa, taco seasoning mix, tomato sauce, vidalia onion",14,www.cookbooks.com/Recipe-Details.aspx?id=993243,Gathered
Simple Turtles® Pumpkin Pie,"[""Crust:"", ""1 1/4 cups finely crushed graham cracker crumbs"", ""1/4 cup white sugar"", ""6 tablespoons butter, melted"", ""Filling:"", ""1/4 cup caramel topping"", ""1/2 cup pecan pieces"", ""1 cup cold milk"", ""1 cup canned pumpkin"", ""2 (4-serving size) packages instant vanilla pudding mix"", ""1 teaspoon ground cinnamon"", ""1/2 teaspoon ground nutmeg"", ""1 (8 ounce) container whipped topping (such as Cool Whip(R)), thawed and divided"", ""2 tablespoons pecan pieces"", ""2 tablespoons caramel topping""]","butter, caramel topping, cold milk, crust, filling, graham cracker crumbs, ground cinnamon, ground nutmeg, instant vanilla pudding, pecan, pecan pieces, pumpkin, topping, white sugar",14,www.allrecipes.com/recipe/235804/simple-turtles-pumpkin-pie/,Gathered
Cambodian Style Ground Pork,"[""2 1/2 lbs ground pork"", ""8 anchovy fillets, finely chopped"", ""2 1/4 teaspoons sweet paprika"", ""3/4 teaspoon pure chile powder"", ""1/4 teaspoon cayenne"", ""1 1/4 cups coconut milk"", ""1 medium jicama, peeled and coarsely grated"", ""1 tablespoon fresh lime juice"", ""12 flour tortillas"", ""Toppings"", ""1 small eggplant, cut into very thin,1 & 1/2 inch long strips"", ""1/2 small green cucumber, peeled and coarsely grated"", ""5 pickling cucumbers, peeled and coarsely grated"", ""1/2 cup fresh mint leaves""]","anchovy, cayenne, chile powder, coconut milk, eggplant, flour tortillas, fresh mint, green cucumber, ground pork, jicama, lime juice, pickling cucumbers, sweet paprika, toppings",14,www.food.com/recipe/cambodian-style-ground-pork-28886,Gathered
B-52 Cake,"[""Grand Marnier Layer"", ""10 1/2 ounces semisweet fine chocolate"", ""1 1/3 ounces Grand Marnier"", ""5 1/4 ounces heavy cream"", ""Kahlua Layer"", ""10 1/2 ounces milk chocolate"", ""5 1/3 ounces unsalted butter"", ""3 1/3 ounces Kahlua"", ""1 egg yolk"", ""Whiskey Layer"", ""1/4 lb milk chocolate"", ""1/2 lb white chocolate"", ""2 tablespoons Bourbon"", ""2 tablespoons unsalted butter"", ""1 1/2 ounces heavy cream"", ""mint creme anglaise (Mint Creme Anglaise)""]","bourbon, butter, chocolate, egg yolk, grand marnier, grand marnier layer, heavy cream, kahlua, kahlua layer, layer, milk chocolate, mint creme anglaise, unsalted butter, white chocolate",14,www.food.com/recipe/b-52-cake-46032,Gathered
Kadukash ( Sindhi Mango Pickle),"[""5 kg green mangoes"", ""150 g salt"", ""2 -3 tablespoons kashmiri chili powder"", ""50 g fenugreek seeds"", ""50 g anise seeds"", ""2 tablespoons black pepper, coarsely ground"", ""1 teaspoon turmeric"", ""1 tablespoon black cumin seeds"", ""2 tablespoons onion seeds"", ""6 leaves mace, ground"", ""1 teaspoon nutmeg"", ""4 cinnamon sticks"", ""1 liter vinegar"", ""1 liter oil""]","anise seeds, black cumin, black pepper, cinnamon sticks, fenugreek seeds, green mangoes, kashmiri chili powder, liter oil, mace, nutmeg, onion seeds, salt, turmeric, vinegar",14,www.food.com/recipe/kadukash-sindhi-mango-pickle-8965,Gathered
Phoenician Summer Squash ,"[""PHOENICIAN SUMMER SQUASH"", ""2 Medium to large Yellow Squash, peeled and cubed into 3/4 inch pieces"", ""2 Medium to large unpeeled Zucchini, cubed into 3/4 inch pieces"", ""1 Medium yellow or white onion , diced"", ""6 (or more to taste) cloves of garlic, peeled and chopped"", ""2 Medium sized Bell Peppers (any color, but red looks good), seeded and chopped"", ""2 medium sized jalapeno peppers, seeded, de-ribbed and chopped"", ""1 medium size can of sweet corn, drained"", ""2 tablespoons corn oil or canola oil"", ""1 tablespoon (or more to taste - I use all chili oil)"", ""of Chinese Hot Chili Oil (available in most big markets, or in almost"", ""every Oriental grocery store)."", ""3-4 Tablespoons (or more to taste) of Chinese Hot Chili Sauce (it's red, usually comes in"", ""a plastic squeeze bottle, looks like catsup, tastes like lava! Good stuff)"", ""8 oz (or more) of shredded cheese. I like sharp cheddar, but Colby, longhorn, jack or any"", ""similar cheese will work.""]","catsup, cheddar, chili oil, corn oil, garlic, grocery store, markets, peppers, phoenician, sweet corn, white onion, will, yellow squash, zucchini",14,www.epicurious.com/recipes/member/views/phoenician-summer-squash-1203166,Gathered
Chicken Wontons With Spicy Asian Broth ,"[""Soup:"", ""750ml (3 cups) Water"", ""1 vegetable stock cube"", ""1 tsp fish sauce"", ""1/2 lemon-grass stem, pale section only, finely chopped"", ""2 fresh kaffir lime leaves, torn"", ""2cm-piece fresh ginger thinly sliced"", ""1/2 Birdseye chillies, sliced"", ""1 garlic cloves, sliced"", ""Stalks and roots from 2 coriander sprigs"", ""Wontons:"", ""250g chicken mince"", ""1 garlic clove, crushed"", ""1 green shallot sliced thinly"", ""finely grated lemon rind from 1/2 lemon"", ""18 wonton wrappers"", ""To finish:"", ""4 asparagus spears, woody ends trimmed, diagonally cut"", ""2 green shallots, ends trimmed, thinly sliced diagonally""]","birdseye chillies, chicken mince, fish sauce, fresh ginger, fresh kaffir lime, garlic, green shallot, green shallots, lemon rind, lemon-grass stem, stalks and roots, vegetable stock cube, wonton wrappers, wontons",14,www.epicurious.com/recipes/member/views/chicken-wontons-with-spicy-asian-broth-50043875,Gathered
Old Fashioned Apple Cake (Gluten-Free And Dairy-Free),"[""1/3 cups coconut flour"", ""4 teaspoons coconut oil, melted"", ""1 teaspoon maple syrup"", ""2 teaspoons coconut sugar"", ""1/3 cups chopped walnuts"", ""6 sweet-tart apples (i.e. - Pink Lady or Honey Crisp)"", ""1 tablespoon cinnamon - cake ingredients"", ""1 1/2 cups oat flour - cake ingredients"", ""3/4 cups almond flour - cake ingredients"", ""1/2 cups millet flour - cake ingredients"", ""1 tablespoon baking powder - cake ingredients"", ""1 teaspoon baking soda - cake ingredients"", ""1/2 teaspoons sea salt - cake ingredients"", ""1 cup applesauce - cake ingredients"", ""3 tablespoons coconut oil, melted - cake ingredients"", ""4 eggs- cake ingredients"", ""1 cup coconut sugar - cake ingredients"", ""2 teaspoons vanilla - cake ingredients""]","baking powder - cake, baking soda - cake, cake ingredients, cinnamon - cake ingredients, coconut flour, coconut oil, coconut sugar, flour - cake ingredients, maple syrup, millet flour, salt, sweet-tart apples, vanilla - cake ingredients, walnuts",14,food52.com/recipes/33104-old-fashioned-apple-cake-gluten-free-and-dairy-free,Gathered
Beef Taquitos,"[""Shredded Beef - make a day (or two) ahead"", ""3 pounds beef stew meat"", ""1/2 large sweet onion - chopped"", ""1/2 teaspoon salt"", ""2 tablespoons Bragg Liquid Aminos (or substitute with soy sauce)"", ""http://bragg.com/products/la.html"", ""Salt, Pepper &amp; Onion powder - to season the shredded meat"", ""Rolling the Beef &amp; Frying the Taquitos"", ""2 packages - 24 count Mission extra thin corn tortillas"", ""Buttery cooking spray"", ""Clean dishtowel"", ""Microwave"", ""Toothpicks"", ""48 fl oz canola oil"", ""Deep fat fryer"", ""Salt""]","ahead, beef stew meat, bragg liquid, canola oil, clean dishtowel, cooking spray, count, fryer, http://bragg.com/products/la.html, microwave, rolling the beef, salt, sweet onion, toothpicks",14,food52.com/recipes/17547-beef-taquitos,Gathered
Spring Blooms,"[""2 bags M&M'S(R) Brand Milk Chocolate Candies for Easter"", ""1 bag SNICKERS(R) Brand Minis for Easter"", ""1 18.25-oz. box yellow cake mix"", ""3/4 cup flour"", ""1 18-oz. roll refrigerated cookie dough"", ""3 16-oz. cans vanilla frosting"", ""1/2 cup chocolate frosting"", ""Yellow, red & blue food colors"", ""Lollipop or craft sticks"", ""Basket weave tip (#48)"", ""Pastry bag"", ""2 8-inch round cake pan(s)"", ""Coookie sheet"", ""Wax paper"", ""2 resealable plastic bags"", ""Printable template""]","bags, cake, chocolate candies, chocolate frosting, colors, coookie sheet, easter, flour, pastry, roll refrigerated cookie dough, template, vanilla frosting, wax paper, yellow cake",14,www.myrecipes.com/recipe/spring-blooms,Gathered
Curried Whole Wheat Pasta Salad,"[""Curried Dressing"", ""2 cups Kraft Poppyseed Dressing"", ""1 cup canned pineapple juice"", ""1/4 cup chopped pickled ginger"", ""2-1/2 Tbsp. curry powder, toasted, divided"", ""Vegetable Pasta Salad"", ""tofu"", ""2-1/2 Tbsp. coriander seed"", ""2-1/2 Tbsp. mustard seed"", ""2 qt. whole wheat medium pasta shells, cooked"", ""1 cup grape tomatoes, halved"", ""1 cup frozen peas, thawed"", ""1 cup cabbage, thinly sliced"", ""8 slices eggplants, cut into 1-inch-thick slices, grilled and coarsely chopped Safeway 1 ea For $1.28 thru 02/09"", ""1 cup cauliflower florets, blanched"", ""1 cup carrots, blanched, coarsely chopped Target 2 lb For $3.00 thru 02/06"", ""1 cup fingerling potatoes, cooked, halved""]","cabbage, carrots, cauliflower, coriander seed, curry powder, dressing, eggplants, fingerling potatoes, frozen peas, grape tomatoes, pickled ginger, pineapple juice, vegetable pasta salad, whole wheat medium pasta shells",14,www.kraftrecipes.com/recipes/curried-whole-wheat-pasta-salad-121859.aspx,Recipes1M
Double Stout,"[""3 gallons water"", ""2 1/2 ounces hops bullion"", ""10 pounds malt extract dark"", ""1 pound black patent malt"", ""2 pounds crystal malt"", ""1/2 pound pearl barley flaked"", ""1/4 pound pearl barley roasted"", ""1 teaspoon asorbic acid"", ""1/2 each licorice root"", ""1/2 teaspoon citric acid"", ""1 teaspoon irish moss"", ""1 1/2 ounces hops golding"", ""2 teaspoons nutritional yeast flakes"", ""3/4 ounce yeast, active dry ale""]","asorbic acid, barley, barley flaked, black patent, citric acid, crystal malt, hops bullion, hops golding, irish moss, licorice root, malt, nutritional yeast, water, yeast",14,recipeland.com/recipe/v/double-stout-34873,Recipes1M
Easy Marinated Veggies,"[""fresh broccoli"", ""fresh cauliflower"", ""fresh whole mushroom"", ""cherry tomatoes"", ""baby dill pickle"", ""pepperoncini pepper"", ""baby carrots"", ""celery"", ""scallion"", ""black olives"", ""green olives"", ""green pepper"", ""red pepper"", ""1 bottle Italian dressing""]","baby carrots, baby dill, black olives, celery, cherry tomatoes, fresh broccoli, fresh cauliflower, green olives, green pepper, italian dressing, mushroom, pepperoncini pepper, red pepper, scallion",14,www.food.com/recipe/easy-marinated-veggies-34209,Recipes1M
Whole Kahlua Pig Roasted In A Sand Enclosed Oven For A Luau,"[""Shovels, as needed"", ""15 cubic feet Lava river rocks (lava rocks are porous) to be pre-heated"", ""1/2 cord wood"", ""6 to 8 sheet metal panels measuring approximately 4 feet square (these will retain the heat without being consumed by the fire)"", ""Metal fire tongs to move rocks, panels, wood"", ""Fire mitts to protect your hands from the heat"", ""Safety goggles and protective gear for your body"", ""A large bunch of ti leaves bound together to be used as a \""brush\"" to remove ash from the rocks"", ""A stretcher constructed with 2 (8-foot long, 2 by 6-inch pieces) lumber to comprise the wood handles, connected by 2 (2 by 6 cross) pieces each 3 to 4-feet in length, and an affixed support platform made of 3/4-inch plywood which is 4 feet long by 3 to 4 feet wide"", ""15 feet of 4 foot high heavy gauge chicken wire temporarily affixed to the platform part of the stretcher to hold the pig closed after adding the rocks to the carcass"", ""14 gauge wire as needed to secure the chicken wire"", ""Wire cutters"", ""1 entire head-on pig carcass, innards removed"", ""Banana \""stumps\"" to place between the pig meat and the hot coals to prevent the flesh from burning"", ""Another large bunch of ti leaves, hard stalks snapped out, to be used like aluminum foil to steam the pig""]","aluminum foil, carcass, cord wood, cutters, feet square, foot high heavy gauge chicken wire, gauge, goggles, lumber, move rocks, river rocks, shovels, stumps",13,www.foodnetwork.com/recipes/whole-kahlua-pig-roasted-in-a-sand-enclosed-oven-for-a-luau-recipe.html,Recipes1M
Taylor's Tips for Kitchen,"[""1 small quart of chalkboard paint"", ""1 foam paint brush"", ""1 roll of green painters tape. The green one works best."", ""1 box of chalk"", ""1 picture frame, any size"", ""1 frame stand"", ""1 black erasable marker"", ""1 clipboard"", ""1 pack of decorative paper"", ""1 foot of decorative ribbon"", ""4 floor protector pads"", ""1 small nail or small hook"", ""1 pack of paper lunch bags"", ""1 bunch of office clips"", ""1 sharpie pen"", ""1 whole puncher""]","black erasable marker, chalk, clipboard, foot of decorative ribbon, frame, hook, pack of decorative paper, pack of paper, paint, protector pads, puncher, roll of green painters tape, sharpie pen",13,cookpad.com/us/recipes/355949-taylors-tips-for-kitchen,Recipes1M
Macaroni Salad For A Crowd,"[""1 lb. cooked elbow macaroni"", ""2 (6 oz.) cans ham"", ""1 (9 3/4 oz.) can tuna, drained"", ""Miracle Whip (1 c. to start)"", ""dill relish to taste"", ""1 onion, chopped"", ""several carrots, diced"", ""2 green peppers, diced"", ""2 1/2 tsp. paprika"", ""2 tsp. lemon pepper"", ""2 tsp. dry mustard"", ""2 Tbsp. sweet basil"", ""1 Tbsp. parsley"", ""1 1/2 tsp. marjoram (oregano may be used, but use less)""]","dill relish, dry mustard, green peppers, ham, lemon pepper, macaroni, marjoram, miracle, onion, paprika, parsley, several carrots, sweet basil, tuna",14,www.cookbooks.com/Recipe-Details.aspx?id=267775,Gathered
Julie'S Curry Powder Mix,"[""1 tablespoon spanish paprika"", ""1 tablespoon ground cumin"", ""2 teaspoons ground fennel"", ""1 tablespoon ground mustard"", ""2 teaspoons ground dried ancho chile powder"", ""1 tablespoon ground coriander"", ""1 tablespoon ground turmeric"", ""1 teaspoon ground cardamom"", ""1 teaspoon vietnamese ground cinnamon or 1 teaspoon regular cinnamon (cassia)"", ""1/2 teaspoon ground cloves"", ""1/8 teaspoon white pepper"", ""1/4 teaspoon ground fenugreek"", ""1/4 teaspoon ground ginger"", ""1/4 teaspoon snipped saffron thread""]","cinnamon, ground cardamom, ground cloves, ground coriander, ground cumin, ground dried ancho chile powder, ground fennel, ground fenugreek, ground ginger, ground mustard, ground turmeric, saffron thread, spanish paprika, white pepper",14,www.food.com/recipe/julies-curry-powder-mix-104344,Gathered
Red Velvet Elf Shake,"[""Decoration"", ""1 ice cream, cone"", ""red candy melts"", ""red sanding sugar"", ""1 marshmallows"", ""green sanding sugar"", ""green taffy candy"", ""1 cream sandwich biscuit"", ""Shake"", ""1/2 cup red velvet cake"", ""2 scoops vanilla ice cream"", ""3/4 cup milk"", ""1 teaspoon cocoa powder"", ""3 drops red food coloring"", ""1/2 cup whipping cream""]","cocoa powder, coloring, cream, cream sandwich biscuit, decoration, green sanding sugar, green taffy, marshmallows, milk, red candy melts, red sanding sugar, red velvet cake, vanilla ice cream, whipping cream",14,www.food.com/recipe/red-velvet-elf-shake-536893,Gathered
Pacific Rim Smoked Lamb Shanks,"[""Lamb and Rub"", ""4 tablespoons asian dark sesame oil"", ""4 (12 -14 ounce) lamb shanks"", ""1 tablespoon coarse salt"", ""1 tablespoon sugar"", ""1 teaspoon Chinese five spice powder"", ""1 teaspoon fresh ground black pepper"", ""Hoisin Barbecue Sauce"", ""1 1/2 cups tomato base barbecue sauce"", ""1/2 cup hoisin sauce"", ""1/4 cup rice wine"", ""2 tablespoons sriracha sauce (or your favorite hot sauce)"", ""Other Ingredients"", ""1 1/2 cups wood chips, soaked for 1 hour in water to cover, then drained (oak is preferred)""]","asian dark sesame oil, coarse salt, fresh ground black pepper, hoisin barbecue sauce, hoisin sauce, ingredients, lamb shanks, rice wine, rub, spice powder, sriracha sauce, sugar, tomato base barbecue sauce, wood chips",14,www.food.com/recipe/pacific-rim-smoked-lamb-shanks-249338,Gathered
Make-Ahead Lemon Bombe,"[""16 ounces angel food cake mix"", ""2 ounces unflavored gelatin (2 envelopes)"", ""1/4 cup cold water"", ""1 cup boiling water"", ""12 ounces frozen orange juice concentrate, thawed"", ""1 cup sugar substitute equivalent to sugar (Splenda recommended)"", ""2 tablespoons lemon juice"", ""1/4 teaspoon grated lemon peel"", ""1/8 teaspoon salt"", ""24 ounces frozen light whipped topping, thawed and divided (3 cartons)"", ""1/2 cup flaked coconut, toasted"", ""mint leaf (optional)"", ""maraschino cherry (optional)"", ""lemon slice (optional)"", ""orange slice (optional)""]","boiling water, cake mix, cold water, flaked coconut, lemon juice, lemon slice, light whipped topping, maraschino cherry, mint leaf, orange juice concentrate, orange slice, salt, sugar substitute, unflavored gelatin",14,www.food.com/recipe/make-ahead-lemon-bombe-401031,Gathered
Pom Sangria ,"[""18 oz. freshly squeezed pomegranate juice* or POM Wonderful(R) 100% Pomegranate Juice"", ""1 750-ml. bottle of dry, fruity Spanish white wine"", ""6 oz. apricot brandy"", ""6 oz. cream sherry"", ""1 oz. simple syrup"", ""1 oz. Prosecco or other sweet sparkling wine"", ""1 lime, sliced into wheels"", ""1 lemon, sliced into wheels"", ""1/2 orange, sliced into wheels"", ""1/2 grapefruit, sliced into wheels"", ""Garnish:"", ""arils from 1 POM Wonderful Pomegranate"", ""red apple wedges"", ""green apple wedges"", ""orange wedges"", ""grapefruit wedges"", ""Cava Spanish Sparkling Brut""]","apricot brandy, cream sherry, freshly squeezed pomegranate juice, grapefruit wedges, green apple wedges, lemon, lime, orange, orange wedges, red apple, simple syrup, spanish sparkling, sparkling wine, wheels",14,www.epicurious.com/recipes/member/views/pom-sangria-50032774,Gathered
Chinese Rojak,"[""5/8 cup pineapple rind removed"", ""3/4 cup yam bean peeled"", ""5/8 cup mangoes green"", ""5/8 cup papaya young"", ""1 cup cucumber"", ""3 1/8 tablespoons bean curd puffs"", ""1 3/4 ounces dough fritters"", ""1 teaspoon ginger plant bud, bunga siantan- shredded"", ""1 cup roasted peanuts ground"", ""1 3/4 ounces bean sprouts scalded"", ""4 tablespoons prawn paste"", ""1 1/2 tablespoons lime juice"", ""1/2 tablespoon lime rind"", ""5 tablespoons sugar"", ""fresh chilies some, ground finely""]","bean curd, cucumber, fresh chilies some, fritters, ginger plant, lime juice, lime rind, mangoes, papaya young, peanuts ground, pineapple rind removed, prawn paste, sugar, yam bean",14,www.yummly.com/recipe/Chinese-Rojak-1651390,Gathered
Pork Cutlet Flavored with Soybean Miso,"[""1/2 teaspoon salt"", ""1 tablespoon sake (rice wine)"", ""1 tablespoon ginger juice (see Notes)"", ""1 pound pork shoulder, cut into twelve 3-by-5-by- 1/4-inch slices"", ""2 tablespoons mamemiso (soybean miso)"", ""2 tablespoons mirin (sweet cooking wine)"", ""15 to 20 shiso, preferably, or basil leaves"", ""2/3 cup all-purpose flour"", ""3 eggs, beaten"", ""2 to 3 cups panko breadcrumbs"", ""Vegetable oil, for frying"", ""Lemon wedges (optional)"", ""Plain cooked white or brown rice (optional)"", ""Tonkatsu sauce (optional; see Notes)""]","all-purpose, breadcrumbs, brown rice, eggs, ginger juice, lemon wedges, mamemiso, mirin, pork shoulder, sake, salt, shiso, tonkatsu sauce, vegetable oil",14,www.cookstr.com/recipes/pork-cutlet-flavored-with-soybean-miso,Recipes1M
Wagyu Two Ways,"[""4 pieces Wagyu, 2-inches long and 1/4-inch thick"", ""2 cups rice"", ""1/2 cinnamon stick"", ""1/2 piece star anise"", ""1 piece dry citrus peel"", ""1 tablespoon oyster sauce"", ""1 tablespoon toban jan"", ""2 tablespoon soy sauce"", ""1 tablespoon fermented sweet rice, strained"", ""1 tablespoon sake/shaoxing wine mix 50/50"", ""Drizzle of sesame oil"", ""1 pinch chicken bouillon"", ""4 ounce filet of Wagyu"", ""Grated fresh wasabi"", ""Soy sauce""]","chicken bouillon, cinnamon, drizzle of sesame oil, filet of wagyu, fresh wasabi, oyster sauce, peel, rice, sake/shaoxing wine, soy sauce, star anise, sweet rice, toban jan, wagyu",14,www.foodnetwork.com/recipes/wagyu-two-ways-recipe.html,Recipes1M
Recipe For Living,"[""1 c. good thoughts"", ""1 c. good works"", ""1 c. consideration for others"", ""2 c. sacrificial love for others"", ""3 c. mercy"", ""1 c. neighborly love"", ""1 c. rose petals for love and unity"", ""1 c. tiny ivy leaves for fidelity"", ""2 c. pansies for loving thoughts"", ""1 c. rosemary for rememberance"", ""1 c. marjoram for health and happiness"", ""1 c. mint leaves for virtue"", ""1 c. coreopsis for cheerfulness"", ""1 c. hydrangea for forgiving and understanding""]","consideration, coreopsis for, fidelity, good works, marjoram for, mercy, mint, neighborly love, others, pansies, petals, rosemary, understanding",13,www.cookbooks.com/Recipe-Details.aspx?id=1069271,Gathered
Tv Snack,"[""1/2 box Corn Chex"", ""1/2 box Rice Chex"", ""1/2 box Wheat Chex"", ""1 box sesame stix crackers"", ""1 box sesame and cheese crackers"", ""1 (10 oz.) box pretzels"", ""1 bag pizza goldfish crackers"", ""1 bag cheese goldfish crackers"", ""1 (12 oz.) can cocktail peanuts"", ""1 (12 oz.) can cashews"", ""1 lb. oleo, melted"", ""2 Tbsp. Worcestershire sauce"", ""1 Tbsp. liquid smoke"", ""2 oz. bottle Tabasco sauce"", ""3 tsp. seasoning salt"", ""2 tsp. onion salt"", ""2 tsp. garlic salt""]","box wheat, cashews, cocktail peanuts, crackers, garlic salt, liquid smoke, oleo, onion salt, pretzels, seasoning salt, sesame stix crackers, tabasco sauce, worcestershire sauce",13,www.cookbooks.com/Recipe-Details.aspx?id=1048714,Gathered
Mix & Match Pudding Pie (Low Fat ! ),"[""2 cups cold skim milk or 2 cups 2% low-fat milk"", ""1 (8 ounce) container fat-free cool whip"", ""Lemon Pudding Pie"", ""1 (8 ounce) jello lemon flavor instant pudding and pie filling"", ""1 (12 ounce) honey maid graham cracker crust"", ""1 cup raspberries"", ""Pistachio Pudding Pie"", ""1 (8 ounce) Jell-O instant pistachio pudding mix"", ""1 (6 ounce) honey maid graham cracker crust"", ""1 cup miniature marshmallow"", ""Vanilla Pudding Pie 1"", ""1 (8 ounce) jello instant vanilla flavor pudding and pie filling"", ""1 (6 ounce) Oreo cookie pie crusts"", ""1/2 cup toasted coconut flakes"", ""Vanilla Pudding Pie 2"", ""1 (8 ounce) jello instant vanilla flavor pudding and pie filling"", ""1 (6 ounce) nilla pie crusts"", ""1 medium banana, sliced""]","banana, cold skim milk, cookie pie crusts, cool whip, honey, lemon pudding pie, marshmallow, nilla pie crusts, pie, raspberries, toasted coconut flakes, vanilla flavor, vanilla pudding pie",13,www.food.com/recipe/mix-match-pudding-pie-low-fat-162092,Gathered
Bouillabaisse Made Easy Recipe,"[""A classic bouillabaisse draws its rich flavor from a stock made from slow-roasted clam, mussel and shrimp shells. To cut preparation time from days to min, I use clam juice to achieve a quick, flavorful stock. You can also use Clamato juice."", ""16 x gulf prawns, peeled, shells saved (16-20 to a lb.)"", ""1/4 c. brandy"", ""1 c. white wine"", ""1/4 c. tomato paste"", ""1/2 gal clam or possibly Clamato juice Zest of 1 orange Healthy pinch of saffron"", ""1/4 c. extra-virgin extra virgin olive oil, plus more for sauteeing"", ""1 x bulb fennel, cored and sliced paper-thin"", ""2 x carrots, peeled and sliced paper-thin Salt and white pepper to taste"", ""1 x yellow onion, sliced into thin rings"", ""1 Tbsp. champagne vinegar"", ""16 x manila clams, rinsed well"", ""24 x mussels, rinsed well"", ""1 lb whitefish, cut into (1-oz) cubes Fennel sprigs to garnish""]","brandy, bulb fennel, carrots, champagne vinegar, clam, extra-virgin extra virgin olive oil, manila clams, mussels, prawns, tomato paste, white wine, whitefish, yellow onion",13,cookeatshare.com/recipes/bouillabaisse-made-easy-89426,Recipes1M
French Market Soup Mix,"[""1 lb. dried navy beans"", ""1 lb. dried pinto beans"", ""1 lb. dried Great Northern beans"", ""1 lb. dried green split peas"", ""1 lb. dried yellow split peas"", ""1 lb. dried black-eyed peas"", ""1 lb. dried lentils"", ""1 lb. dried baby limas"", ""1 lb. dried large limas"", ""1 lb. dried black beans"", ""1 lb. dried red beans"", ""1 lb. dried soybeans"", ""1 lb. barley pearls""]","baby limas, barley pearls, black beans, black-eyed peas, dried great northern beans, dried lentils, dried navy beans, limas, peas, pinto beans, red beans, soybeans",12,www.cookbooks.com/Recipe-Details.aspx?id=970647,Gathered
Mountain Sayings,"[""moonshining"", ""making corn big iron"", ""quite a bit"", ""fulled up"", ""I don't know"", ""really"", ""ice cold"", ""chock full"", ""go fetch it"", ""tote"", ""pite smart"", ""go get it"", ""taters"", ""anyums"", ""au shucks"", ""I dogged if I know"", ""som'ens = some where"", ""holpin = helping""]","anyums, chock full, corn big, holpin, moonshining, pite smart, quite, really, shucks, some where, taters, tote",12,www.cookbooks.com/Recipe-Details.aspx?id=629905,Gathered
"Harvest Soup(Cheap, Healthy And Delicious)  ","[""vegetable oil cooking spray"", ""1 lb. lean ground turkey"", ""1 medium onion, chopped"", ""1 tsp. dry oregano"", ""1 tsp. Italian herb seasoning"", ""3 large firm ripe tomatoes, chopped"", ""3 large carrots, sliced"", ""1 large potato, peeled and diced"", ""6 c. beef broth"", ""1 c. each tomato juice and dry red wine"", ""1 Tbsp. Worcestershire"", ""1/2 c. dry pasta shapes"", ""1 tsp. liquid hot pepper"", ""2 medium zucchini, diced""]","beef broth, carrots, firm ripe tomatoes, italian herb seasoning, lean ground turkey, liquid hot pepper, onion, oregano, pasta shapes, potato, tomato juice, vegetable oil cooking spray, worcestershire, zucchini",14,www.cookbooks.com/Recipe-Details.aspx?id=587421,Gathered
"Very Healthy Oatmeal, Rhubarb, Orange And Ginger Pudding","[""57 g oatmeal or 4 tablespoons oatmeal"", ""1/4 teaspoon vanilla flavoring (preferably artificial)"", ""130 g rhubarb (Cooked, but very firm, roughly 3 Tablespoons) or 4 1/2 ounces rhubarb (Cooked, but very firm, roughly 3 Tablespoons)"", ""2/3 tablespoon orange juice (preferably freshly made, To Taste)"", ""3/4 teaspoon ground ginger (To taste)"", ""5 teaspoons Splenda sugar substitute (To taste) or 5 teaspoons sugar (To taste)"", ""1/2 teaspoon baking soda"", ""3/4 teaspoon cream of tartar"", ""1/2 teaspoon caraway seed (optional, To taste)"", ""10 g nonfat dry milk powder or 1 tablespoon nonfat dry milk powder"", ""1 1/2 110 ml milk (plus 235ml water) or 1/2 cup milk (plus 1 cup water, omitting the dried milk)"", ""12 g marmalade (Chunky Orange) or 1 teaspoon marmalade (Chunky Orange)"", ""1 1/2 teaspoons nonfat yogurt or 1 1/2 teaspoons cream"", ""3/4 tablespoon wheat bran (completely optional, for a chewier, wheatier texture and taste) or 4 1/2 g wheat bran (completely optional, for a chewier, wheatier texture and taste)""]","baking soda, bran, caraway, cream of tartar, ground ginger, marmalade, milk, nonfat dry milk, nonfat yogurt, oatmeal, orange juice, rhubarb, splenda sugar substitute, vanilla flavoring",14,www.food.com/recipe/very-healthy-oatmeal-rhubarb-orange-and-ginger-pudding-122055,Gathered
Jhat Phat Sabzi (Bell Pepper Paneer),"[""1/2 tablespoon ghee or 1/2 tablespoon unsalted butter"", ""1 cup panir, cubed"", ""1 teaspoon ginger-garlic paste"", ""1/2 teaspoon chili paste"", ""1 pinch turmeric powder"", ""1/2 teaspoon red chili powder"", ""1 teaspoon coriander powder"", ""1 tomatoes, de-seeded and quartered"", ""1 yellow bell pepper, diced"", ""1 green bell pepper, diced"", ""1/2 teaspoon kasuri methi (fenugreek leaves)"", ""1 pinch garam masala powder"", ""salt"", ""chopped fresh coriander (to garnish)""]","chili paste, coriander powder, fresh coriander, garam masala, ghee, ginger-garlic, green bell pepper, kasuri methi, panir, red chili powder, salt, tomatoes, turmeric powder, yellow bell pepper",14,www.food.com/recipe/jhat-phat-sabzi-bell-pepper-paneer-482753,Gathered
Italian Chopped Salad,"[""1 head romaine lettuce, leaves left whole"", ""1/4 lb pepperoni, sliced thin"", ""1/4 lb genoa salami, julienned"", ""1/3 cup roasted yellow pepper, drained and sliced into strips"", ""1/3 cup red onion, chopped"", ""1 1/2 cups artichoke hearts, chopped"", ""3 tablespoons red wine vinegar"", ""1/2 cup extra virgin olive oil"", ""1/2 teaspoon salt"", ""1/4 teaspoon freshly cracked black pepper"", ""2 tablespoons grated romano cheese"", ""1/4 cup mixed olive"", ""5 pepperoncini peppers"", ""1/4 cup provolone cheese, cubed""]","extra virgin olive oil, freshly cracked black pepper, genoa salami, hearts, mixed olive, pepperoncini peppers, pepperoni, provolone cheese, red onion, red wine vinegar, romaine lettuce, romano cheese, salt, yellow pepper",14,www.food.com/recipe/italian-chopped-salad-513503,Gathered
Johnny Jalapeno'S Fire Dumpling Soup,"[""Soup"", ""5 cups chicken broth (or stock)"", ""2 tablespoons dried onion flakes"", ""2 tablespoons parsley flakes"", ""1 tablespoon dried celery flakes"", ""1 tablespoon hot sauce (we use habanero sauce)"", ""1/2 teaspoon garlic powder"", ""1 cup cooked chicken, chopped (optional)"", ""dumplings"", ""2 cups Bisquick"", ""2 -3 tablespoons chopped jalapenos"", ""1/4 cup shredded monterey jack cheese (or cheddar) (optional)"", ""1 teaspoon ground sage"", ""1/2 teaspoon cayenne pepper"", ""1/2 - 2/3 cup 2% low-fat milk""]","bisquick, cayenne pepper, celery flakes, chicken, chicken broth, dumplings, garlic powder, ground sage, hot sauce, jalapenos, milk, onion flakes, parsley flakes, shredded monterey jack cheese",14,www.food.com/recipe/johnny-jalapenos-fire-dumpling-soup-384770,Gathered
Vegan Mushroom Satay Skewers,"[""6 portobello mushrooms - cut into 1/2\"" slices"", ""1/4 cup all-natural peanut or almond butter"", ""1 teaspoon fresh grated ginger"", ""2 scallions - finely sliced"", ""2 limes - one juiced, the other cut into wedges for garnish"", ""2 tablespoons coconut amino (or sub low-sodium soy sauce)"", ""2 tablespoons rice wine vinegar"", ""2 teaspoons sambal (or desired chili paste)"", ""3 tablespoons hot water"", ""1/4 cup full-fat coconut milk"", ""1 fresh jalapeno - finely sliced for garnish"", ""1 red chili pepper (like anaheim) - finely sliced for garnish"", ""1 handful fresh cilantro leaves - roughly torn for garnish"", ""1 packet mung bean vermiceli - cooked to package instructions"", ""1 packet bamboo skewers""]","all-natural peanut, bamboo skewers, cilantro, coconut amino, fresh jalapeño -, full-fat coconut milk, ginger, instructions, portobello mushrooms, red chili pepper, rice wine vinegar, sambal, scallions, water",14,food52.com/recipes/59538-vegan-mushroom-satay-skewers,Gathered
Kale And Chickpea Soup With Lemon,"[""1 tablespoon olive oil"", ""2 banana shallots or 1 onion"", ""1 stick celery"", ""2 stalks rosemary"", ""1 bay leaf"", ""1/4 teaspoon chili flakes"", ""1 clove of garlic"", ""1 tin chickpeas (400 grams), drained and rinsed"", ""one 200-gram bag of chopped kale"", ""800 milliliters hot stock (a cube or powder is fine -- I used a combination of Marigold powder and vegetable stock)"", ""Juice of 1/2 a lemon"", ""Salt and pepper to season/taste"", ""Paper-thin lemon slices, for serving"", ""Crusty, toasted bread, for serving"", ""Grated Parmesan, for serving (omit if vegan)""]","banana shallots, bay leaf, celery, chickpeas, chili flakes, clove of garlic, crusty, kale, milliliters, olive oil, paper, parmesan, salt, stalks rosemary",14,food52.com/recipes/25867-kale-and-chickpea-soup-with-lemon,Gathered
Fish Laksa,"[""1/2 pound rice vermicelli"", ""3 pounds fish Whole"", ""1 cup water"", ""2 teaspoons galangal powder"", ""3 stems lemon grass chopped"", ""5 fresh mint sprg"", ""5 fresh basil sprg"", ""8 kaffir lime leaves Dried"", ""4 red chillies Dried, halved"", ""8 red chillies smalls Fresh, halved"", ""8 kaffir lime leaves Dried, extra"", ""3 2/3 cups coconut cream"", ""3 ounces bean sprouts chinese white"", ""2 teaspoons salt"", ""2 teaspoons caster sugar"", ""3 stems lemon grass finely chopped"", ""1/4 teaspoon shrimp paste"", ""1 cup water"", ""3 teaspoons galangal powder"", ""3 chillies smalls Fresh""]","caster sugar, coconut cream, fish, fresh basil sprg, galangal powder, lemon grass, lime, mint sprg, red chillies, red chillies smalls, rice vermicelli, salt, shrimp paste, water",14,www.yummly.com/recipe/Fish-Laksa-1655518,Gathered
Stuffed Baked Apples,"[""2 tablespoons apple juice"", ""1/4 cup dried cherries"", ""1/4 cup golden raisins"", ""1/4 cup chopped dates"", ""2 tablespoons honey"", ""2 almond biscotti cookies"", ""4 Rome apples or other baking apples"", ""2 teaspoons unsalted butter"", ""4 whole cinnamon sticks"", ""Medium bowl"", ""Large spoon"", ""Small seal-able plastic bag"", ""Rolling pin"", ""Paring knife (use with an adult)"", ""Melon-baller"", ""Medium baking dish""]","almond biscotti cookies, apple juice, apples, baking dish, cinnamon sticks, dates, dried cherries, golden raisins, honey, paring knife, rolling pin, seal-able, spoon, unsalted butter",14,www.foodnetwork.com/recipes/stuffed-baked-apples-recipe.html,Recipes1M
White Bean and Skirt Steak Crostini,"[""White Bean Spread"", ""1-1/4 qt. canned great Northern beans, drained, rinsed"", ""- PHILADELPHIA Original Cream Cheese, softened"", ""3/4 cup A.1. Gourmet Sauce, Dijon Roasted Garlic"", ""3/4 cup green onions, chopped"", ""3/4 cup Italian parsley, chopped, divided"", ""Skirt Steak"", ""2-1/2 cups KRAFT Signature Sun Dried Tomato Oregano Dressing, divided"", ""4 each beef skirt steaks (1 lb. each)"", ""Crostini"", ""4 each ciabatta rolls, each cut vertically into 16 slices"", ""3 Tbsp. yellow peppers, brunoise Target 1 pkg For $2.99 thru 02/06"", ""3 Tbsp. tomato concasse"", ""3 Tbsp. fresh chives, chopped""]","beef skirt, canned great northern beans, ciabatta rolls, cream cheese, crostini, fresh chives, gourmet sauce, green onions, italian parsley, oregano dressing, skirt, tomato concasse, white bean spread, yellow peppers",14,www.kraftrecipes.com/recipes/white-bean-skirt-steak-crostini-114948.aspx,Recipes1M
Birthday Party Clown Cupcakes,"[""1 box vanilla cake mix"", ""1 1/4 cups milk"", ""2 (12-ounce) containers vanilla frosting, plus more for extra cupcakes"", ""1/4 to 1/2 cup confectioners' sugar"", ""Red or yellow food coloring"", ""Pastry bag or resealable plastic bags with 1 corner snipped"", ""Small star tip (#13 or similar)"", ""12 red, yellow and or polka dot cupcake liners"", ""12 pieces colored construction paper, cut into small triangular shapes, for flags"", ""Rubber cement"", ""12 extra-long toothpicks"", ""12 sugar cones"", ""Pastry brush"", ""1/4 cup piping gel"", ""Red and yellow sanding sugar"", ""Shoestring licorice"", ""12 small red gumballs"", ""Mini candy covered chocolate candies (recommended: M and M's)"", ""Large multi color nonpareil sprinkles, for extra cupcakes""]","colored construction, containers vanilla frosting, covered chocolate, extra-long toothpicks, milk, multi color nonpareil sprinkles, pastry, pastry brush, piping gel, red gumballs, rubber cement, shoestring licorice, sugar, vanilla cake mix",14,www.foodnetwork.com/recipes/sandra-lee/birthday-party-clown-cupcakes-recipe.html,Recipes1M
Sushi Rice Risotto,"[""1 1/2 cups cooked short-grain white rice"", ""2 1/2 tablespoons sushi vinegar, recipe follows"", ""3 cups Dashi, recipe follows"", ""1 teaspoon light-colored soy sauce"", ""2 eggs, beaten"", ""2 teaspoons grated fresh wasabi (* Chef's Note)"", ""1 tablespoon shredded nori (kizami nori)"", ""3 or 4 sprigs mitsuba leaves, minced, or chopped scallions or chives, for garnish"", ""1/2 cup sake-mash vinegar (akazu), or regular white wine vinegar"", ""1/2 cup rice vinegar"", ""1/2 cup sugar"", ""1/4 cup salt"", ""1 piece dashi kombu, 4 by 6-inches"", ""4 cups filtered spring water"", ""1/2 cup loosely packed bonito flakes""]","bonito flakes, dashi kombu, eggs, filtered spring water, light-colored soy sauce, mitsuba leaves, rice vinegar, sake-mash vinegar, salt, shredded nori, sugar, sushi vinegar, wasabi, white rice",14,www.foodnetwork.com/recipes/sushi-rice-risotto-recipe.html,Recipes1M
Ambrosia,"[""2 c. fresh pineapple, diced"", ""2 c. fresh oranges"", ""2 c. fresh tangerines"", ""2 c. fresh green apples"", ""2 c. fresh yellow apples"", ""2 c. fresh red apples"", ""2 c. fresh green seedless grapes"", ""2 c. red seedless grapes"", ""2 c. chopped black walnuts"", ""2 c. fresh grated coconut"", ""1 large bottle red cherries"", ""1 large bottle green cherries"", ""2 c. sugar or to taste""]","black walnuts, coconut, fresh green apples, fresh green seedless grapes, fresh oranges, fresh pineapple, fresh red apples, fresh yellow apples, green cherries, red cherries, red seedless grapes, sugar, tangerines",13,www.cookbooks.com/Recipe-Details.aspx?id=110683,Gathered
Yummy Dessert The Kids Can Make Themselves!,"[""Dessert Option 1"", ""1/2 cup of sliced mango"", ""1/2 cup peach yogurt"", ""whipped cream (the squirty can type!)"", ""candy sprinkles or chocolate shavings"", ""Dessert Option 2"", ""1 chocolate cupcake (or mini chocolate muffin)"", ""1/2 cup sliced kiwi"", ""1/2 cup wholegrain strawberry yogurt (Onken)"", ""whipped cream (the squirty can type!)"", ""chocolate shavings"", ""Dessert Option 3"", ""1/2 cup tinned peach"", ""1/2 cup fat-free apricot yogurt"", ""whipped cream (the squirty can type!)"", ""candy sprinkles or chocolate shavings"", ""Dessert Option 4"", ""1/2 cup sliced banana"", ""1/2 cup custard"", ""whipped cream (the squirty can type!)"", ""candy sprinkles or chocolate shavings""]","apricot yogurt, banana, chocolate cupcake, chocolate shavings, custard, dessert, mango, peach yogurt, sliced kiwi, sprinkles, tinned peach, whipped cream, wholegrain strawberry yogurt",13,www.food.com/recipe/yummy-dessert-the-kids-can-make-themselves-351933,Gathered
Caramelized Pear Salad With Toasted Walnuts On Mixed Young Greens,"[""For the Salad"", ""4 pears (2 Bosc, 2 Bartlett)"", ""2 tablespoons safflower oil"", ""1 teaspoon cane sugar"", ""1/2 cup brown Chinese vinegar"", ""1 bunch oak leaf lettuce (preferably red)"", ""1 bunch watercress"", ""1 cup torn pieces of baby Swiss chard"", ""1 cup torn pieces of frisee"", ""Vinaigrette (see below)"", ""1 cup coarsely broken walnut pieces, toasted"", ""Crumbled Point Reyes Blue cheese"", ""For the Vinaigrette"", ""pear pan juices"", ""1/4 cup fresh lime juice"", ""1/8 teaspoon wasabi powder"", ""1/3 cup walnut oil"", ""1/3 cup safflower oil"", ""sea salt and freshly ground white pepper to taste""]","bartlett, brown chinese vinegar, cane sugar, chard, leaf lettuce, lime juice, reyes, safflower oil, salt, vinaigrette, walnut oil, wasabi powder, watercress",13,food52.com/recipes/14415-caramelized-pear-salad-with-toasted-walnuts-on-mixed-young-greens,Gathered
All-American Turkey Sub,"[""2 tablespoons nonfat cream cheese"", ""2 tablespoons nonfat mayonnaise"", ""1/4 teaspoon minced chives"", ""1/8 teaspoon onion powder"", ""4 (2-ounce) whole wheat submarine rolls, split"", ""4 curly leaf lettuce leaves"", ""2 tablespoons commercial oil-free Italian dressing"", ""8 ounces thinly-sliced cooked turkey breast"", ""8 (1/4-inch-thick) slices tomato"", ""4 (3/4-ounce) slices low-fat process American cheese"", ""4 thin slices green pepper"", ""4 thin slices sweet red pepper"", ""4 thin slices sweet yellow pepper""]","american cheese, chives, commercial oil, curly leaf, nonfat cream cheese, nonfat mayonnaise, onion powder, thin slices green pepper, thin slices sweet red pepper, thin slices sweet yellow pepper, tomato, turkey breast, whole wheat submarine rolls",13,www.myrecipes.com/recipe/all-american-turkey-sub,Gathered
Pasta Salad,"[""2 cups of dreamfield elbow pasta noodles"", ""1 cup of oikos non-fat plain Greek yogurt or 1 cup fage non-fat plain Greek yogurt"", ""3 tablespoons Miracle Whip, lite"", ""12 ounce hidden valley ranch fiesta dip mix (1/2 of 1 packet, they make other varieties if the Fiesta blend does not appeal to your tastes, also )"", ""12-34 cup fresh broccoli florets, halved and rinsed thoroughly (per your preference)"", ""12 fresh carrots, julienned or 12 thinly sliced carrot"", ""14 cup jarred pimentos, drained and diced"", ""hard-boiled egg, diced"", ""5 -7 slices turkey bacon, cooked over medium heat until crispy, drained, then chopped into small pieces"", ""10 -20 turkey pepperoni, quartered"", ""fresh lime zest"", ""couple teaspoons fresh lime juice"", ""reduced fat sargento pepper jack cheese or reduced fat shredded sharp cheddar cheese""]","couple, egg, fresh broccoli florets, fresh carrots, lime zest, miracle, packet, pasta noodles, pimentos, sargento pepper, turkey bacon, turkey pepperoni, yogurt",13,www.food.com/recipe/pasta-salad-446082,Recipes1M
Blessed And Preserved Children,"[""1 large field"", ""1 dozen children (of course of mixed colors)"", ""6 to 7 puppies and kitten"", ""2 qt. butterflies"", ""several spreading oak trees"", ""bouquets and bouquets of flowers"", ""1 gallon bubbling brook"", ""a pinch of pebbles"", ""1/2 pint sand"", ""a carefully prepared gentle breeze"", ""a deep blue sky"", ""10 to 12 heaping Tbsp. fluffy white clouds"", ""1 c. sunshine"", ""1 whole warm day"", ""an unmeasured amount of giggles and grins""]","blue sky, bouquets, breeze, butterflies, children, field, fluffy white clouds, gallon bubbling brook, giggles, kitten, pebbles, sunshine",12,www.cookbooks.com/Recipe-Details.aspx?id=437548,Gathered
Turkish Circassian Chicken W Walnut Sauce ,"[""Chicken breast, skinless, boneless -- 3 pounds"", ""Water -- 4 cups"", ""Salt -- 2 teaspoons"", ""Olive oil -- 3 tablespoons"", ""Onion, chopped -- 1"", ""Garlic, minced -- 2 cloves"", ""Paprika -- 3 tablespoons"", ""Cayenne pepper -- 1/2 teaspoon"", ""Walnuts -- 3 cups"", ""White bread, crust removed, soaked in water and squeezed dry -- 2-3 slices"", ""Lemon juice -- 1 tablespoon"", ""Salt and pepper -- to taste"", ""Olive oil -- 3 tablespoons"", ""Paprika -- 2 tablespoons"", ""Parsley, chopped -- 2 tablespoons""]","bread, pepper, chicken, garlic, lemon juice, olive oil, onion, paprika, parsley, salt, walnuts, water",12,www.epicurious.com/recipes/member/views/turkish-circassian-chicken-w-walnut-sauce-50150833,Gathered
Fruited Mixed Greens Salad,"[""1 package (5 ounces) spring mix salad greens"", ""2 cups fresh baby spinach"", ""1 cup fresh arugula or additional fresh baby spinach"", ""1 can (11 ounces) mandarin oranges, drained"", ""2/3 cup chopped walnuts"", ""1/2 cup fresh raspberries"", ""1/2 cup canned diced beets"", ""1/2 cup fresh blueberries"", ""1/4 cup sliced radishes"", ""2/3 cup fat-free poppy seed salad dressing"", ""3 tablespoons red raspberry preserves"", ""1 teaspoon white wine vinegar""]","baby spinach, beets, fresh arugula, fresh blueberries, fresh raspberries, mandarin oranges, radishes, red raspberry preserves, salad dressing, spring mix salad greens, walnuts, white wine vinegar",12,www.tasteofhome.com/recipes/fruited-mixed-greens-salad/,Gathered
Crawfish Boil Recipe for 40 to 45 Pounds of Crawfish,"[""2 sticks unsalted butter"", ""1 (4.5 pound) bag Crawfish Crab and Shrimp Boil"", ""5 pounds of #1 red potatoes, cleaned but not peeled"", ""40 to 45 pounds live crawfish, cleaned"", ""24 ears of corn, shucked and cut into halves"", ""A 20-gallon crawfish pot with basket and lid, or equivalent pot used for frying turkeys"", ""A lifting hook to lower the basket into the cooking pot"", ""Propane burner"", ""Heavy duty rubber kitchen gloves to protect against burns and spices"", ""Heavy duty apron"", ""2 large ice chests with drain plug"", ""Exercise extreme care when handling hot liquids and spices.""]","apron, burner, butter, corn, crawfish, crawfish pot, exercise extreme care when handling, lifting hook, live crawfish, plug, red potatoes, rubber kitchen",12,www.foodnetwork.com/recipes/crawfish-boil-recipe-for-40-to-45-pounds-of-crawfish-recipe.html,Recipes1M
Noel Cake,"[""1 (18.25-ounce) box spice cake mix (recommended: Betty Crocker)"", ""2 (19.5-ounce) boxes chocolate cake mix (recommended: Betty Crocker)"", ""or"", ""Store-bought un-iced cakes: 2 (10-inch) chocolate cakes, 2 (8-inch) spices cakes, 2 (6-inch) chocolate cakes, and 1 jumbo chocolate cupcake (top cut off)"", ""4 (16-ounce) containers creamy white frosting (recommended: Betty Crocker)"", ""1 (1-fluid ounce) bottle green food color (recommended: McCormick)"", ""1 cup white chocolate chips"", ""4 drops green food coloring"", ""1 sugar cone"", ""1 (6.4-ounce) can white decorating icing (recommended: Betty Crocker-Easy Flow)"", ""1 package red licorice whips, 6 cut into 6-inch lengths, 6 cut into 8-inch lengths, and 6 cut into 10-inch lengths"", ""1 (6.4-ounce) can yellow decorating icing (recommended: Betty Crocker-Easy Flow)"", ""1 (6.4-ounce) can red decorating icing (recommended: Betty Crocker-Easy Flow)"", ""16 birthday candles""]","cake mix, cakes, candles, chocolate cake, color, containers, red decorating icing, red licorice, sugar cone, white chocolate chips, white decorating icing, yellow decorating icing",12,www.foodnetwork.com/recipes/noel-cake-recipe.html,Recipes1M
Bug spray using essential oils,"[""10 drops of lavander essential oil."", ""20 drops of citronella essential oil."", ""10 drops of lemongrass essential oil"", ""5 drops of cedarwood essential oil"", ""5 drops of eucalyptus essential oil"", ""5 drops of pine essential oil"", ""5 drops of rosemary essential oil"", ""5 drops of patchouli essential oil"", ""5 drops of geranium essential oil"", ""5 drops of tea tree essential oil"", ""1 (4 oz.) dark colored or aluminum spray mist bottle"", ""1 small measuring cup preferably medicine cup"", ""1 transfer pipette dropper"", ""2 oz of purified water"", ""1 oz 70% rubbing alcohol"", ""3/4 oz of grapeseed oil""]","alcohol, dropper, drops of cedarwood essential oil, drops of citronella essential oil, drops of geranium essential oil, drops of pine essential oil, drops of rosemary essential oil, drops of tea tree essential oil, essential oil, grapeseed oil, measuring, water",12,cookpad.com/us/recipes/344727-bug-spray-using-essential-oils,Recipes1M
Cheesy Vegetable Soup (Lactose intollerant friendly),"[""bunch Broccoli Florets"", ""bunch Carrot chips"", ""large handful cauliflower"", ""1 packages snow peas"", ""1 packages Sugar snap peas"", ""1 packages Melissa's Extra Firm Tofu"", ""2 cup Daiya Cheddar cheese shreds (vegan, lactose free)"", ""2 tbsp RealLemon Juice"", ""5 cup Vegetable broth"", ""2 medium Handful Spinach Leaves (Powdered)"", ""large Handful soy flavor bacon bits"", ""2 tbsp EarthBalance vegan butter"", ""2 bags Uncle Bens Natural Whole Grain Boil in Bag Brown Rice""]","broccoli florets, butter, carrot chips, cheddar cheese shreds, grain boil, handful cauliflower, handful soy flavor, handful spinach, reallemon juice, snow peas, sugar snap peas, vegetable broth",12,cookpad.com/us/recipes/358315-cheesy-vegetable-soup-lactose-intollerant-friendly,Recipes1M
The Original Zombie Recipe,"[""3/4 cup crushed ice"", ""1 1/2 ounces aged Jamaican rum, such as Appleton Estate V/X or Extra"", ""1 1/2 ounces gold Puerto Rican rum"", ""1 ounce 151-proof Lemon Hart Demerara rum"", ""3/4 ounce freshly squeezed lime juice"", ""2 teaspoons white grapefruit juice"", ""1 teaspoon Cinnamon Syrup (see What to Buy note)"", ""1 teaspoon Grenadine (see What to Buy note)"", ""1/2 ounce falernum"", ""1/8 teaspoon Pernod"", ""1 dash aromatic bitters, such as angostura"", ""Ice cubes"", ""1 mint sprig, for garnish""]","aged, aromatic bitters, cinnamon syrup, crushed ice, falernum, freshly squeezed lime juice, gold puerto, grenadine, mint, pernod, rum, white grapefruit juice",12,www.chowhound.com/recipes/the-original-zombie-28155,Recipes1M
Pink Foot Bath,"[""1 cup epsom salts"", ""2 cups powdered milk"", ""2 tablespoons instant oats"", ""1 teaspoon strawberry essence"", ""1 teaspoon vanilla essence"", ""a few drops of rose pink food coloring"", ""5 drops of orange pure essential oils"", ""6 drops of peppermint pure essential oils"", ""4 drops of rose pure essential oils"", ""2 tea bags of camomile herbal tea"", ""18 cup glycerin"", ""hot water, as required""]","coloring, drops of orange pure essential oils, drops of peppermint pure essential oils, drops of rose pure essential oils, epsom salts, glycerin, herbal tea, hot water, instant oats, powdered milk, strawberry, vanilla essence",12,www.food.com/recipe/pink-foot-bath-69823,Recipes1M
Happy New Year,"[""12 whole months"", ""1 part patience"", ""1 part work"", ""1 part courage"", ""1 part hope"", ""1 part faithfulness"", ""1 part generosity"", ""1 part kindness"", ""1 part prayer"", ""1 part meditation"", ""1 good deed"", ""dash of good spirits"", ""sprinkle of fun"", ""pinch of play"", ""1 cup of good humor"", ""1 vessel of love"", ""radiant joy"", ""garnish with a smile"", ""quietness"", ""unselfishness"", ""cheer""]","courage, faithfulness, generosity, kindness, meditation, months, patience, prayer, radiant joy, spirits, unselfishness",11,www.cookbooks.com/Recipe-Details.aspx?id=314472,Gathered
Christmas,"[""2 c. snow"", ""1 whole Santa"", ""5 c. presents"", ""9 tsp. raindeer"", ""1 qt. pine tree"", ""lg. ornaments"", ""1 c. blazing stars"", ""2 tsp. colored lights"", ""6 tsp. kids"", ""4 tsp. stockings"", ""10 qt. house"", ""tsp. chimney""]","blazing stars, chimney, colored lights, house, kids, ornaments, pine tree, presents, raindeer, snow, stockings",11,www.cookbooks.com/Recipe-Details.aspx?id=833068,Gathered
Peanut Butter Bars,"[""1 cup null brown sugarnull"", ""3/4 cup null flournull"", ""1/4 cup null wheat germnull"", ""4 teaspoon null cinnamonnull"", ""3/4 teaspoon null baking sodanull"", ""3-1/2 cup null oatsnull"", ""1/3 cup null applesaucenull"", ""3 tablespoon null canola oilnull"", ""1 cup null peanut butternull"", ""1-1/4 cup null cholesterol-free egg productnull"", ""2 ounce null fat-free milknull"", ""4 teaspoon null null"", ""3/4 cup null raisinsnull""]","null, null applesaucenull, null baking sodanull, null brown sugarnull, null cinnamonnull, null flournull, null null, null oatsnull, null peanut butternull, null raisinsnull, null wheat germnull",11,www.kraftrecipes.com/recipes/peanut-butter-bars-58304.aspx,Recipes1M
Six-Bean Casserole,"[""1/2 lb. bulk Italian sausage"", ""1/4 lb. pepperoni slices"", ""1/2 lb. kielbasa, sliced"", ""1/2 c. barbecue sauce"", ""1 can pork and beans"", ""1 can red kidney beans"", ""1 can hot chili beans"", ""1 can white beans, drained"", ""1 can butter beans, drained"", ""1 can lima beans, drained"", ""1 can tomato soup"", ""3 oz. tomato paste"", ""1/2 c. brown sugar"", ""6 slices bacon""]","bacon, barbecue sauce, brown sugar, butter beans, hot chili beans, italian sausage, kielbasa, lima beans, pepperoni slices, pork, red kidney beans, tomato paste, tomato soup, white beans",14,www.cookbooks.com/Recipe-Details.aspx?id=202937,Gathered
Corned Beef And Cabbage Dinner,"[""Beef Ingredients"", ""3 1/2 lbs corned beef brisket"", ""Seasoning Ingredients"", ""1 cup apple cider or 1 cup apple juice"", ""2 teaspoons whole black peppercorns"", ""3 bay leaves"", ""Vegetables Ingredients"", ""10 ounces frozen white pearl onions"", ""4 medium potatoes, peeled, cut into quarters"", ""1 medium rutabaga, peeled, cut into 2-inch chunks"", ""1 small head cabbage, cut into 8 wedges"", ""Mustard Sauce Ingredients"", ""1 cup heavy whipping cream"", ""1/4 cup horseradish"", ""1/4 cup country-style dijon mustard"", ""2 tablespoons balsamic vinegar or 2 tablespoons red wine vinegar""]","apple cider, balsamic vinegar, bay leaves, beef brisket, country-style, head cabbage, heavy whipping cream, horseradish, ingredients, mustard sauce ingredients, onions, potatoes, vegetables, whole black peppercorns",14,www.food.com/recipe/corned-beef-and-cabbage-dinner-292528,Gathered
Tofu Chocolate Ganache,"[""Chocolate Ganache"", ""3/4 cup soymilk"", ""2 ounces soy margarine"", ""3/4 lb non-dairy chocolate chips (tofu chocolate)"", ""Bitter Chocolate Ganache"", ""1 1/2 cups soymilk"", ""1 cup maple syrup"", ""8 ounces bitter chocolate"", ""4 ounces non-dairy chocolate chips (tofu chocolate)"", ""1 tablespoon vanilla extract"", ""Carob Ganache"", ""1/2 cup brown rice syrup"", ""1/4 cup soymilk"", ""1/4 cup sucanat"", ""1 cup unsweetened nondairy carob chips"", ""2 tablespoons soy margarine"", ""1 tablespoon cocoa (optional)"", ""1/2 teaspoon vanilla extract""]","bitter, brown rice syrup, carob chips, carob ganache, chocolate, chocolate chips, chocolate ganache, cocoa, maple syrup, non-dairy chocolate chips, soy margarine, soymilk, vanilla, vanilla extract",14,www.food.com/recipe/tofu-chocolate-ganache-198134,Gathered
Almond Mustard Pork With Pear And Orange Coleslaw,"[""None None Orange Coleslaw"", ""2 None oranges, peeled, segmented, 2 tbsp orange juice reserved"", ""2 None Asian pears, cut lengthwise into thin matchsticks"", ""4 None red radishes, cut lengthwise into thin matchsticks"", ""3 oz finely shredded Chinese cabbage"", ""1/4 cup fresh mint leaves, shredded finely"", ""2 tbsp avocado oil"", ""None None Almond Mustard Pork with Pear and Orange Coleslaw"", ""2/3 cup almond butter"", ""2 tbsp whole grain mustard"", ""2 tbsp honey"", ""2 tbsp peanut oil"", ""1 tsp ground nutmeg"", ""4 (9 oz) pork fillets""]","almond butter, almond mustard, asian pears, avocado oil, chinese cabbage, fresh mint, grain mustard, ground nutmeg, honey, orange coleslaw, oranges, peanut oil, pork fillets, red radishes",14,recipes-plus.com/api/v2.0/recipes/37265,Gathered
8 Layer Beef Casserole ,"[""3 cupsdried medium noodles (6 ounces)"", ""1 poundground beef"", ""2 8-ounce canstomato sauce"", ""1 teaspoondried basil, crushed"", ""1/2 teaspoonsugar"", ""1/2 teaspoongarlic powder"", ""1/4 teaspoonsalt"", ""1/4 teaspoonblack pepper"", ""1 8-ounce cartondairy sour cream"", ""1 8-ounce packagecream cheese, softened"", ""1/2 cupmilk"", ""1/3 cupchopped onion (1 small)"", ""1 10-ounce packagefrozen chopped spinach, cooked and well drained"", ""1 cupshredded cheddar cheese (4 ounces)""]","beef, canstomato sauce, cheddar cheese, cupmilk, noodles, onion, packagecream cheese, sour cream, spinach, teaspoonblack pepper, teaspoondried basil, teaspoongarlic, teaspoonsalt, teaspoonsugar",14,www.epicurious.com/recipes/member/views/8-layer-beef-casserole-51399601,Gathered
Bad Ass Bhindi Masala ,"[""-Okra (1 lb)"", ""-Cumin Seeds (3 pinches)"", ""-Olive oil or Ghee (3 Tbs)"", ""-1 Onion (finely chopped)"", ""-1/2 to 1 Tomato (finely chopped)"", ""-Garlic (2 cloves)"", ""-Ginger (equal volume to garlic)"", ""-Thai chili (1-2)"", ""-Tumeric (1/4 tsp)"", ""-Cumin powder(1/2 tsp)"", ""-Garam Masala (1/2 tsp)"", ""-Coriander powder (1/2 tsp)"", ""-Salt"", ""-Fresh cilantro (chopped)""]","-coriander powder, -cumin, -cumin seeds, -garlic, -ginger, -okra, -olive oil, -salt, -thai chili, -tumeric, cilantro, masala, onion, tomato",14,www.epicurious.com/recipes/member/views/bad-ass-bhindi-masala-50126004,Gathered
"Fried Paneer Cheese And Asparagus With Tamarind, Jaggery And Coconut","[""1 1/2 cups Indian Paneer cheese cut into small squares"", ""1 large tomato, chopped"", ""1 teaspoon paste of ginger and garlic"", ""1 teaspoon brown mustard seeds"", ""1 teaspoon cumin seeds"", ""1 teaspoon fresh red chilli paste (I make mine by rehydrating Kashmiri dried chillis, you can use Mexican chillis too)"", ""1 tablespoon tamarind paste (try to use whole dried tamarind pods, rehydrate in hot water)"", ""1 tablespoon fresh grated coconut, dessicated could do, but won't be as lovely"", ""2 teaspoons grated jaggery, or 1 teaspoon brown sugar"", ""5-6 fresh curry leaves, can use dried if fresh not available"", ""1-2 tablespoons vegetable oil"", ""1 handful of chopped coriander leaves"", ""1 handful of spring onions"", ""2-4 spears of baby asparagus""]","baby asparagus, brown mustard seeds, cumin seeds, curry, fresh red chilli paste, ginger, grated coconut, grated jaggery, handful, handful of spring onions, squares, tamarind paste, tomato, vegetable oil",14,food52.com/recipes/17115-fried-paneer-cheese-and-asparagus-with-tamarind-jaggery-and-coconut,Gathered
Blackberry Peach Quinoa Burgers On Sweet Potato Buns,"[""For the burgers:"", ""1 ripe peach"", ""1 cup blackberries"", ""1/2 cup quinoa"", ""1/2 cup buckwheat flour"", ""1 tablespoon tamari"", ""1 tablespoon tahini"", ""1 tablespoon apple cider vinegar"", ""1 pinch salt &amp; pepper (to taste)"", ""For the buns:"", ""1 1/2 cups gluten-free oat flour"", ""1/2 cup sweet potato puree"", ""1 tablespoon coconut oil"", ""1/4 teaspoon nutmeg"", ""1/2 teaspoon sea salt""]","apple cider vinegar, blackberries, buckwheat flour, buns, burgers, coconut oil, flour, nutmeg, peach, puree, quinoa, salt, tahini, tamari",14,food52.com/recipes/31058-blackberry-peach-quinoa-burgers-on-sweet-potato-buns,Gathered
Asparagus And Chorizo Quiche,"[""1 prebaked 20 cm quiche shell"", ""200g green asparagus, about 6 spears, washed"", ""1 tablespoon olive oil"", ""100g processed mozarella (about 6-7 rounds)"", ""40-50g chorizo, chopped"", ""2 whole eggs"", ""125g bacon bits, fried till cooked, not crisp"", ""2 shallots, finely chopped"", ""1/4 cup fresh milk"", ""1/4 cup single cream"", ""A drop or two of Angostura bitters"", ""125g fresh mozarella, torn into smallish chunks"", ""1 teaspoon dried mixed herbs (I use a combination of oregano, basil, thyme and parsley)"", ""Salt, to taste""]","bacon bits, bitters, chorizo, eggs, fresh milk, fresh mozarella, green asparagus, mixed herbs, mozarella, olive oil, salt, shallots, shell, single cream",14,food52.com/recipes/11703-asparagus-and-chorizo-quiche,Gathered
Peppermint Mocha Frosted Candy Cane Cupcakes,"[""White swirl:"", ""1 box Baker's Corner White Cake Mix, prepared using:"", ""1 1/4 cups water"", ""1/3 cup Carlini Vegetable Oil"", ""3 Goldhen Large Eggs"", ""Red swirl:"", ""1 box Baker's Corner Devil's Food Cake Mix, prepared using:"", ""1 1/3 cups water"", ""1/2 cup Carlini Vegetable Oil"", ""1 ounce red food coloring"", ""3 Goldhen Large Eggs"", ""Frosting:"", ""2 cups Baker's Corner Powdered Sugar"", ""8 ounces Friendly Farms Cream Cheese"", ""3 tablespoons Baker's Corner Baking Cocoa"", ""4 tablespoons strong brewed coffee"", ""1 tablespoon Countryside Creamery Unsalted Butter, softened"", ""1/4 teaspoon Stonemill Essentials Vanilla Extract"", ""6 tablespoons Bob's Candy Canes, ground (about 8 whole candy canes)"", ""1 cup Friendly Farms Heavy Whipping Cream""]","baking cocoa, canes, carlini vegetable oil, coffee, coloring, countryside creamery unsalted butter, friendly farms cream cheese, friendly farms heavy whipping cream, frosting, goldhen, sugar, vegetable oil, water, white swirl",14,www.myrecipes.com/recipe/peppermint-mocha-candy-cupcakes,Gathered
Fruit Skewers With Vin Santo Glaze,"[""Glaze:"", ""1 cup vin santo"", ""1/4 cup sugar"", ""1 (4-inch-long) orange rind strip"", ""1 (2-inch) cinnamon stick"", ""1 tablespoon butter"", ""Skewers:"", ""1 cup cubed, peeled peaches (about 2 medium)"", ""1 cup cubed ripe plums (about 4)"", ""3/4 cup seedless green grapes"", ""3/4 cup pitted sweet cherries"", ""Cooking spray"", ""Cheese:"", ""1 cup part-skim ricotta cheese"", ""2 tablespoons orange blossom honey"", ""1 teaspoon grated orange rind""]","butter, cinnamon stick, cooking spray, cubed ripe plums, green grapes, orange blossom honey, orange rind, orange rind strip, peaches, ricotta cheese, skewers, sugar, sweet cherries, vin santo",14,www.myrecipes.com/recipe/fruit-skewers-with-vin-santo-glaze,Gathered
Krangostura Bitters Recipe,"[""1/2 cup whole cloves"", ""1/4 cup whole black cardamom"", ""3/4 cup blades of mace"", ""2 tablespoons whole allspice berries"", ""1/4 cup cinchona bark (available at Kalustyans and"", "".)"", ""1 heaping teaspoon gentian root (available as chips and twigs from"", "")"", ""2 ounces Indonesian cinnamon (about 16 2\"" long sticks, or 8 full-size)"", ""2/3 cup black raisins"", ""3 tablespoons blackstrap molasses"", ""About 400 milliliters Everclear 190 or highest available proof neutral grain spirit"", ""2 Meyer Lemons and 1 Cara Cara orange, for peels added after two weeks"", ""&nbsp"", ""4 cups water"", ""1 cup muscovado sugar"", ""1 cup water""]","black raisins, blackstrap molasses, blades of mace, cinchona bark, cinnamon, gentian root, lemons, milliliters, muscovado sugar, nbsp, water, whole allspice berries, whole black cardamom, whole cloves",14,www.seriouseats.com/recipes/2011/04/krangostura-bitters-make-your-own-angostura-bitters-recipe.html,Gathered
Perfect Fall Cheese Board,"[""1 chunk honeycomb"", ""purple grapes"", ""figs fresh"", ""Marcona almonds"", ""candied walnuts"", ""Castelvetrano olives"", ""breadsticks"", ""crackers 2 kinds"", ""white cheddar aged"", ""goat cheese rolled it in herbes de Provence"", ""blue cheese low intensity"", ""pomegranate seeds"", ""mimolette cheese"", ""herbes de provence""]","blue cheese, breadsticks, candied walnuts, castelvetrano olives, crackers, fresh, goat cheese, herbes, honeycomb, marcona almonds, mimolette cheese, pomegranate seeds, purple grapes, white cheddar aged",14,www.yummly.com/recipe/Perfect-Fall-Cheese-Board-1384692,Gathered
Oyster Pie Picayune,"[""1 each pie shell (9 inch) (dough)"", ""4 slices bacon crisp fried"", ""1/2 cup shallots chopped"", ""1/2 cup celery chopped"", ""1/2 cup parsley leaves minced"", ""1/4 cup sweet red bell peppers"", ""1 package soup, cream of mushroom mix"", ""1 1/2 pints oysters unwashed"", ""6 1/2 ounces crab meat white, can"", ""2 ounces mushrooms button, jar"", ""1/2 each lemon juice of"", ""1/2 teaspoon salt"", ""1/2 teaspoon seasoning mix"", ""1 dash red hot pepper sauce""]","bacon crisp, celery, crab meat, cream of mushroom mix, lemon juice of, mushrooms button, oysters unwashed, parsley, pie shell, red hot pepper sauce, salt, seasoning mix, shallots, sweet red bell peppers",14,recipeland.com/recipe/v/oyster-pie-picayune-33690,Recipes1M
15-Ingredient Julienned Salad,"[""10 cm Daikon radish"", ""10 cm Carrot"", ""1 Cucumber"", ""1 Burdock root"", ""10 cm Konnyaku"", ""1 bag Boiled soy beans"", ""5 grams Dried hijiki seaweed"", ""2 Chikuwa"", ""5 cm Takuan - Yellow pickled daikon"", ""3 to 4 Imitation crabsticks"", ""100 grams Corn kernels"", ""1 can Canned tuna"", ""2 tbsp Ground white sesame seeds"", ""3 Cherry tomatoes"", ""1/2 pack Daikon radish sprouts"", ""1 Creamy Sesame Dressing""]","carrot, chikuwa, crabsticks, cucumber, ground white sesame seeds, hijiki seaweed, kernels, pack daikon radish, radish, root, sesame dressing, soy beans, tomatoes, tuna",14,cookpad.com/us/recipes/153853-15-ingredient-julienned-salad,Recipes1M
Homemade Frozen Turkey Burgers,"[""2 lb ground turkey"", ""2/3 cup seasoned bread crumbs (Italian style) more or less as preferred"", ""1 beaten egg"", ""1 tbsp dried Italian seasoning blend"", ""1 fresh ground pepper and sea salt (to taste)"", ""1 sweet bell peppers (mix red, orange, yellow...about a 1/4 of each)"", ""1 green onion (spring onion/ scallions)"", ""1/2 small red onion (or any type)"", ""4 clove garlic"", ""1 scotch bonnet or \"" seasoning peppers\"" or other hot pepper seeds removed (optional)"", ""1 burger bun of your preference (I like onion)"", ""1 salad cream or hummus spread"", ""1 slice of nice quality cheese (sharp or aged cheddar)"", ""1 alfalfa sprouts, and thinly sliced: seedless cucumbers, red onion, grape tomatoes, avocado, red, orange, or yellow bell peppers, mushrooms.""]","alfalfa sprouts, bread crumbs, burger, clove garlic, egg, green onion, ground pepper, ground turkey, italian seasoning blend, quality cheese, red onion, salad cream, scotch, sweet bell peppers",14,cookpad.com/us/recipes/480077-homemade-frozen-turkey-burgers,Recipes1M
Mike's 3 Pepper Steamed Bun Soup,"[""2 box 32 oz Beef Broth [with sodium]"", ""2 tbsp Quality Fish Sauce [like Thai Kitchen brand]"", ""2 tbsp Siracha Garlic Chile Sauce"", ""2 tbsp Soy Sauce"", ""6 clove Garlic [smashed whole & chopped]"", ""1/2 cup Fresh Cilantro [+ reserves for serving &/or garnish]"", ""1/2 cup Fresh Chives [chopped at angle + reserves for serving &/or garnish]"", ""1/3 cup Fresh Parsley [chopped]"", ""1/2 cup Fresh Thai Basil [+ reserves for serving & garnish]"", ""1 1/2 cup Oyster Mushrooms [rough chop]"", ""1 1\"" Piece Fresh Ginger [left whole in pot]"", ""1 1\"" Piece Fresh Diakon Radish [left whole in pot]"", ""1/2 tsp Fine Chopped Lemon Grass [or 1 tablespoon fresh]"", ""2 large Fresh Jalapenos [round slice + reserves]"", ""2 large Fresh Habeneros [fine choped]"", ""8 Thai Chilies [stems removed - chilies left whole]"", ""1/4 tsp Chinese 5 Spice"", ""4 Oversized Frozen Beef Steamed Buns [12 oz 4 count]""]","+, ], chilies, cilantro, count], fish sauce [like, fresh chives, fresh thai basil [+, garlic, ginger [left, lemon grass [, mushrooms [rough, radish [left, soy sauce",14,cookpad.com/us/recipes/339548-mikes-3-pepper-steamed-bun-soup,Recipes1M
Fourteen Special Ingredients,"[""6 pieces candied lotus root"", ""3 small pieces sweetened preserved stem ginger, finely chopped"", ""6 pieces candied water chestnuts"", ""6 canned loquats, drained"", ""12 segments canned mandarins, drained"", ""1/2 c. canned lychee juice"", ""1/2 c. canned mandarin juice"", ""1/4 tsp. fresh ginger, grated"", ""6 preserved pitted kumquats"", ""6 pieces winter melon"", ""6 canned lychees, drained"", ""1/2 c. canned loquat juice"", ""1/2 tsp. lemon juice"", ""1 tsp. almond extract""]","almond extract, chestnuts, fresh ginger, ginger, kumquats, lemon juice, loquat juice, loquats, lotus root, lychee juice, mandarin juice, mandarins, winter",13,www.cookbooks.com/Recipe-Details.aspx?id=420746,Gathered
Football Sunday Chili ,"[""2LBS OF GROUND SIRLOIN"", ""[1] - PACKET OF MCCORMICK CHILI SEASONING MIX [ORIG]"", ""[1] - MED. SIZE SWEET ONION"", ""[1] - MED. SIZE GREEN, YELLOW AND RED BELL PEPPERS"", ""[2] - MED SIZE BANANA PEPPERS"", ""[1] - JAR OF CLASSSICO FIRE ROASTED AND GARLIC SAUCE [24OZ] - ONLY USE HALF"", ""[2] - CAN OF RED KIDNEY BEANS [14.5OZ]"", ""[1] - BAG OF FROZEN YELLOW CORN [14.5OZ]"", ""[1] - PACKET OF GREEN ONION"", ""[1] - SOUR CREME"", ""[1] - BAG OF SHARP CHEDDAR CHEESE"", ""[1/4 CUP] - SALT+PEPPER"", ""[1/4 CUP] - CHILI POWDER"", ""[1/4 CUP] - RED PEPPER FLAKES""]","] - chili powder, ] - packet of green onion, ] - packet of mccormick chili seasoning mix [orig], ] - red pepper flakes, ] - sour creme, banana, cheddar cheese, frozen yellow corn, ground sirloin, kidney beans, roasted, size green, size sweet onion",13,www.epicurious.com/recipes/member/views/football-sunday-chili-51526001,Gathered
Foriana Flatbreads,"[""1 cup organic walnut halves"", ""3 whole wheat tortillas"", ""3 tablespoons olive oil"", ""3 medium shallot lobes, peeled and chopped"", ""6 medium garlic cloves, minced"", ""3 tablespoons pine nuts"", ""A pinch (per tortilla) of dried Italian or Greek oregano (You can also use chopped fresh, about a tablespoon all told, if you like.)"", ""Salt"", ""1 tablespoon toasted walnut oil (or olive oil, but the walnut oil is better)"", ""Freshly ground pepper"", ""Ground allspice (a few dashes)"", ""3 tablespoons finely grated Pecorino Romano or Parmigiano Reggiano"", ""6 tablespoon coarsely grated firm cheese such as Manchego or Fontina""]","firm cheese, freshly ground pepper, garlic, ground allspice, olive oil, organic walnut halves, pine nuts, romano, salt, shallot lobes, toasted walnut oil, tortilla, whole wheat tortillas",13,food52.com/recipes/28306-foriana-flatbreads,Gathered
"Mohn Himbeertorte, Austrian Cake With Poppy, Cottage Cheese And Raspberries","[""4 eggs"", ""1/2 cup sugar powder"", ""2/3 cup butter soft"", ""1 tablespoon vanilla sugar"", ""6 2/3 tablespoons wheat flour"", ""9/16 cup hazelnuts powder"", ""5 1/4 ounces ground poppy seeds"", ""1 lemon zest organic"", ""7 sheets gelatin"", ""3 7/8 cups quark cheese 20% fat"", ""15/16 cup icing sugar"", ""2 15/16 cups whipping cream 35% fat minimum plus 2 tablespoons"", ""2 lemons juice and zest"", ""3 sheets gelatin"", ""3 1/2 ounces raspberry puree""]","butter, eggs, gelatin, hazelnuts powder, icing sugar, lemon zest organic, lemons juice, quark cheese, raspberry puree, sugar powder, tablespoons wheat flour, vanilla sugar, whipping cream",13,www.yummly.com/recipe/Mohn-Himbeertorte_-Austrian-Cake-with-Poppy_-Cottage-Cheese-and-Raspberries-781910,Gathered
Cream of Coconut and Mango Soup,"[""3 tbsp. sm. pearl tapioca"", ""2/3 cup water"", ""4 cups fresh coconut milk,"", ""combination regular milk and coconut milk"", ""1/4 cup sugar"", ""2 cardomon pods"", ""1 stalk lemon grass, bruised"", ""3 quarter-size pieces gingeroot, bruised"", ""1 vanilla bean, split"", ""1/2 cup cream of coconut"", ""3 mangos, diced in 1/2-inch pieces"", ""2 tbsp. fresh-squeezed orange juice"", ""2 tbsp. fresh-squeezed lime juice"", ""2 tbsp. sugar"", ""Fresh mint sprigs, for garnish""]","cardomon pods, combination regular milk, cream of coconut, fresh coconut milk, fresh-squeezed lime juice, fresh-squeezed orange juice, lemon grass, mint sprigs, pearl tapioca, quarter, sugar, vanilla bean, water",13,www.foodgeeks.com/recipes/4713,Recipes1M
Hot Rod Dog,"[""1 OSCAR MAYER Beef Frank"", ""1 hot dog bun"", ""1 baby carrot"", ""1 Tbsp. CHEEZ WHIZ Cheese Dip"", ""1 cherry tomato"", ""9 small pretzel sticks"", ""1/2 tomato slice"", ""1 KRAFT Singles Target 2 For $5.00 thru 02/06"", ""2 tsp. HEINZ Tomato Ketchup"", ""2 pimento-stuffed green olives"", ""4 CLAUSSEN Kosher Dill Sandwich Slices"", ""1 RITZ Cracker"", ""2 green onion slices (from white end of onion)"", ""1 black olive slice""]","baby carrot, black olive slice, green olives, green onion, hot dog bun, ritz cracker, sandwich, singles, sticks, tomato, tomato ketchup, tomato slice, whiz cheese",13,www.kraftrecipes.com/recipes/hot-rod-dog-55470.aspx,Recipes1M
Pork Spare Ribs Slow Braised In Medicinal Broth: Suong Non Tiem Thuoc Bac,"[""11 ounces short spare ribs, chopped into bite-size pieces"", ""1/2 teaspoon salt"", ""1 teaspoon dried ginseng*"", ""1 teaspoon dried lotus seeds*"", ""1 teaspoon dried goji berries*"", ""1 teaspoon dried black prune*"", ""1 teaspoon dried lilly petals*"", ""1 teaspoon dried longon*"", ""1 teaspoon dried white vegetable root*"", ""1 teaspoon pearl barley"", ""1 teaspoon dried raisins"", ""Steamed jasmine rice, for serving"", ""*Can be found at specialty Asian and Indian markets and online.""]","black prune, dried ginseng, dried goji berries, dried longon, jasmine rice, lotus seeds, online, pearl barley, petals, raisins, salt, short spare ribs, vegetable root",13,www.foodnetwork.com/recipes/pork-spare-ribs-slow-braised-in-medicinal-broth-suong-non-tiem-thuoc-bac-recipe.html,Recipes1M
Nacho Dog Casserole,"[""2 cups crushed plain Doritos, divided"", ""1 (12 ounce) package rotini pasta"", ""2 teaspoons olive oil"", ""6 fresh jalapenos, chopped"", ""1 red onion, diced"", ""1 lb lean ground beef"", ""1 (10 3/4 ounce) can cheddar cheese soup"", ""34 cup whipped cream cheese"", ""2 teaspoons crushed red pepper flakes"", ""3 tablespoons honey mustard"", ""12 hot dogs, cooked and sliced into round"", ""1 cup diced processed cheese"", ""1 34 cups shredded Mexican blend cheese""]","blend cheese, cheddar cheese soup, doritos, fresh jalapenos, honey mustard, hot dogs, lean ground beef, olive oil, processed cheese, red onion, red pepper, rotini pasta, whipped cream cheese",13,www.food.com/recipe/nacho-dog-casserole-513909,Recipes1M
"Crusty, Whole-Grain Gluten Free Bread ","[""2 3/4 c warm water, divided"", ""2 T molasses (or maple syrup)"", ""2 1/4 t highly active/instant yeast"", ""1/3 c chia seeds"", ""1/3 c raw buckwheat groats"", ""1/3 c whole psyllium husks"", ""2 T extra virgin olive oil, plus more for brushing the loaf"", ""1 1/2 c sorghum flour"", ""1/2 c potato starch"", ""1/2 c cornmeal, plus more for sprinkling"", ""1/2 c super fine brown rice flour"", ""2 t kosher salt""]","brown rice flour, chia seeds, cornmeal, highly active, kosher salt, potato starch, psyllium husks, raw buckwheat groats, sorghum flour, t, t molasses, warm water",12,www.epicurious.com/recipes/member/views/crusty-whole-grain-gluten-free-bread-52805391,Gathered
'Cheese-Less' Pumpkin Cheesecake,"[""Spice blend"", ""2 cardamom pods (just seeds"", ""4 cloves"", ""1/2 teaspoon powdered cinnamon"", ""1/4 teaspoon powdered nutmeg"", ""Pumpkin cheesecake"", ""2 1/2 cups Plain lowfat greek yogurt"", ""1/2 cup Canned pumpkin puree"", ""1 Can condensed milk"", ""1/2 - 3/4 teaspoons spice blend"", ""18-20 saffron threads"", ""8-10 pistachios (optional)"", ""3 - 4 cups scalding hot water""]","cardamom pods, cheesecake, cloves, condensed milk, greek yogurt, pistachios, powdered cinnamon, powdered nutmeg, pumpkin puree, scalding hot water, spice blend, threads",12,food52.com/recipes/25046-cheese-less-pumpkin-cheesecake,Gathered
Fermented Dill Pickles,"[""2/3 cup pickling salt"", ""1/4 head green cabbage, cut into 2-inch pieces"", ""8 cloves garlic"", ""8 fresh grape or black currant leaves, each the size of a silver dollar"", ""12 dried red chile peppers (optional)"", ""4 large heads fresh crown dill (bloomed dill), stems trimmed (or 4 teaspoons dried dill seeds)"", ""30 to 40 Persian or other small cucumbers (about 6 inches long and 1 inch thick)"", ""Four 1-quart canning jars"", ""Canning rack or kitchen towel"", ""Large stockpot"", ""Jar lifter or tongs"", ""Funnel (optional)""]","canning jars, canning rack, cucumbers, currant, dill, funnel, garlic, green cabbage, lifter, pickling salt, red chile peppers, stockpot",12,www.foodnetwork.com/recipes/amy-thielen/fermented-dill-pickles.html,Recipes1M
Tropical Fruit Salad,"[""2 large ripe mangoes,peeled and chopped"", ""2 ripe papayas,peeled and chopped"", ""3 ripe guavas,canned if fresh is not available,halved and scooped into chunks"", ""8 red grapes,preferably seedless,halved"", ""8 white grapes,preferably seedless,halved"", ""1 small pineapple,peeled and cut into chunks"", ""2 bananas,peeled and sliced 1 red apple,peeled and cut into chunks"", ""2 fresh figs,quartered"", ""2 kiwis,peeled and sliced"", ""1 Tbs.confectionerssugar"", ""1/2 cup slivered almonds,toasted"", ""1 cup low-fat fromage blanc or plain low-fat yogurt""]","bananas, fresh figs, guavas, kiwis, low-fat fromage blanc, mangoes, papayas, pineapple, red grapes, slivered almonds, tbs.confectionerssugar, white grapes",12,www.vegetariantimes.com/recipe/tropical-fruit-salad/,Recipes1M
Chef Sam's Award-Winning Seafood Laulau,"[""3 (3-ounce) fresh Mahi Mahi pieces"", ""2 ti leaves, ribs removed or corn husks or banana leaaves"", ""4 ounces dill mayonnaise, recipe follows"", ""3 bay shrimps"", ""3 bay scallops"", ""1 -ounce fresh spinach"", ""1 -ounce shiitake mushroom, julienned"", ""2 ounces vegetable mix, (Sauteed zucchini, bell pepper and onion)"", ""Salt, to taste"", ""Pepper, to taste"", ""4 ounces baby bok choy"", ""2 ounces lomi tomato relish, recipe follows"", ""Soy butter sauce, recipe follows""]","banana leaaves, bay scallops, bay shrimps, butter sauce, choy, dill mayonnaise, fresh spinach, pepper, salt, shiitake mushroom, tomato relish, vegetable mix",12,www.foodnetwork.com/recipes/chef-sams-award-winning-seafood-laulau-recipe.html,Recipes1M
Recipe For A Happy Home,"[""1 c. God"", ""1 c. Jesus"", ""1/2 c. friendship"", ""1 c. thoughtfulness"", ""1 pinch powdered tenderness"", ""1 c. faith"", ""1 c. hope"", ""1 c. love"", ""1 c. charity"", ""1 spoonful gaiety"", ""1 spoonful laughter"", ""1 sprinkle tears"", ""1 good-natured pan"", ""1 large serving spoon""]","charity, faith, friendship, god, jesus, laughter, pan, serving spoon, spoonful gaiety, tenderness, thoughtfulness",11,www.cookbooks.com/Recipe-Details.aspx?id=997158,Gathered
Eight-Treasure Puddings ,"[""2 1/4 cups Chinese or Japanese short-grain sticky (\""sweet\"") rice"", ""1 teaspoon peanut or vegetable oil plus additional for greasing"", ""3 1/2 cups cold water"", ""1/2 cup Chinese rock sugar pieces"", ""1/3 cup dried pitted Chinese jujubes, cut lengthwise into 1/4-inch-thick strips"", ""8 pitted prunes, quartered (1/3 cup)"", ""8 large dried apricots, cut into 1/4-inch-thick strips (1/3 cup)"", ""3 tablespoons dried sour cherries"", ""3 tablespoons diced (1/4 inch) candied orange peel"", ""8 walnut halves"", ""8 teaspoons canned sweet red beans or sweet red-bean paste (from a 14- to 16-oz can)"", ""a 9-inch round cake pan (2 inches deep); 8 (6- to 8-oz) custard cups or heatproof bowls; a 17- by 12- by 2 1/2-inch roasting pan; heavy-duty foil""]","cake pan, candied orange peel, chinese, chinese jujubes, chinese rock sugar, cold water, halves, peanut, prunes, sour cherries, sweet red beans",11,www.epicurious.com/recipes/food/views/eight-treasure-puddings-233815,Gathered
Birthday Train Cake,"[""4 pkg. (10.75 oz. each) frozen pound cake, thawed"", ""4 cups thawed COOL WHIP Whipped Topping, divided"", ""assorted food colorings"", ""Decorations:"", ""16 OREO Cookies"", ""3 rolls ring-shaped hard candies"", ""1 cup fruit-flavored sweetened rice cereal"", ""6 animal crackers"", ""1 ice cream cone"", ""1 JET-PUFFED Marshmallow"", ""1 JET-PUFFED Miniature Marshmallow"", ""24 pieces black licorice (for train track)""]","black licorice, candies, colorings, crackers, cream cone, frozen pound cake, jet-puffed marshmallow, jet-puffed miniature marshmallow, oreo cookies, rice cereal, thawed cool",11,www.kraftrecipes.com/recipes/birthday-train-cake-63740.aspx,Recipes1M
Roasted Preacher,"[""3 c. neglectful church goers"", ""2 c. self-rising hypocrites"", ""1/2 tsp. jealousy"", ""1 c. frozen amens"", ""3/4 Tbsp. whispers"", ""dash of dried up deacons"", ""2 Tbsp. sleepy singers"", ""1 pinch tightwad tithers"", ""dash of sermons"", ""2 Tbsp. twinkle tongues"", ""1 Tbsp. fault finders""]","deacons, fault finders, frozen amens, goers, hypocrites, jealousy, sermons, sleepy singers, tightwad tithers, whispers",10,www.cookbooks.com/Recipe-Details.aspx?id=731283,Gathered
Recipe For Living,"[""1 full c. love"", ""1/4 c. willpower, packed firm"", ""3 oz. determination"", ""a dash of flexibility"", ""1 large head understanding"", ""a few leaves of awareness (fresh, if possible)"", ""1/2 lb. pride, cut into small portions"", ""1 lb. humility"", ""a sprinkling of common sense"", ""a pinch of adventure"", ""1 full can foresight (8 oz.)"", ""a hint of hindsight"", ""a few sprigs of humor, seasoned to taste""]","awareness, common sense, determination, flexibility, foresight, head understanding, hindsight, humility, portions, willpower",10,www.cookbooks.com/Recipe-Details.aspx?id=530514,Gathered
Wpiogfoewrij ,"[""osfmImogen busty brits"", ""Sunbathing lounger"", ""Pre kinder graduation poems"", ""Girl kissing girl taking clothes off"", ""Websites similiar to poptropica but better"", ""Laura loves katrina video"", ""Naked luann comics"", ""Lps games"", ""Penis ejaculating vids"", ""Us cellular wireless towers out""]","busty brits, comics, ejaculating vids, games, graduation, kissing girl taking clothes, loves, sunbathing lounger, us cellular, websites",10,www.epicurious.com/recipes/member/views/wpiogfoewrij-50091787,Gathered
How To Make Cereal Necklaces That Will Last Forever,"[""Ring-shaped cereal"", ""Elastic jewelry cord (we used metallic gold)"", ""Mod Podge (matte or gloss)"", ""Paintbrush"", ""Foil"", ""Ring or puff-shaped cereal"", ""Beading wire"", ""Closure (screw, lobster, toggle, clasp, etc.)"", ""Beading needle"", ""Thick sewing needle"", ""Mod Podge (matte or gloss)"", ""Paintbrush"", ""Foil""]","beading needle, beading wire, cord, foil, lobster, mod, paintbrush, ring, ring-shaped cereal, sewing needle",10,www.myrecipes.com/recipe/how-to-make-cereal-necklaces-that-will-last-forever,Gathered
Sweet And Sour Meatballs,"[""1 envelope onion soup mix"", ""1/2 c. water"", ""2 eggs"", ""2 lb. ground beef"", ""1 (16 oz.) can drained and chopped sauerkraut"", ""1 (8 oz.) can whole cranberry sauce"", ""3/4 c. chili sauce"", ""3/4 c. water"", ""1/3 c. packed brown sugar"", ""hot cooked rice"", ""1 bag basmati rice (2 coffee cups full)"", ""1 bag moong dal (lentil type legumes) (2 coffee cups full)"", ""1 bag mixed spices (cumin, coriander, garam masala, cayenne, curry etc., or spices to taste)"", ""1 bag whole cumin seed"", ""1 bag with some gooey reddish stuff called Achar (sounds like \""the door is ajar\"" only with ch which is mango pickles)""]","basmati rice, brown sugar, chili sauce, cranberry sauce, cumin, eggs, ground beef, mixed spices, moong dal, onion soup, reddish stuff, rice, sauerkraut, water",14,www.cookbooks.com/Recipe-Details.aspx?id=509126,Gathered
Party Mix,"[""1/2 c. smooth peanut butter"", ""1/2 c. butter (1 stick)"", ""1 tsp. salt"", ""1/2 tsp. garlic powder"", ""5 tsp. worcestershire sauce"", ""2 c. rice chex"", ""2 c. wheat chex"", ""2 c. bran chex"", ""2 c. corn chex"", ""2 c. corn bran (Quaker)"", ""4 c. plain Cheerios"", ""2 c. pretzel"", ""4 c. pecan"", ""2 c. seasonal candy""]","bran chex, butter, candy, cheerios, chex, corn bran, corn chex, garlic powder, pecan, pretzel, rice chex, salt, smooth peanut butter, worcestershire sauce",14,www.cookbooks.com/Recipe-Details.aspx?id=94160,Gathered
Green Pawpaw (Papaya) Salad With Seafood,"[""250 g green prawns, peeled and deveined"", ""250 g squid, tubes split, and scraped inside"", ""1 small green pawpaw, peeled, deseeded and grated (you need 1 cup of grated pawpaw, I grate mine in the food processor)"", ""6 shallots, finely sliced (use golden or red shallots)"", ""1 tablespoon lemongrass, crushed and white part finely chopped"", ""1 tablespoon kaffir lime leaf, fresh, centre veins removed, rolled, then very finely sliced"", ""1/4 cup coriander leaves, roughly chopped (cilantro)"", ""1/4 cup mint, leaves only, stems removed and roughly chopped"", ""1/4 cup salad dressing (see recipe for Hot and Sour Dressing below)"", ""2 tablespoons peanuts, roasted in a dry pan then crushed"", ""2 tablespoons crispy shallots (buy these in a jar from an Asian food store)"", ""Hot and Sour Dressing"", ""3 small red chilies, deseeded (use 4 if you want it hotter)"", ""8 garlic cloves, chopped finely"", ""8 tablespoons lime juice, fresh"", ""4 teaspoons palm sugar (or to taste)"", ""3 -4 tablespoons fish sauce (to taste, you want a balance of hot, sour, sweet and salty so adjust ingredients as required)""]","coriander leaves, crispy shallots, garlic, green pawpaw, green prawns, lime juice, lime leaf, mint, palm sugar, peanuts, red chilies, salad dressing, shallots, sour dressing",14,www.food.com/recipe/green-pawpaw-papaya-salad-with-seafood-370692,Gathered
Johnny Jalapeno'S Tijuana Ice Cream (With Variations),"[""Classic ice cream"", ""1 (15 ounce) can fruit cocktail, drained well (I use Libby's cherry cherry cherry in light syrup)"", ""1 -2 jalapeno, seeded and diced small"", ""2 tablespoons tequila"", ""1 1/2 cups heavy cream"", ""1/2 cup Splenda sugar substitute (or sugar)"", ""1 teaspoon vanilla extract"", ""Custard style"", ""2 egg yolks (and classic ingredients)"", ""Fried ice cream Burritos"", ""ice cream (from this recipe)"", ""cinnamon sugar"", ""1 small flour tortilla"", ""ice cream balls"", ""ice cream (from this recipe)"", ""cinnamon sugar"", ""frosted flakes, crushed well (or your favorite, crushed if needed)""]","cinnamon sugar, classic ice cream, cream, cream burritos, custard style, egg yolks, flour tortilla, frosted flakes, fruit cocktail, heavy cream, jalapeno, splenda sugar substitute, tequila, vanilla",14,www.food.com/recipe/johnny-jalapenos-tijuana-ice-cream-with-variations-462498,Gathered
Bittersweet Chocolate Silk Pie,"[""Pie Dough"", ""1 1/4 cups flour"", ""1/4 teaspoon salt"", ""5 tablespoons cold unsalted butter"", ""3 tablespoons cold shortening"", ""4 -6 tablespoons ice water"", ""Bittersweet Chocolate Filling"", ""1/2 cup heavy cream"", ""1/2 cup granulated sugar"", ""8 ounces bittersweet chocolate, finely chopped"", ""1/2 cup unsalted butter"", ""1 (8 ounce) container Egg Beaters egg substitute"", ""TOPPINGS"", ""1 pint heavy cream"", ""3 tablespoons granulated sugar"", ""chocolate curls, for garnish, if desired""]","bittersweet chocolate, bittersweet chocolate filling, chocolate curls, cold shortening, cold unsalted butter, egg beaters, flour, granulated sugar, heavy cream, pie dough, salt, tablespoons ice water, toppings, unsalted butter",14,www.food.com/recipe/bittersweet-chocolate-silk-pie-10879,Gathered
Mediterranean Lamb Burgers,"[""8 oz ground lamb"", ""1 None egg white"", ""1/2 cup stale whole wheat breadcrumbs"", ""2 tsp chopped fresh rosemary"", ""2 tsp chopped fresh mint leaves"", ""1 tsp finely grated lemon peel"", ""1/2 clove garlic, halved"", ""2 tsp tomato paste"", ""1 cup mixed salad leaves"", ""1 None tomato, thinly sliced"", ""1/2 None red onion, thinly sliced"", ""2 None whole wheat bread rolls, split"", ""None None FOR THE YOGURT SAUCE"", ""1/3 cup low fat plain yogurt"", ""1/2 clove garlic, crushed"", ""1 tbsp finely chopped fresh mint leaves"", ""1/2 None mini cucumber, seeded and finely chopped""]","clove garlic, cucumber, egg white, fresh rosemary, ground lamb, lemon peel, mint leaves, mixed salad leaves, red onion, tomato, whole wheat bread rolls, whole wheat breadcrumbs, yogurt, yogurt sauce",14,recipes-plus.com/api/v2.0/recipes/35820,Gathered
Salmon Fish Delight ,"[""Ingredients:"", ""salmon fish - 6 pieces"", ""eggs -2"", ""five spice powder -1/2 tsp"", ""ginger garlic paste -1tsp"", ""salt - to taste"", ""light soya souce - 1 tsp"", ""rice veniger - 1/2 tsp"", ""corn flour - 1 tsp"", ""vegetable oil/butter- 5 tblsp"", ""for garnishing:"", ""lemon juice - few drops"", ""chopped green onions and"", ""chopped cucumber for garnishing""]","corn flour, cucumber for, eggs, five spice powder, garnishing, ginger garlic, green onions, ingredients, lemon juice, light soya souce, rice veniger, salmon fish, salt, vegetable oil/",14,www.epicurious.com/recipes/member/views/salmon-fish-delight-1231464,Gathered
Billy'S Pork Chops And Spaghetti ,"[""o 1 large can crushed San Marzano tomatoes"", ""o Fresh basil leaves (6)"", ""o Garlic cloves (6)"", ""o Yellow onion (2)"", ""o Olive oil"", ""o Thick-cut pork chops (4)"", ""o Large red bell pepper"", ""o Large green mild peppers (2)"", ""o 1-2 hot red peppers"", ""o Fennel seed (1 -2 tsp)"", ""o Tomato paste (small can)"", ""o White wine (1 cup)"", ""o Chicken stock (1/2 cup)"", ""o Parmagian cheese""]","basil, chicken, green mild peppers, hot red peppers, o fennel, o garlic, o olive oil, o white wine, o yellow onion, parmagian cheese, pork chops, red bell pepper, tomato paste, tomatoes",14,www.epicurious.com/recipes/member/views/billys-pork-chops-and-spaghetti-52943331,Gathered
Italian Turkey Meatloaf ,"[""2 lbs. naturally-raised dark meat ground turkey"", ""6 ounces crimini mushrooms"", ""1 cup fresh basil leaves"", ""1/2 cup sun-dried tomato halves"", ""2 cups panko crumbs"", ""1/2 cup fresh italian parsley leaves"", ""1/2 medium sweet white onion"", ""2 tsp dried oregano"", ""1 tsp dried thyme"", ""1-1/4 cups coarsely grated or chopped smoked gouda or smoked mozzarella"", ""2 lightly beaten large eggs"", ""2/3 cup Trader Joe's Garden Patch vegetable juice or other tomato juice"", ""S&P to taste"", ""3 tbsp organic ketchup""]","crimini mushrooms, eggs, fresh basil, fresh italian parsley leaves, gouda, ketchup, oregano, panko crumbs, s&p, sweet white onion, thyme, tomato halves, turkey, vegetable juice",14,www.epicurious.com/recipes/member/views/italian-turkey-meatloaf-50030209,Gathered
Louis Chilli ,"[""500g Beef Mince"", ""1 onion finely chopped"", ""2 fresh whole Jalapeno chillies - more if you like it hotter!"", ""2 fresh whole habanero or scotch bonnet chili"", ""4 teaspoons Cumin Powder"", ""2 teaspoon smoky paprika"", ""2 teaspoon hot chilli powder"", ""2 tin chopped tomatoes"", ""1 tin Kidney Beans."", ""4 tablespoons tomato puree"", ""6 cloves of garlic crushed"", ""Bunch of fresh coriander"", ""2 glass red wine"", ""200g soured cream"", ""Salt and Black Pepper""]","cumin powder, fresh coriander, garlic, glass red wine, hot chilli, hotter, kidney, onion, salt, scotch bonnet chili, smoky paprika, soured cream, tomato puree, tomatoes",14,www.epicurious.com/recipes/member/views/louis-chilli-50089809,Gathered
White Truffle Grilled Cheese,"[""White Truffle Grilled Cheese"", ""6 ounces Baby bella mushrooms, cleaned and sliced"", ""2 ounces oyster mushrooms, chopped into bite size pieces"", ""1 tablespoon butter"", ""1 cup fresh coarsely shredded Fontina cheese"", ""1/3 cup fresh coarsely shredded Parmesan cheese"", ""2 tablespoons chopped fresh Italian parsley"", ""4 slices crusty whole grain bread"", ""1 tablespoon white truffle oil"", ""sea salt"", ""Simple Arugula Salad"", ""Juice of 1/2 a lemon"", ""1/4 cup extra virgin olive oil"", ""1/4 teaspoon sea salt"", ""1/4 teaspoon fresh ground pepper"", ""2 large handfuls of arugula""]","arugula, bella mushrooms, butter, crusty, extra virgin olive oil, fresh coarsely shredded, fresh coarsely shredded parmesan cheese, fresh ground pepper, fresh italian parsley, mushrooms, salt, simple arugula, truffle oil, white truffle",14,food52.com/recipes/8513-white-truffle-grilled-cheese,Gathered
Making An Heirloom Tomato Salad Come Even More Alive...,"[""Sapa Sumac Dressing"", ""1 tablespoon sapa"", ""3 tablespoons cold pressed extra virgin olive oil (with peppery finish like Middle Earth Organics)"", ""2 teaspoons acacia honey"", ""1/2 teaspoon dijon mustard"", ""1 teaspoon ground sumac"", ""1 tablespoon champagne vinegar"", ""1/2 teaspoon fresh lemon zest"", ""1/4 teaspoon kosher or sea salt"", ""Heirloom Tomato Salad"", ""4-8 select beautifully colored heirloom tomatoes, sliced (more tomatoes if you use small heirloom varieties)"", ""2 tablespoons mix of chopped dill, parsley, and basil (chiffonade)"", ""1 ounce toasted almonds or pinion pine nuts"", ""2 ounces fresh chevre, crumpled""]","acacia honey, almonds, champagne vinegar, cold pressed, dijon mustard, dill, dressing, fresh chevre, ground sumac, kosher, lemon zest, sapa, tomato salad, tomatoes",14,food52.com/recipes/6013-making-an-heirloom-tomato-salad-come-even-more-alive,Gathered
"The Mango, The Pineapple, The Rum, And The Rain","[""For the Mango Puree"", ""the juice of 1/2 lime"", ""1 shy cups water"", ""1/2 cup sugar - vanilla sugar if possible"", ""1 \""just\"" ripe mango (not too ripe), sliced"", ""zest of one lime - use half of the zest for the syrup"", ""For the Grilled Pineapple, the Yogurt Filling, and Assembly"", ""2 round slices of a ripe golden pineapple, uncored"", ""3 tablespoons good dark rum - you know my preference!"", ""4 ounces Vanilla yogurt - I like Liberte"", ""4 ounces mascarpone cheese"", ""reserved syrup"", ""mango puree"", ""the rest of the lime zest"", ""4 glass 2.5 ounce dessert bowls - egg coddlers if possible. The beauty of the dessert is the side view! You can also use martini glasses.""]","golden pineapple, just, know, lime, lime zest, mango, mango puree, mascarpone cheese, pineapple, reserved syrup, sugar - vanilla sugar, vanilla yogurt, water, zest of one lime",14,food52.com/recipes/17337-the-mango-the-pineapple-the-rum-and-the-rain,Gathered
Beef Medallions With Madeira Mushroom Sauce And Haricot Verts,"[""For the haricot certs"", ""2 fistfuls of haricots verts, trimmed"", ""1 gallon water"", ""1/4 cup kosher salt"", ""1 tablespoon unsalted butter, melted"", ""Kosher salt and freshly ground black pepper"", ""For the medallions in madeira sauce"", ""6 two-ounce beef tenderloin medallions, or 4 four ounce, whatever you feel comfortable cooking to medium rare"", ""1 1/2 cups shiitake, portabella, and oyster mushrooms, stems removed from the shiitakes and all of them cleaned and sliced thinly"", ""2 teaspoons fresh garlic, minced"", ""Canola oil"", ""Unsalted butter"", ""1/3 cup Madeira"", ""1/2 cup homemade beef stock or low sodium store bought broth"", ""2 teaspoons beurre manie, equal parts flour and unsalted butter creamed together then chilled"", ""1 tablespoon flat leaf parsley"", ""Kosher salt and fresh ground black pepper""]","beef tenderloin, beurre manie, butter, canola oil, fistfuls of haricots verts, flat leaf parsley, fresh garlic, gallon water, homemade beef stock, kosher salt, madeira, medallions, shiitake, unsalted butter",14,food52.com/recipes/26592-beef-medallions-with-madeira-mushroom-sauce-and-haricot-verts,Gathered
Skittles Rainbow Cake,"[""2 (16.25-oz.) boxes white cake mix"", ""2 cups water"", ""1 cup vegetable oil"", ""6 large eggs"", ""1 tablespoon strawberry gelatin dessert powder (such as Jell-O)"", ""1 tablespoon lemon gelatin dessert powder (such as Jell-O)"", ""1 tablespoon orange gelatin dessert powder (such as Jell-O)"", ""1 tablespoon lime gelatin dessert powder (such as Jell-O)"", ""1 tablespoon grape gelatin dessert powder (such as Jell-O)"", ""Red, yellow, orange, green, purple food coloring"", ""2 cups (16 oz.) unsalted butter, softened"", ""2 (16-oz.) pkg. powdered sugar (about 7 cups)"", ""Red, yellow, orange, green, purple food coloring"", ""2 cups Skittles candy"", ""Blue food coloring"", ""3 jumbo marshmallows, halved""]","eggs, food coloring, grape gelatin dessert powder, jumbo marshmallows, lemon gelatin dessert powder, lime gelatin dessert powder, orange gelatin dessert powder, powdered sugar, skittles, strawberry gelatin dessert powder, unsalted butter, vegetable oil, water, white cake",14,www.myrecipes.com/recipe/skittles-rainbow-cake,Gathered
Flora Celebration Sandwich,"[""2 slices bread 10-grain, 100g"", ""3/4 tablespoon Flora Original Original"", ""3 7/8 tablespoons liver pate guinea fowl, or readymade game pate"", ""1 15/16 ounces venison roast juniper-crusted, or cooked roast beef"", ""2 15/16 tablespoons relish beetroot"", ""2/3 tablespoon pea shoots or micro greens or salad leaves"", ""9/16 pound beetroot uncooked red"", ""3 3/8 tablespoons apple juice Sandringham Estate"", ""3 3/8 tablespoons vinegar white balsamic"", ""1 tablespoon honey"", ""1 11/16 tablespoons gin"", ""1 11/16 tablespoons dubonnet"", ""pepper"", ""1 breast cooked guinea fowl, or chicken skin removed, 110g"", ""1 3/8 tablespoons Flora Original Original, melted and with fresh thyme leaves infused"", ""1 3/8 tablespoons sour cream"", ""2 3/8 tablespoons stilton cheese optional"", ""pepper""]","apple juice sandringham estate, bread, dubonnet, gin, honey, pate guinea fowl, pepper, relish beetroot, shoots, sour cream, stilton cheese, thyme, venison roast juniper, vinegar white balsamic",14,www.yummly.com/recipe/Flora-Celebration-Sandwich-378889,Gathered
Lemon Chicken with Croutons,"[""4 oz. long loaf Italian bread"", ""1/2 medium head chicory"", ""1 medium head radicchio"", ""1 medium head Belgian endive"", ""light corn-oil spread"", ""1 clove garlic"", ""4 small skinless, boneless chicken-breast halves"", ""1/4 tsp. salt"", ""1 tbsp. lemon juice"", ""1 tsp. all-purpose flour"", ""1/2 tsp. chicken-flavor instant bouillon"", ""1/4 tsp. sugar"", ""2 tbsp. drained capers"", ""1/4 c. bottled fat-free Italian salad dressing""]","all-purpose flour, capers, chicken-flavor, clove garlic, endive, head chicory, head radicchio, italian salad dressing, lemon juice, light corn-oil, long loaf italian bread, salt, skinless, sugar",14,www.delish.com/recipefinder/lemon-chicken-croutons-939,Recipes1M
PHILLY Mini-Cheesecake Cones,"[""Cheesecake"", ""3 cups graham cracker crumbs"", ""1/2 cup sugar"", ""7/8 cup unsalted butter, melted"", ""2 tubs PHILADELPHIA Cheesecake Batter, slacked for 1 hour"", ""100 each mini ice cream cones"", ""Toppings"", ""1/2 cup hard-shell chocolate ice cream topping"", ""1/2 cup hard-shell caramel ice cream topping"", ""1/2 cup hard-shell vanilla ice cream topping"", ""Garnishes"", ""1/4 cup multi-colored sprinkles"", ""1/4 cup chocolate sprinkles"", ""2 Tbsp. multi-colored nonpareils"", ""1/4 cup sliced almonds, toasted"", ""2 Tbsp. candied orange zest strips""]","almonds, candied orange zest strips, chocolate sprinkles, graham cracker crumbs, hard-shell caramel ice cream topping, hard-shell chocolate ice cream topping, hard-shell vanilla ice cream topping, mini ice cream, multi-colored nonpareils, multi-colored sprinkles, sugar, toppings, tubs philadelphia, unsalted butter",14,www.kraftrecipes.com/recipes/philly-mini-cheesecake-cones-144734.aspx,Recipes1M
Muffaletta with Olive Tapenade,"[""One 10-inch round loaf Italian bread"", ""1 cup mixed pitted olives, roughly chopped"", ""1/4 cup olive oil"", ""1/2 cup pickled vegetables, such as giardiniera, chopped"", ""1/4 cup chopped roasted red peppers"", ""2 tablespoons chopped parsley"", ""2 tablespoons red wine vinegar"", ""2 cloves garlic, minced"", ""1 teaspoon Italian seasoning"", ""1/2 pound salami, deli sliced"", ""1/2 pound provolone, deli sliced"", ""1/2 pound capicola, deli sliced"", ""1/2 pound smoked mozzarella, deli sliced"", ""1/2 pound mortadella, deli sliced""]","deli, garlic, italian bread, italian seasoning, mixed pitted olives, mortadella, mozzarella, olive oil, parsley, pickled vegetables, provolone, red peppers, red wine vinegar, salami",14,www.foodnetwork.com/recipes/damaris-phillips/muffaletta-with-olive-tapenade.html,Recipes1M
French Genoise for Petits Fours,"[""6 lg. eggs"", ""1 cup sugar"", ""1 cup sifted flour (1 1/2 cups for petite fours)"", ""1/2 cup sweet butter, melted and clarified"", ""1 tsp. vanilla"", ""1 cup apricot jam, raspberry jam"", ""butter cream"", ""1 cup apricot glaze"", ""3 cups fondant"", ""mock fondant"", ""2 tsp. vanilla"", ""any liqueur"", ""1 tbsp. strong coffee"", ""2 oz. unsweetened chocolate, melted"", ""1 cup sieved apricot jam"", ""1 to 4 tbsp. cognac, kirsch, applejack,"", ""any liqueur (optional).""]","apricot, apricot glaze, butter cream, coffee, cognac, eggs, flour, fondant, liqueur, mock fondant, sugar, sweet butter, unsweetened chocolate, vanilla",14,www.foodgeeks.com/recipes/20303,Recipes1M
Barrah Kebab Recipe,"[""6 x Lamb chump or possibly shoulder chops, total weight 2.2lbs"", ""3 ounce Natural lowfat yoghurt"", ""2 Tbsp. Light malt vinegar"", ""1 Tbsp. Ginger paste"", ""1 Tbsp. Garlic paste"", ""1/2 tsp Crushed dry chillies, up to 1"", ""2 ounce Onion, minced"", ""2 tsp Balti garam masala"", ""1 tsp Tandoori masala"", ""2 Tbsp. Fresh mint leaves or possibly 1tsp dry mint"", ""1/2 ounce Minced fresh coriander leaves, including the tender stalks"", ""1 tsp Salt to taste"", ""3 Tbsp. Sunflower, corn or possibly vegetable oil"", ""1/2 tsp Tandoori chat masala Onion rings Lemon wedges Lettuce Cucumber""]","balti garam masala, chat masala, chump, dry chillies, fresh coriander leaves, garlic, ginger paste, malt vinegar, masala, mint, onion, salt, sunflower, yoghurt",14,cookeatshare.com/recipes/barrah-kebab-79141,Recipes1M
Grilled Nicoise Seafood Salad,"[""3 tablespoons red wine vinegar"", ""1 tablespoon Dijon mustard"", ""1 12 teaspoons anchovy paste"", ""12 cup virgin olive oil"", ""1 large summer squash, cut into 1/4 inch slices"", ""1 (1 lb) tuna steak, 1 inch thick,cut into 4 pieces"", ""8 jumbo shrimp, shelled,deviened and halved lengthwise"", ""12 large sea scallops"", ""12 lb green beans, cut in half if large"", ""12 lb yellow wax bean, cut in half if large"", ""1 orange bell peppers or 1 red bell pepper, slivered"", ""1 pint cherry tomatoes, halved"", ""1 12 cups drained nicoise olives"", ""1 head red leaf lettuce""]","anchovy, cherry tomatoes, green beans, jumbo shrimp, mustard, nicoise olives, orange bell peppers, red leaf, red wine vinegar, scallops, summer, tuna, virgin olive oil, yellow wax bean",14,www.food.com/recipe/grilled-nicoise-seafood-salad-34170,Recipes1M
Southern Cornbread Dressing (Stuffing),"[""1 lb turkey sausage, cooked"", ""1 cup golden bell pepper, diced"", ""2 stalks celery, diced"", ""1 yellow onion, diced"", ""1 (8 ounce) packageready made cornbread mix"", ""1 12 cups oyster crackers"", ""1 (14 ounce) can cream of celery soup"", ""3 tablespoons fresh sage"", ""2 tablespoons poultry seasoning"", ""1 tablespoon nu salt substitute"", ""pepper"", ""1 small carrot, shredded"", ""1 cup chicken or 1 cup turkey stock"", ""14 cup butter""]","butter, carrot, chicken, cornbread mix, cream of celery soup, fresh sage, golden bell pepper, oyster crackers, pepper, poultry seasoning, salt substitute, stalks celery, turkey sausage, yellow onion",14,www.food.com/recipe/southern-cornbread-dressing-stuffing-393342,Recipes1M
Dan Dan Noodles,"[""1 serving Chinese noodles"", ""80 grams Meat-miso"", ""2 Bok choy"", ""1 Ra-yu"", ""1 Japanese leek (finely shredded)"", ""1 pinch Chili threads"", ""1/2 tsp XO sauce"", ""1 tbsp Japanese leek (minced)"", ""1 tsp Zha cai (minced)"", ""1 tsp Japanese leek oil"", ""1 tsp Vinegar"", ""1 tbsp Soy sauce"", ""2 1/2 tbsp Zhi ma jiang"", ""1 tbsp Ra-yu"", ""300 ml Chicken stock"", ""250 grams Ground pork"", ""1 tbsp Shaoxing wine"", ""1 tbsp Soy sauce"", ""2 tbsp Tianmianjiang""]","bok choy, chicken, ground pork, japanese, miso, oil, serving chinese noodles, shaoxing wine, soy sauce, tianmianjiang, vinegar, xo sauce, zha cai, zhi",14,cookpad.com/us/recipes/157457-dan-dan-noodles,Recipes1M
Prudent Sour Cream,"[""3 Tbsp. milk or buttermilk"", ""2 Tbsp. lemon juice"", ""1 c. cottage cheese (lo-cal)"", ""eucalyptus leaves"", ""dried rose petals"", ""dried rose leaves"", ""dried yellow statice"", ""10 to 20 drops rose refresher oil"", ""dried cockscomb"", ""freeze dried roses"", ""freeze dried pansies"", ""3 tsp. orrisroot per qt. mixture"", ""2 to 3 tonka beans""]","cockscomb, cottage cheese, eucalyptus leaves, lemon juice, milk, orrisroot per, pansies, petals, refresher oil, rose leaves, roses, tonka beans, yellow statice",13,www.cookbooks.com/Recipe-Details.aspx?id=213653,Gathered
Applebee'S Aztec Chicken Salad,"[""3/4 lb fresh boneless skinless chicken breast"", ""chipotle chili dry rub seasonings, from specialty store to taste"", ""1 ounce vegetable oil"", ""1 lb chopped salad greens, washed (romaine, Iceberg, Etc)"", ""2 ounces red bell peppers, cut 1/4-inch dice"", ""2 ounces green bell peppers, cut 1/4-inch dice"", ""2 ounces red onions, cut 1/4-inch dice"", ""2 ounces corn kernels, fresh (or Thawed Frozen)"", ""2 ounces celery, cut 1/4-inch dice"", ""2 ounces black beans, drained, rinsed (1/8 of a 15-oz Can)"", ""2 cups tri-color corn tortilla strips (or Crushed Chips)"", ""1 cup smoky tomato vinaigrette (or Dressing of Your Choice)"", ""4 ounces shredded monterey jack pepper cheese""]","black beans, celery, chicken breast, chili dry rub seasonings, corn kernels, green bell peppers, pepper cheese, red bell peppers, red onions, salad greens, tomato vinaigrette, tri-color corn tortilla strips, vegetable oil",13,www.food.com/recipe/applebees-aztec-chicken-salad-151367,Gathered
Bellini Bar,"[""Sugar Syrup"", ""2 cups sugar"", ""2 cups water"", ""Blueberry"", ""1 (16 ounce) package frozen blueberries, thawed"", ""1/4 cup sugar syrup"", ""Peach"", ""1 (16 ounce) bag frozen peaches, thawed"", ""1/4 cup sugar syrup"", ""Mango"", ""1 (16 ounce) bag frozen mango chunks, thawed"", ""1/4 cup sugar syrup"", ""Cherry"", ""1 (16 ounce) bag frozen cherries, thawed"", ""1/4 cup sugar syrup"", ""Strawberry"", ""1 (16 ounce) bag frozen strawberries, thawed"", ""1/4 cup sugar syrup"", ""Mixed Berry"", ""1 (8 ounce) bag frozen blackberries, thawed"", ""1 (8 ounce) bag frozen raspberries, thawed"", ""1/4 cup sugar syrup"", ""Fizz"", ""4 (750 ml) bottles sparkling wine, chilled and or (750 ml) bottles sparkling grape juice, chilled""]","bottles sparkling wine, cherry, frozen blackberries, frozen blueberries, frozen cherries, frozen peaches, frozen raspberries, frozen strawberries, mango, strawberry, sugar, sugar syrup, water",13,www.food.com/recipe/bellini-bar-197765,Gathered
Maggie'S Reishabu Chilled Pork Shabu Shabu Salad,"[""250 g thinly sliced pork loin or 1/2 lb pork loin"", ""Salad"", ""1/4 head lettuce, thinly shredded"", ""1/2 medium onion, sliced into rings and halved soaked in ice water 30 mins to make them less overpowering"", ""1 -2 bunch mizuna, chopped"", ""1 (70 g) package radish sprouts (kaiware, but you can use broccoli sprouts)"", ""1 japanese cucumbers, cut into matchsticks or 1/2 regular cucumber"", ""5 -10 shiso leaves, thinly sliced (optional but so refreshing!)"", ""Sauce (may want to double)"", ""3 tablespoons plain yogurt"", ""2 tablespoons blended miso"", ""1 tablespoon japanese mayonnaise"", ""1 teaspoon sesame oil"", ""1/3 teaspoon salt"", ""1/2 garlic clove""]","blended miso, garlic, head lettuce, japanese cucumbers, japanese mayonnaise, mizuna, onion, plain yogurt, pork loin, salt, sesame oil, shiso leaves, sprouts",13,www.food.com/recipe/maggies-reishabu-chilled-pork-shabu-shabu-salad-516901,Gathered
Fig And Cranberry Mini Cupcakes,"[""4 1/2 tbsp unsalted butter, softened"", ""1/4 cup light brown sugar"", ""1 None large egg"", ""3 tbsp orange marmalade"", ""1/2 cup raisins, finely chopped"", ""2/3 cup dried cranberries, finely chopped"", ""1/3 cup dried figs, finely chopped"", ""1/4 cup currants"", ""1/3 cup all-purpose flour, sifted"", ""2 tbsp self-rising flour, sifted"", ""1/2 tsp pumpkin pie spice"", ""1/4 cup sweet sherry"", ""9 oz white fondant"", ""24 None edible sugar flowers""]","currants, dried cranberries, dried figs, edible sugar flowers, egg, flour, light brown sugar, orange marmalade, pumpkin pie spice, raisins, sweet sherry, unsalted butter, white fondant",13,recipes-plus.com/api/v2.0/recipes/32736,Gathered
All Hail Kale Salad (Copycat Recipe) ,"[""Papaya Ginger Dressing"", ""Author: Detoxinistsa.com"", ""Serves: 1.5 cups"", ""A sweet, gingery dressing inspired by the Veggie Grill."", ""Ingredients"", ""1/2 cup papaya chunks"", ""1/4 cup fresh lime juice"", ""1/4 ounce fresh ginger, peeled"", ""2 Tablespoons coconut vinegar"", ""2 Tablespoons extra virgin olive oil"", ""1/4 cup honey"", ""1/4 teaspoon fine sea salt"", ""1/4 cup water, or more to thin"", ""Instructions"", ""In a high-speed blender, combine all of the ingredients and blend until completely smooth and silky."", ""Massage into kale leaves, and serve!"", ""Store leftovers in the fridge for up to 4 days."", ""To prepare the salad, you'll need:"", ""1 bunch curly green kale"", ""Papaya Mango Salsa, from Trader Joe's (or any salsa of choice)"", ""Maple Glazed Walnuts"", ""Papaya Ginger Dressing (recipe above)"", ""Shredded cabbage (optional)""]","a sweet, cabbage, coconut vinegar, combine, extra virgin olive oil, ginger dressing, green kale, ingredients, instructions, mango salsa, maple, papaya chunks, store leftovers",13,www.epicurious.com/recipes/member/views/all-hail-kale-salad-copycat-recipe-53022941,Gathered
Hand Pies ,"[""A bag of Rhoades bread rolls (36 in a bag)"", ""filling supplies (such as chicken, cheese, marinara, broccoli, feta cheese, cream cheese, veggies, whatever you prefer and precooked!)"", ""rolling pin and flour for rolling"", ""baking sheets"", ""Filling Ideas!"", ""The filling is really fun to think up- what do you like to eat-just toss it all in there (precooked of course)."", ""Lasagne: brown some ground beef and make a spaghetti sauce. In the hand pie, I put a dollop of the sauce, then added ricotta and some olives. Tip: Spread the ricotta on the bottom, don't dollop it in- apparently the meat reheats really fast, but the ricotta stays frozen!"", ""Chick, Broccoli and Provolone: Fry up chicken breast with good spices (I generally use garlic, onion, oregano... whatever I happen to have). Thaw a bag of frozen broccoli. Get sliced provolone and cut the slices in half. Put half a slice of provolone on the bread, then add a spoonful of broccoli and cooked chicken. I usually put a 1/4 slice of provolone on top then cover it up! You could also try mozz instead of provolone and spinach instead of broccoli. Try adding a little minced garlic."", ""Ham & Cheddar: Cut sandwich meat up into small pieces and add with a little grated cheddar. You could really do any kind of sandwich meat or any cooked meat!"", ""Veggies in a white sauce: Make a thicker white sauce to decrease drips. Add meat for a pot pie taste. Marinara Chicken: Yeah, just like it says- a spoonful of marinara, some chicken chunks, maybe a little cheese?"", ""Cream Cheese Chicken: 2 c shredded chicken, 3 oz cream cheese, 1tbsp dried chives and 1 tbsp milk. Mix with your hands."", ""Chicken with Feta: Cubed/shredded cooked chicken with feta cheese and olives."", ""Black and Bleu: Browned ground beef, black pepper and bleu cheese."", ""Pierogies: Red potatoes, cooked and cubed. Add to sauteed onions along with a little bacon bits and parsley. Add a dollop to the dough and add some grated cheddar.""]","baking sheets, bread rolls, chicken, cream cheese chicken, filling ideas, filling supplies, fry, ground beef, ham, red potatoes, rolling pin and, up-, white sauce",13,www.epicurious.com/recipes/member/views/hand-pies-1277919,Gathered
Larry The Turkey Cupcakes ,"[""24 standard"", ""baked in white paper liners"", ""24 mini"", ""baked in white paper liners"", ""1 cup vanilla frosting"", ""1/2 cup chocolate frosting"", ""24 thin ginger-flavored scalloped cookies (Anna's Ginger Thins)"", ""2 cups candy corn"", ""1 1/2 cups caramel jimmies"", ""1 can (16 ounces) plus 1 cup caramel frosting"", ""24 pieces Indian candy corn"", ""48 brown chocolate-covered sunflower seeds (available at gourmet candy stores)"", ""1 roll red fruit leather (Fruit by the Foot)"", ""24 graham cracker sticks (Honey Made Graham Sticks)"", ""12 marshmallows""]","brown chocolate, caramel frosting, caramel jimmies, chocolate frosting, cookies, corn, graham cracker sticks, liners, marshmallows, mini, roll red fruit, standard, vanilla frosting",13,www.epicurious.com/recipes/food/views/turkey-cupcakes,Gathered
Vegan Zucchini Fries,"[""Batter"", ""1 cup Chickpea flour"", ""1/2 cup rice flour"", ""1/4 - 1/2 teaspoons Cayenne chili powder"", ""1/2 tablespoon Aamchur"", ""1/2 teaspoon baking powder"", ""salt to taste"", ""plain seltzer as needed"", ""vegetable for frying"", ""1 medium zucchini"", ""2 cups Panko bread crumbs"", ""3 cups Vegetable or Canola oil for deep frying"", ""tomato salt / chat masala for serving""]","aamchur, baking powder, batter, bread crumbs, cayenne chili powder, chickpea flour, rice flour, salt, seltzer, tomato salt, vegetable, vegetable for, zucchini",13,food52.com/recipes/37863-vegan-zucchini-fries,Gathered
Pan-Roasted Swordfish With Lemon Basil Butter Over Rainbow Roasted Veggie Orzo,"[""2 pieces Tomahawk Swordfish Chops(about 16oz ea.)"", ""1/2 cup Tri-Color Orzo"", ""1 quart Water(for pasta)"", ""2 tablespoons Pure Olive Oil(Sauteing)"", ""1 tablespoon Extra Virgin Olive Oil(Drizzling)"", ""1/4 cup White Onion(Chopped)"", ""10 pieces Brussel Sprouts(Quartered)"", ""1/2 cup Red Bell Pepper(Chopped)"", ""2 Cloves Garlic(Minced)"", ""1/2 cup Zucchini(Chopped)"", ""1/2 cup Yellow Squash(Chopped)"", ""10 Grape Tomatoes(Sliced in thirds)"", ""4 tablespoons Unsalted Butter"", ""1/2 teaspoon Fresh Ground Black Pepper"", ""1/2 tablespoon Lemon Zest(Packed)"", ""1/2 teaspoon Lemon Juice"", ""1/2 tablespoon Fresh Basil(Chopped) + a few leaves extra"", ""1/2 tablespoon Fresh Lemon Balm(Chopped) + a few leaves extra""]","+, brussel, butter, fresh basil(chopped) +, fresh ground black pepper, grape, lemon juice, lemon zest(packed, pasta, red bell, swordfish, tri, white onion(chopped)",13,food52.com/recipes/76601-pan-roasted-swordfish-with-lemon-basil-butter-over-rainbow-roasted-veggie-orzo,Gathered
Welcome Spring Risotto,"[""Pesto"", ""1/2 cup packed ramp leaves"", ""1 1/2 cups packed spinach leaves"", ""1/3 cup chopped green garlic, green part only, chop and reserve white part for risotto"", ""1/2 teaspoon salt"", ""1/3 - 1/2 cups roasted walnut oil"", ""Risotto"", ""3 tablespoons EVOO"", ""1/2 cup minced scallions"", ""2 tablespoons reserved white parts of green garlic (chopped)"", ""2 1/2 cups arborio or carnaroli rice"", ""1/2 cup dry white vermouth"", ""6 - 7 cups vegetable stock, at simmer"", ""1 cup asparagus, cut in 1/2\"" pieces on slant, blanched 2 minutes then shocked in ice water, tips reserved separately"", ""1/2 cup frozen edamame, thawed (see head note)"", ""1/2 cup shelled peas"", ""2 tablespoons unsalted butter"", ""1 cup finely grated parmesan"", ""salt &amp; pepper""]","arborio, evoo, frozen edamame, green garlic, parmesan, pesto, roasted walnut oil, salt, scallions, shelled peas, then, unsalted butter, vegetable stock",13,food52.com/recipes/11723-welcome-spring-risotto,Gathered
"Pink Grapefruit, Pomegranate, & Mâche Salad With Lemon-Ume Vinaigrette","[""For the Salad"", ""1 medium head butter lettuce, the leaves washed, spun dry and torn into bite-size pieces"", ""2 handfuls mache, washed, spun dry (about 2 loosely packed cups)"", ""1/2 pomegranate"", ""1/2 pink grapefruit, rind removed and trimmed into supremes"", ""1/2 ruby red grapefruit, rind removed and trimmed into supremes"", ""1 avocado, peeled, pitted and sliced thin"", ""1/2 small shallot, sliced thin"", ""For the Lemon-Ume Dressing (makes about 3/4 cup--more than enough for this salad. Extra dressing may be refrigerated."", ""3 tablespoons freshly-squeezed lemon juice"", ""2-3 tablespoons freshly-squeezed lime juice"", ""2 teaspoons ume plum vinegar (available at health-food stores)"", ""1 pinch salt"", ""1/2 cup mild oil such as grapeseed, almond or (untoasted) walnut""]","avocado, butter lettuce, freshly-squeezed lemon juice, freshly-squeezed lime juice, handfuls mâche, lemon-ume dressing, mild oil, pink grapefruit, pomegranate, red grapefruit, salt, shallot, vinegar",13,food52.com/recipes/15747-pink-grapefruit-pomegranate-mache-salad-with-lemon-ume-vinaigrette,Gathered
Dan Dan Mian,"[""2 tablespoons peanut oil"", ""3 tablespoons Ya cai Tianjin preserved vegetable, rinsed and drained, finely chopped"", ""4 ounces ground pork from the outside muscle"", ""3 tablespoons Hong You Szechuan red chile oil"", ""2 tablespoons soy sauce light"", ""1 tablespoon soy sauce dark"", ""2 teaspoons Chinkiang black vinegar"", ""1 teaspoon Shaoxing wine Chinese rice wine"", ""1/2 teaspoon szechwan peppercorns ground"", ""2 scallions finely chopped"", ""2 tablespoons sesame paste"", ""kosher salt To taste"", ""12 ounces Chinese wheat noodles fresh, or 8 oz. dried""]","black vinegar, chile oil, chinese wheat noodles, ground pork, kosher salt, peanut oil, peppercorns ground, scallions, sesame paste, shaoxing wine chinese rice wine, soy sauce dark, soy sauce light, ya cai tianjin preserved vegetable",13,www.yummly.com/recipe/Dan-Dan-Mian-2262889,Gathered
Caribou Sausage,"[""15 pounds caribou"", ""5 pounds pork fresh"", ""3 ounces water"", ""1 ounce pepper black"", ""1 ounce ginger ground"", ""1 ounce nutmeg ground"", ""1 ounce allspice ground"", ""1 ounce coriander ground"", ""2 ounces paprika"", ""2 teaspoons garlic powder"", ""10 ounces salt"", ""1 tablespoon liquid smoke opt'l"", ""sausage casings""]","caribou, coriander ground, garlic, ginger ground, ground, liquid smoke opt'l, nutmeg ground, paprika, pepper black, pork fresh, salt, sausage casings, water",13,www.yummly.com/recipe/Caribou-Sausage-1650531,Gathered
Coconut-Smothered Pigeon Peas with Pumpkin,"[""1/2 cup oily or unoily skinned split yellow pigeon peas (toovar dal), picked over for stones"", ""1 walnut-size ball dried tamarind pulp, or 1 teaspoon tamarind paste or concentrate"", ""2 teaspoons Sambhar Masala 1/2 teaspoon ground asafetida"", ""1 cup cut-up cauliflower (2-inch florets)"", ""4 ounces fresh pumpkin, cut into 1-inch cubes"", ""10 to 12 pieces frozen \""drumsticks\"" (each 3 to 4 inches long; no need to thaw; see Notes)"", ""15 to 20 medium-size to large fresh curry leaves"", ""2 tablespoons unrefined sesame oil or canola oil"", ""1/4 cup raw cashew nuts"", ""1 tablespoon coriander seeds"", ""4 dried red Thai or cayenne chiles, stems removed"", ""1 cup shredded fresh coconut; or 1/2 cup shredded dried unsweetened coconut, reconstituted (see Note)"", ""1 teaspoon black or yellow mustard seeds"", ""1 1/2 teaspoons coarse kosher or sea salt""]","cashew nuts, cauliflower, coarse kosher, coconut, coriander seeds, curry, fresh pumpkin, notes, red thai, sambhar masala, tamarind pulp, unrefined sesame oil, yellow pigeon peas",13,www.cookstr.com/recipes/coconut-smothered-pigeon-peas-with-pumpkin,Recipes1M
Restaurant Quality Curry Udon Noodles,"[""45 ml Mentsuyu soup(or use your favorite soup)"", ""1/8 cube A - Store-bought curry roux"", ""1 japanese tea scoop A - Soy sauce (optional)"", ""1 to 1 and 1/2 tablespoons Katakuriko"", ""1/2 Thin aburaage"", ""80 grams Any meat you like"", ""1/4 to 1/5, medium Onion"", ""1 pack Udon noodles"", ""1 heaped tablespoon Sake"", ""1 Japanese leeks (or any green onion or leeks you like)"", ""30 ml Mirin"", ""10 ml Sake"", ""10 ml Usukuchi soy sauce"", ""20 ml Soy sauce"", ""340 ml Japanese dashi stock (or water + 2 teaspoons od dashi powder)""]","a - soy sauce, aburaage, curry roux, favorite soup, japanese leeks, katakuriko, like, mirin, onion, pack, sake, soy sauce, stock",13,cookpad.com/us/recipes/170315-restaurant-quality-curry-udon-noodles,Recipes1M
Sig's Pea Soup,"[""2 small smoked bacon chops"", ""2 best kielbasa sausages ( they are the closest I can get to what I want)"", ""1/2 small rack of ribs, meaty and fat (or a very small leg of pork bone in )"", ""3 springonions"", ""1 large shallot"", ""1 small leek"", ""2 garlic cloves"", ""1 or two vegetable stock cube"", ""500 ml water"", ""4 cans of marrow fat peas, or dried, overnight soaked marrow fat peas.In total about 750 grams soaked weight."", ""500 grams salad potatoes, ready cooked and cut into quarters or chunks"", ""4 Hot dog sausages"", ""2 slices of bread for croutons"", ""2 tbsp rapeseed oil for toasting croutons"", ""1/2 tsp chervil for sprinkling over croutons"", ""4 or 5 drops of Maggi liquid seasoning""]","bacon chops, best kielbasa sausages, bread, croutons, drops of maggi liquid seasoning, garlic, leek, peas, rack of ribs, salad potatoes, sausages, shallot, springonions",13,cookpad.com/uk/recipes/352614-sigs-pea-soup,Recipes1M
Tom Som / spicy and sour fish soup,"[""1 kg fish fillet,or whole fish ,chopped"", ""700 ml fish stock or any stocck,or water"", ""4 lemongrass / chopped and crushed"", ""2 sliced of galangal"", ""6 kaffir lime leaves"", ""15 fresh hot chili ,crushed"", ""5 dried chili ,chopped"", ""8 cherry tomato,or 2 tomato quartered"", ""8 fresh sour green tamarind,or 2 tabs lime juice"", ""1/2 tbsp tamarind paste"", ""2 tbsp fishsauce"", ""6 shallots"", ""1 bunch each spring onions,corianders,sweet basils"", ""1 tsp salt to taste""]","chili, fish fillet, fish stock, fishsauce, galangal, hot chili, lime leaves, salt, shallots, sour green tamarind, spring onions, tamarind, tomato",13,cookpad.com/us/recipes/362444-tom-som-spicy-and-sour-fish-soup,Recipes1M
Marvelous Mediterranean Vegetables,"[""3 large fresh portabella mushrooms"", ""1 medium sweet red pepper"", ""1 medium sweet orange pepper"", ""1 medium yellow sweet pepper"", ""1 medium zucchini"", ""10 fresh asparagus spears, cut into 2-inch lengths"", ""1 small onion, sliced and separated into rings"", ""34 cup grape tomatoes"", ""12 cup fresh sugar snap pea"", ""12 cup fresh broccoli florets"", ""12 cup pitted Greek olive"", ""1 (14 ounce) bottlegreek vinaigrette"", ""12 cup crumbled feta cheese""]","bottlegreek vinaigrette, feta cheese, fresh broccoli florets, fresh portabella mushrooms, fresh sugar snap pea, grape tomatoes, lengths, olive, onion, sweet orange pepper, sweet red pepper, yellow sweet pepper, zucchini",13,www.food.com/recipe/marvelous-mediterranean-vegetables-458855,Recipes1M
"NoMad At Home: The Humm Dog with Bacon, Black Truffle and Celery","[""5 tablespoons peeled celery root, diced 1/4 inch"", ""4 tablespoons celery, diced 1/4 inch"", ""3 tablespoons half-sour pickles, diced 1/4 inch"", ""1 tablespoon Pickled mustard seeds"", ""1 tablespoon white balsamic vinegar"", ""1 teaspoon black truffle, diced 1/4 inch"", ""4 tablespoons mayonnaise"", ""2 teaspoons black truffles, finely chopped"", ""Canola oil, for frying"", ""4 slices bacon"", ""4 hot dogs"", ""4 hot dog buns"", ""4 slices Gruyere"", ""Celery heart leaves""]","bacon, black truffle, black truffles, canola oil, celery, celery root, gruyere, half-sour pickles, heart leaves, hot dog buns, mayonnaise, seeds, white balsamic vinegar",13,www.foodrepublic.com/recipes/nomad-at-home-the-humm-dog-with-bacon-black-truffle-and-celery/,Recipes1M
Mexican Pizza,"[""1/2 c. plus 1 Tbsp. corn meal"", ""1 1/2 c. flour"", ""1 Tbsp. baking powder"", ""1/2 tsp. lite salt (optional)"", ""3/4 c. skim milk"", ""1/4 c. liquid Butter Buds"", ""1 (12 oz.) jar taco sauce"", ""1 (15 1/2 oz.) can Mexican-style chili beans, undrained (Van Camp's)"", ""1/2 lb. ground white meat skinless turkey"", ""1 (4 oz.) can chopped green chiles, drained"", ""2 c. grated Alpine Lace nonfat Cheddar cheese or 16 oz. Kraft Free cheese slices"", ""1 small jar jalapeno peppers, sliced""]","baking powder, chili beans, corn meal, flour, grated alpine, green chiles, ground white meat, jalapeno peppers, liquid butter, lite salt, milk, taco sauce",12,www.cookbooks.com/Recipe-Details.aspx?id=481835,Gathered
Giant Ornament Brownie,"[""nonstick cooking spray"", ""2 brownie mix (boxes, plus required ingredients)"", ""1 cup peanut butter chips"", ""2 cups buttercream frosting, white"", ""turquoise gel food coloring"", ""blue decorating icing"", ""6 silver dragees"", ""7 purple gumdrops"", ""green decorating gel"", ""pink decorating icing"", ""2 teaspoons candy sprinkles, pink"", ""2 teaspoons candy sprinkles, purple"", ""2 teaspoons candy sprinkles, blue"", ""4 marshmallows, jumbo yellow"", ""1 candy cane""]","brownie mix, buttercream frosting, cane, decorating icing, dragees, green decorating gel, marshmallows, nonstick cooking spray, peanut butter, purple gumdrops, sprinkles, turquoise gel food coloring",12,www.food.com/recipe/giant-ornament-brownie-537240,Gathered
Goan Fish Curry Rice,"[""6 kashmiri chilies"", ""1/2 coconut"", ""1 piece gingerroot"", ""3 garlic cloves"", ""5 -6 peppercorns"", ""1 teaspoon coriander seed"", ""1 pinch methi seeds"", ""1/2 teaspoon haldi powder"", ""1/2 teaspoon jeera powder"", ""1 green chili pepper"", ""1 butterfish"", ""1 green mango""]","butterfish, coconut, coriander seed, garlic, gingerroot, green chili pepper, green mango, haldi powder, jeera powder, kashmiri chilies, methi seeds, peppercorns",12,www.food.com/recipe/goan-fish-curry-rice-522065,Gathered
Sunset Magazines Pan Gravy ,"[""2 tablespoons vegetable oil $"", ""turkey wing tips and neck $"", ""4 1/2 cups low-sodium chicken broth $"", ""1 clove peeled and minced garlic"", ""1/2 cup all-purpose flour $"", ""1 cup whipping cream $"", ""$15 Off Your 1st Order With Peapod Today!"", ""Preparation"", ""Pour 2 tablespoons vegetable oil into a 5- to 6-quart pan over medium-high heat. Add turkey wing tips and neck and brown well, 4 to 7 minutes. Add 4 1/2 cups low-sodium chicken broth and bring to a boil; cover, reduce heat, and simmer about 1 hour. Remove wings and neck."", ""While roasted turkey rests, pour pan juices into a 1- to 2-quart glass measure. Skim off and reserve fat. Add turkey wing broth to make 4 cups; if you don't have enough, add water. Return 1/3 cup fat (if not enough, add butter) and 1 clove peeled and minced garlic to unwashed roasting pan; set over two medium-hot burners. Add 1/2 cup all-purpose flour and stir until bubbly and smooth. Stir in the 4 cups broth and 1 cup whipping cream; scrape pan sides and bottom to loosen browned bits. Whisk gravy until smooth and boiling, 4 to 7 minutes. Add salt to taste."", ""Note: In nutritional analysis, sodium is N/A."", ""Note:"", ""Helena Darling, Ashland, OR,"", ""NOVEMBER 2005""]","all-purpose, chicken broth $, garlic, helena darling, in nutritional analysis, preparation, today, turkey wing tips, vegetable oil, vegetable oil $, while, whipping cream $",12,www.epicurious.com/recipes/member/views/sunset-magazines-pan-gravy-52966791,Gathered
Rugbrød ,"[""Sour Dough Starter Mix"", ""1 cup Buttermilk"", ""1 cup rye flour"", ""1 teaspoon of salt"", ""Mix ingredients and cover with clingfilm and leave for 2 days at room temp"", ""Rugbrd"", ""5.5 cups water"", ""3.5 cups ryegrains"", ""1 small can of beer of your choice"", ""2.25 cups rye flour"", ""1.75 cups white flour"", ""2 dessertspoons salt"", ""2.5 tsp. fresh yeast"", ""1.75 cups sunflower seeds/ pumkin seeds/ sesame or flax seeds of your choice - all are nice:""]","buttermilk, choice, fresh yeast, mix ingredients, rugbrød, rye flour, ryegrains, salt, starter, sunflower seeds/, water, white flour",12,www.epicurious.com/recipes/member/views/rugbrod-50088370,Gathered
Ham And Cheese Tartines With Cherokee Purple Tomato Salad,"[""Tartines:"", ""4 (1 1/2-ounce) slices ciabatta bread, toasted"", ""1 ounce serrano ham, cut into 4 thin slices"", ""3 ounces Manchego cheese, cut into 4 thin slices"", ""1 teaspoon chopped fresh oregano"", ""Salad:"", ""1 tablespoon finely chopped fresh oregano"", ""1 tablespoon finely chopped shallots"", ""1 tablespoon sherry vinegar"", ""2 teaspoons extravirgin olive oil"", ""1 garlic clove, minced"", ""4 cups torn Boston lettuce"", ""3 cups thinly sliced honeydew melon"", ""3 medium Cherokee Purple tomatoes, halved lengthwise and thinly sliced""]","boston lettuce, bread, extravirgin olive oil, fresh oregano, garlic, honeydew melon, manchego cheese, purple tomatoes, serrano ham, shallots, sherry vinegar, tartines",12,www.myrecipes.com/recipe/ham-cheese-tartines-with-cherokee-purple-tomato-salad,Gathered
Dirt,"[""1/2 stick butter (1/2 cup)"", ""8 oz (224 grm). cream cheeze"", ""3-1/2 cups (825 ml) milk"", ""12 oz (336 grm). cool-whip"", ""1-1/2 pkgs of oreos"", ""1 cup (225 ml) sugar"", ""2 sm. pkgs of instant French vanilla pudding"", ""children's pail and shovel"", ""gummy worms"", ""LOW FAT VERSION"", ""3-1/2 cups (825 ml) skim milk"", ""12 oz (336 grm). fat free cool-whip"", ""1-1/2 pkgs of low fat oreos"", ""2 sm. pckgs fat free vanilla pudding""]","butter, children's, cool-whip, cream cheeze, gummy worms, milk, oreos, pckgs fat free, pkgs, pkgs of instant french vanilla pudding, sugar, version",12,online-cookbook.com/goto/cook/rpage/00055B,Recipes1M
Chocolate CookiesNCreme Pancakes,"[""OREO Creme"", ""PHILADELPHIA Original Cream Cheese, softened"", ""2/3 cup OREO Creme Icing Variegate"", ""Chocolate Pancake Batter"", ""1 qt. prepared pancake batter"", ""1/2 cup dark unsweetened cocoa powder"", ""2 cups white chocolate chips"", ""1 cup miniature semi-sweet chocolate chips"", ""Strawberry Sauce"", ""3 cups strawberry preserves"", ""3 cups fresh strawberries, small dice"", ""Assembly"", ""1-1/2 cups prepared whipped topping"", ""1/4 cup OREO Creme Icing Variegate"", ""1/2 cup OREO Pieces-Small""]","chocolate pancake batter, cocoa, fresh strawberries, oreo creme, oreo creme icing variegate, pancake batter, philadelphia original cream cheese, semi-sweet chocolate chips, strawberry preserves, strawberry sauce, topping, white chocolate chips",12,www.kraftrecipes.com/recipes/chocolate-cookiesncreme-pancakes-116499.aspx,Recipes1M
Lady Of The Lake Recipe,"[""1 dash lavender bitters (see recipe below)"", ""3/4 ounce lemon juice"", ""3/4 ounce honey syrup (see notes)"", ""1 1/2 ounce heather flower-infused vodka (see recipe below)"", ""Lemon twist"", ""1 750-ml bottle 140-proof vodka (Devil's Spring recommended)"", ""20 tablespoons lavender flowers"", ""1 tablespoon white peppercorn"", ""1/2 tablespoon cardamom"", ""1/2 tablespoon coriander"", ""1 clove"", ""6 tablespoons heather flowers"", ""1 750-ml bottle vodka""]","cardamom, clove, coriander, heather flowers, honey syrup, lavender bitters, lavender flowers, lemon juice, lemon twist, vodka, white peppercorn",11,www.seriouseats.com/recipes/2011/11/lady-of-the-lake-vodka-cocktail-recipe.html,Gathered
Asian Style Nicoise,"[""500g chat potatoes, halved"", ""olive oil spray"", ""4 small salmon steaks"", ""1/4 cup KRAFT FREE* Thai Lime & Coriander Dressing"", ""1 tablespoon oil"", ""200g green baby beans, steamed until tender"", ""100g baby leaf lettuce mix"", ""1 punnet cherry tomatoes, halved"", ""1 Lebanese cucumber, diagonally sliced"", ""1 cup bean shoots"", ""4 hard boiled eggs, quartered"", ""1/2 cup KRAFT FREE* Thai Lime & Coriander Dressing"", ""1/4 cup crispy fried shallots""]","baby leaf lettuce, bean shoots, coriander dressing, crispy fried shallots, eggs, green baby beans, lebanese cucumber, oil, olive oil spray, punnet cherry tomatoes, salmon",11,www.kraftrecipes.com/recipes/asian-style-nicoise-104187.aspx,Recipes1M
Fruits Soup,"[""1 grapes"", ""1 watermelon"", ""1 red dragon fruit"", ""1 manggo"", ""1 apple"", ""1 pear"", ""1 melon"", ""1 papaya"", ""1 jelly (cut into cube)"", ""1 fresh milk"", ""1 raspberry syrup"", ""1 longan""]","apple, grapes, longan, manggo, melon, milk, papaya, pear, raspberry syrup, red dragon fruit, watermelon",11,cookpad.com/us/recipes/338174-fruits-soup,Recipes1M
A Loving Heart,"[""1 big heart"", ""love and caring"", ""1 Bible"", ""whole lot of sharing"", ""1 smile"", ""a hug or more"", ""find a church with an open door"", ""1 good spirit"", ""3 or 4 hand shakes"", ""add some brothers and sisters"", ""10 or more prayers a day"", ""1 need for others"", ""10 kind words and then you have a blessing and you have a friend!""]","brothers, caring, find a church, heart, kind, others, prayers, sharing, smile, spirit",10,www.cookbooks.com/Recipe-Details.aspx?id=500219,Gathered
Waldorf Salad,"[""2 cups purple seedless grapes"", ""2 granny smith apples"", ""2 fuji apples"", ""2 celery ribs"", ""1 (11 ounce) can mandarin orange sections, drained"", ""1/2 cup craisins"", ""1 cup candied pecans"", ""3/4 cup light mayonnaise"", ""3/4 cup light sour cream"", ""1 1/2 cups Splenda granular""]","candied pecans, celery, craisins, fuji apples, granny smith apples, light mayonnaise, light sour cream, orange sections, purple, splenda",10,www.food.com/recipe/waldorf-salad-306439,Gathered
Chocolate Espresso Sorbet With Cardamom-Spiced Blood-Orange And Tangerine Reduction,"[""Blood-Orange and Tangerine Syrup"", ""1 cup blood-orange juice, strained"", ""1 cup tangerine juice, strained"", ""4 tablespoons vegan sugar"", ""10 green cardamom pods, cracked open"", ""Chocolate Espresso Sorbet"", ""2 cups brewed espresso"", ""1/4 cup vegan sugar"", ""1/3 cup blood-orange and tangerine syrup"", ""1 1/2 cups natural cocoa powder (I used Sharffen Bergen sweetened cocoa powder)"", ""1 stick unsalted butter, melted""]","blood-orange, blood-orange juice, chocolate espresso sorbet, espresso, green cardamom pods, natural cocoa, syrup, tangerine juice, unsalted butter, vegan sugar",10,food52.com/recipes/11293-chocolate-espresso-sorbet-with-cardamom-spiced-blood-orange-and-tangerine-reduction,Gathered