title,ingredients,distinct_ingredients,num_ingredients,link,source,directions
Jan'S Winter Soup,"[""2 Tbsp. butter"", ""2 medium onions, chopped"", ""1 lb. ground beef or turkey"", ""1 clove garlic, minced"", ""3 c. beef or chicken broth"", ""1 (28 oz.) can tomatoes, chopped"", ""1 c. diced potatoes"", ""3 carrots, chopped"", ""1 c. celery, chopped"", ""1 c. frozen green beans"", ""1 c. dry red wine"", ""1/2 tsp. basil"", ""1/4 tsp. thyme"", ""salt and pepper to taste""]","basil, beef, butter, carrots, celery, clove garlic, frozen green beans, ground beef, onions, potatoes, red wine, salt, thyme, tomatoes",14,www.cookbooks.com/Recipe-Details.aspx?id=51724,Gathered,"[""Saute onions and garlic in butter until onions are tender. Add meat and brown. Drain well. Add the rest of the ingredients and simmer at least one hour.""]"
Ranch Beef And Beans,"[""1 lb. cooked, crumbled hamburger (drained)"", ""1 c. onion, chopped"", ""1 c. kidney beans, cooked and drained"", ""1 c. butter beans"", ""1 c. baked beans"", ""3/4 c. ketchup"", ""1 sm. can mild green chilies, chopped (opt.)"", ""1 TBSP prepared mustard"", ""1 tsp. beef bouillon"", ""1/2 c. water"", ""2 TBSP. honey"", ""2/3 c. bell pepper, chopped"", ""1 tsp. Worcestershire sauce"", ""1/2 tsp. garlic pwd""]","beans, beef bouillon, bell pepper, butter beans, garlic, green chilies, hamburger, honey, ketchup, kidney beans, mustard, onion, water, worcestershire sauce",14,www.cookbooks.com/Recipe-Details.aspx?id=99285,Gathered,"[""Combine all ingredients in large pot; simmer 30-45 minutes or until onion and bell peppers become soft."", ""This recipe triples and freezes well."", ""Serve with cornbread.""]"
Italian Cream Cake,"[""1 stick margarine"", ""1/2 c. vegetable shortening"", ""2 c. sugar"", ""5 egg yolks"", ""2 c. flour"", ""1 tsp. soda"", ""1 c. buttermilk"", ""1 tsp. vanilla"", ""1 small can coconut"", ""1 c. nuts, chopped (pecans)"", ""5 egg whites, beaten"", ""1 (8 oz.) cream cheese"", ""1/2 stick margarine"", ""1 tsp. vanilla"", ""1 box powdered sugar"", ""1/2 c. chopped pecans""]","buttermilk, coconut, cream cheese, egg whites, egg yolks, flour, margarine, nuts, pecans, powdered sugar, soda, sugar, vanilla, vegetable shortening",14,www.cookbooks.com/Recipe-Details.aspx?id=420021,Gathered,"[""Cream margarine and shortening; add sugar and beat until smooth."", ""Add egg yolks and beat well."", ""Combine flour and soda. Add to cream mixture alternating with buttermilk."", ""Stir in vanilla; add coconut and chopped nuts."", ""Fold in stiffly beaten egg whites."", ""Bake in a 3 (8-inch) pans, greased and floured."", ""Bake at 350\u00b0 for 25 minutes.""]"
Recipe For A Happy Marriage,"[""1 c. consideration"", ""2 c. flattery, carefully concealed"", ""2 c. praise"", ""1 pinch in-laws"", ""1 generous dash of cooperation"", ""1 c. contentment"", ""2 children (at least)"", ""1 c. blindness to faults of others"", ""2 c. milk of human kindness"", ""1 gal. faith in God and each other"", ""1 reasonable budget"", ""3 tsp. pure extract of I'm sorry"", ""1 c. confidence"", ""1 c. encouragement"", ""1 c. several hobbies""]","blindness to faults of others, children, confidence, consideration, contentment, encouragement, faith, flattery, generous, milk, praise, reasonable budget, several hobbies, sorry",14,www.cookbooks.com/Recipe-Details.aspx?id=395971,Gathered,"[""Take one child."", ""Mix with generous pats of good humor and understanding."", ""Blend in discipline as needed."", ""Surround with music, love of nature, pets and friends."", ""Bake in a warm, pleasant atmosphere."", ""Use large amounts of patience."", ""Do not be discouraged if at times objects do not seem to be turning out to your perfection."", ""Continue basting."", ""Before you realize it, your delight turns out even better than you had even hoped for."", ""Release when properly aged.""]"
"""Thrive On Five"" Bread","[""1 c. grated carrot and zucchini"", ""1/2 c. whole wheat flour, white flour and wheat germ"", ""1 egg"", ""1/4 c. oil"", ""1/2 c. crushed pineapple, drained"", ""1/2 c. applesauce"", ""1/4 c. brown sugar"", ""2 tsp. baking soda"", ""1 tsp. baking powder"", ""1/2 c. raisins"", ""1/3 c. molasses"", ""1/2 tsp. cinnamon"", ""1/4 tsp. cloves"", ""1/4 tsp. ginger""]","applesauce, baking powder, baking soda, brown sugar, carrot, cinnamon, cloves, egg, ginger, molasses, oil, pineapple, raisins, whole wheat flour",14,www.cookbooks.com/Recipe-Details.aspx?id=486732,Gathered,"[""Mix dry ingredients; set aside."", ""Mix oil, egg and molasses. Add vegetables."", ""Gradually add dry ingredients into egg mixture. Pour into a 9 x 5-inch loaf pan, lightly oiled.""]"
Hot Sour Soup,"[""4 c. chicken stock"", ""1/4 lb. pork, slivered"", ""4 dried mushrooms (pre-soaked)"", ""1/2 c. bamboo shoots"", ""10 shelled shrimp"", ""1 tsp. soy sauce"", ""1/2 tsp. sherry"", ""2 Tbsp. white vinegar"", ""1/2 tsp. white pepper"", ""1/2 soybean cake, cut in 1-inch cubes"", ""2 Tbsp. cornstarch, in 1/4 c. water"", ""2 eggs, slightly beaten"", ""1 tsp. sesame oil"", ""2 green onions with tops, cut in 1 1/2-inch lengths""]","bamboo shoots, chicken stock, cornstarch, eggs, green onions, mushrooms, pork, sesame oil, sherry, shrimp, soy sauce, soybean cake, white pepper, white vinegar",14,www.cookbooks.com/Recipe-Details.aspx?id=228998,Gathered,"[""Bring chicken stock to a boil; add pork."", ""Reduce heat and simmer for 5 minutes."", ""Skim off foam and add thinly sliced mushrooms and bamboo shoots, shrimp, soy sauce, salt and sherry. Simmer 5 minutes."", ""Add vinegar, pepper and bean cake (tofu)."", ""Cook 3 minutes."", ""Add cornstarch mixture to soup, stirring gently, for 1 minute."", ""Continue stirring, while slowly adding eggs, in threads. Stir in sesame oil and sprinkle with green onions.""]"
Guacamole Dip,"[""1 large ripe avocado"", ""1/4 c. mayonnaise"", ""1 green onion, minced"", ""1/4 tsp. garlic powder"", ""2 tsp. lemon juice"", ""1/4 tsp. chili powder"", ""chopped parsley"", ""1 c. Crisco"", ""2 Tbsp. castor oil"", ""2 Tbsp. mineral oil"", ""2 Tbsp. lanolin"", ""2 Tbsp. glycerine"", ""2 Tbsp. olive oil"", ""red food coloring (enough to make it a pretty pink)"", ""several drops of your favorite perfume""]","avocado, castor oil, chili powder, crisco, garlic powder, glycerine, green onion, lanolin, lemon juice, mayonnaise, mineral oil, olive oil, parsley, red food coloring",14,www.cookbooks.com/Recipe-Details.aspx?id=778238,Gathered,"[""Mix in your mixer on medium speed until thick and creamy. Store in jars and you may keep it in the refrigerator until you use it.""]"
Happy Healthy Health Department,"[""1 c. loving kindness"", ""1/2 c. being nice to everyone"", ""1/8 c. faithful home health aides"", ""1/4 c. goodness for WIC/immunization clinics"", ""2/3c. cardiovascular disease detection"", ""1/8 c. social work for happy patients"", ""1/4 c. thankfulness to nurses for job well done"", ""1/4 c. understanding for Medicare billers, secretaries and bookkeeper"", ""3/4 c. environmental control involvement in our community"", ""1/8 c. animal control for peace in our community"", ""1/8 c. physical therapy for strengthening patients"", ""2 c. helpfulness"", ""3 c. respect for supervisors"", ""1/2 c. thanks/praise for transcribers"", ""3/4 c. healthy Moms/Kids and infection control"", ""3/4 c. heaping daily work, kept up-to-date""]","being nice, cardiovascular disease, community, daily work, health aides, helpfulness, immunization, infection, loving kindness, physical therapy for strengthening patients, supervisors, thankfulness, transcribers, understanding for medicare billers",14,www.cookbooks.com/Recipe-Details.aspx?id=484020,Gathered,"[""Carefully blend all ingredients in large mixing bowl."", ""Fold in extra portions of kindness, helpfulness and respect for others. Bake at moderate temperature until well seasoned and has a bubbly atmosphere."", ""Give plenty of patience while waiting to move into our new headquarters."", ""Sprinkle with togetherness, secret pals and sharing many happy memories and good times in the future."", ""Serve on a platter of good administration."", ""Garnish with the finest board members, namely \""Grade A\"" to accompany the Department Main Dish. Add condiments of volunteers who have donated their time and supplies when needed.""]"
"Best Melon, Mango, And Avocado Salad","[""1 small red onion, very thinly sliced"", ""2 tablespoons red wine vinegar"", ""1/2 cup freshly squeezed orange juice"", ""1 tablespoon grated orange zest"", ""2 teaspoons extra-virgin olive oil"", ""1/4 teaspoon kosher salt"", ""freshly ground black pepper"", ""2 cups small cantaloupe balls"", ""2 cups 1/2-inch diced seedless watermelon"", ""1 ripe mango, cut into 1/4-inch dice"", ""1 cup loosely packed cilantro leaves"", ""1 ripe Hass avocados"", ""1 tablespoon fresh lime juice"", ""6 thin lime slices""]","avocados, cantaloupe, cilantro, extra-virgin olive oil, freshly ground black pepper, freshly squeezed orange juice, kosher salt, lime juice, lime slices, mango, orange zest, red onion, red wine vinegar, seedless watermelon",14,www.allrecipes.com/recipe/218644/best-melon-mango-and-avocado-salad/,Gathered,"[""To make pickled onions, combine the thinly sliced red onion and the red wine vinegar in a small bowl. Cover; chill for at least one hour."", ""Pour the orange juice into a large salad bowl. Whisk in the olive oil and orange zest; season with 1/4 teaspoon salt, and a pinch of black pepper. Toss the cantaloupe, watermelon, and mango in the dressing. Just before serving, stir in the pickled onions and cilantro leaves."", ""Cut the avocados into 1/2 inch dice; place in a small bowl. Sprinkle with the lime juice, and season with the remaining 1/4 teaspoon salt. Stir lightly to combine. Spoon an even amount of avocado into the bottom of 6 large martini or wine glasses. Top avocado with melon salad; garnish each salad with a lime slice.""]"
Fruit And Cheese Platter,"[""fruit spread"", ""9 ounces dried figs, chopped"", ""2 1/2 ounces hazelnuts, chopped"", ""12 ounces apricot preserves"", ""fruit"", ""8 ounces grapes"", ""16 ounces strawberries"", ""3 pears"", ""2 oranges"", ""2 peaches"", ""7 ounces dried apricots"", ""8 ounces brie cheese"", ""8 ounces port wine, du salut"", ""8 ounces blue cheese"", ""1 French baguette"", ""64 whole wheat crackers""]","apricot preserves, apricots, baguette, blue cheese, brie cheese, fruit, fruit spread, grapes, hazelnuts, oranges, peaches, port wine, strawberries, whole wheat crackers",14,www.food.com/recipe/fruit-and-cheese-platter-483565,Gathered,"[""In a small bowl mix spread ingredients. set in the middle of a decorative platter. Arrange the wedge of rouqefort, the wheels of brie and the port du salut on a decorative platter. Surround with the fruits. Serve the pears and peaches whole, the oranges segmented. Leave the tops of the berries on. Have dessert plates for all, and knives, napkins etc. Put the baguette on a bread board. Arrange the cracker on their own plate. Serve with a good dessert wine or Champagne!""]"
Italian Stuffed Chicken Breast With A Marsala Sauce,"[""4 chicken breasts"", ""5 -6 tablespoons Appenzeller cheese"", ""5 -6 tablespoons gruyere cheese"", ""2 tablespoons parmesan cheese (All 3 cheeses should make a cupful maybe a little over, that should be enough for the 4 breasts.)"", ""8 sage leaves, 2 per breast"", ""4 -8 slices prosciutto (I have said this, as if they are quite wide slices, 1 per breast and if they are thin slices, you wi)"", ""Marsala Sauce"", ""1 cup marsala"", ""2 teaspoons instant chicken bouillon granules"", ""1/2 cup light cream"", ""1/2 cup thick double cream"", ""2 teaspoons tarragon"", ""1 teaspoon cornflour"", ""pepper""]","appenzeller cheese, chicken breasts, cornflour, cream, gruyere cheese, instant chicken, light cream, marsala, marsala sauce, parmesan cheese, pepper, sage, said, tarragon",14,www.food.com/recipe/italian-stuffed-chicken-breast-with-a-marsala-sauce-284144,Gathered,"[""Pound chicken with a meat mallet until it is close to the same thickness all over about 1/4 inch."", ""Lay a slice of prosciutto over breast, 2 if they are thin, top with two sage leaves, laying them top to bottom down the centre of the breast. Distribute cheese equally among the breasts again lay it top to bottom down the centre of the breast."", ""Fold breast over to join, secure with kitchen string at close intervals, tying as tightly as you can, to prevent cheese from melting out of the chicken breast during cooking."", ""Heat a small amount of olive oil in a pan, add chicken breasts and brown on both sides to give the breast a nice rich colour."", ""Transfer breasts to an ovenproof dish and finish cooking in a pre-heated oven 180c. It will take about 30-40 Min's depending in the size of the breasts."", ""Sauce."", ""Add 1 cup of Marsala, 2 teaspoons chicken stock, heat through, add 1/2 cup reduced fat cream and the double cream, mix a little water with the cornflour add a little at a time, to thicken, add pepper to taste and stir in tarragon."", ""To serve: Place a couple of spoonfuls of mash on a plate, slice chicken, and arrange over the top drizzle sauce over.""]"
Easy Vietnamese Pho,"[""6 cups beef stock"", ""1 None lime, juiced"", ""2 tbsp fish sauce + extra to serve"", ""2 None star anise"", ""2 None cardamom pods (optional)"", ""7 oz rice noodles"", ""1 lb beef tenderloin, sliced very thinly"", ""4 oz bean sprouts"", ""1/2 bunch fresh cilantro, leaves picked"", ""1/2 bunch fresh basil leaves"", ""2 None spring onions, thinly sliced"", ""1 None long red chili, thinly sliced"", ""None None fried shallots, to serve"", ""None None lime wedges, to serve""]","anise, bean sprouts, beef stock, beef tenderloin, cardamom pods, fish sauce +, fresh basil, fresh cilantro, lime, lime wedges, long red chili, rice noodles, shallots, spring onions",14,recipes-plus.com/api/v2.0/recipes/23636,Gathered,"[""In a large saucepan, combine stock, lime juice, fish sauce, star anise and cardamom. Bring to a boil, reduce heat and simmer for 5 mins."", ""Meanwhile, prepare noodles following package instructions. Drain well."", ""Divide noodles between serving bowls. Top with raw beef slices, bean sprouts, herbs, spring onion and chili. Ladle hot stock over top and sprinkle with fried shallots. Serve with fish sauce and lime wedges.""]"
Rlsawyers' Chicken Enchilada Pie ,"[""2 pounds Boneless Skinless Chicken Breast"", ""2 pounds Shredded Mexican Style Cheese"", ""12 Flame-Grilled Corn Tortillas, White or Yellow"", ""2 teaspoons Cooking Oil or Spray"", ""1 handful Chopped Lorocco Flowers, optional"", ""2 cups Your favorite Red/Green Salsa"", ""1 can Red Enchilada Sauce"", ""1 can Green Enchilada Sauce"", ""1 sheet 13x9x2 Cake Tin"", ""1/4 cup Sour Cream, optional"", ""4 pieces Jalapenos, chopped with or without seeds, optional"", ""1 handful Cilantro, chopped, optional"", ""1 handful Black Olives, any style, optional"", ""2 quarts Skillet if you have an electric stove, not needed for gas stove."", ""8 cups Large Mixing Bowl""]","cheese, chicken, cooking oil, corn tortillas, favorite red, green enchilada sauce, handful, handful black olives, handful cilantro, jalapeños, mixing bowl, red enchilada sauce, skillet, sour cream",14,www.epicurious.com/recipes/member/views/rlsawyers-chicken-enchilada-pie-5a316d25364c9024d0d4e728,Gathered,"[""1 day before, slice chicken breasts into 1/2 thick cutlets against the grain."", ""1 day before marinate chicken breasts in 2 cups of your favorite salsa. I use half green and half red La Victoria salsa."", ""Bring to boil covered then simmer uncovered 2 cans of enchilada sauce. Mix occasionally."", ""Bake at 350 marinated chicken strips + jalapenos (stoneware works best) 15-20 minutes. Make sure chicken has turned white, do not overcook."", ""Flame-Grill Corn Tortillas directly over open flame. If stove is electric, grill tortillas in a skillet."", ""Spray or Coat cake tin with cooking oil."", ""Strain cooked chicken in a collander and allow to cool."", ""Layer bottom of oiled cake tin with 6 tortillas."", ""Cover tortillas with shredded cheese"", ""Shred cooked chicken with forks or fingers in large bowl. Add sour cream, chopped lorocco, and 1.5 cups shredded cheese."", ""Spread chicken mixture onto cheese and tortillas."", ""Add another layer of shredded cheese."", ""Add six more flame grilled tortillas."", ""Ladel on lots of enchilada sauce, throroughly cover the whole enchilada. :)"", ""Add final layer of shredded cheese. This is gonna be yummy!"", ""Bake RLSawyers' Chicken Enchilada Pie at 350 for 25 minutes or until cheese is bubbly and starting to brown."", ""Let cool 5 to 10 minutes, cut into squares and serve with your choice of toppings."", ""Refrigerate RLSawyers' Chicken Enchilada Pie. Can be made 2 days ahead.""]"
Mini Salmon Burgers With Vodka Creme ,"[""1 1/2 lbs of salmon- cut in cubes before putting in the processor."", ""1 small shallot or 2-3 tbsp onion"", ""1 tsp of seasoning- Creole, Cajun or Australian fish spice mix"", ""1 TBSP of dill"", ""2Tbsp capers"", ""Zest from 1/2 of a lemon"", ""Little bit of lemon juice- approximately. 2 tsp"", ""2-4 tbsp mayo"", ""2 tbsp chives chopped or chive blossoms"", ""Veg oil to coat your hands"", ""Vodka Creme fraice"", ""1 cup creme fraise or sour cream"", ""2 TBSP vodka approximately"", ""2 Tbsp dill"", ""mix- enough vodka in so you can taste it but do not thin the creme too much"", ""For sliders take the thin diet hamburger buns and cut with a cookie cutter - or if you want a special appetizer make blini -or use those rye squares""]","before putting, cajun, capers, chives, crème fraise, dill, lemon, mayo, shallot, sliders, veg oil, vodka, vodka approximately, vodka crème fraice",14,www.epicurious.com/recipes/member/views/mini-salmon-burgers-with-vodka-creme-50087183,Gathered,"[""Put the onion, spice, lemon zest and dill in the processor first to mince- add the capers and salmon and dollop in 1/2 the mayo- chop carefully do not puree"", ""Add more mayo for proper texture and the lemon juice-"", ""Let chill a bit"", ""Coat your hands with veg oil and make little balls- slightly smaller than golf balls for appetizers or bigger for sliders - coat your hands frequently- to keep the burger coated-"", """", ""Chill again -smash a bit to make burger and grill"", ""Toast the rolls or bread and top with the burger"", ""Top the burger with a dollop of the creme and some chopped chives""]"
Roasted Sausage And Sweet Potato Casserole ,"[""Roasted Sausages and Sweet Potato-White Bean Stew"", ""From Country Living"", ""This recipe has been tested by Country Living"", ""Roasting sausage is great alternative to grilling in the winter. The juicy sausage lends its rich flavor to the stew in this delicious one-pot meal!"", ""By Marian Cooper Cairns"", ""Be the first to rate this recipe"", ""RecipePhotosReviews"", ""Save this recipe"", ""Add ingredients to my shopping list"", ""Submit your version"", ""Nutritional Information"", ""(per serving)"", ""Calories\t592"", ""Total Fat\t33g"", ""Saturated Fat\t--"", ""Cholesterol\t57mg"", ""Sodium\t1575mg"", ""Total Carbohydrate\t48g"", ""Dietary Fiber\t7g"", ""Sugars\t--"", ""Protein\t24g"", ""Calcium\t--"", ""roasted sausages and sweet potato white bean stew"", ""Ryan Liebe"", ""Serves: 6"", ""Total Time: 45 min"", ""Prep Time: 15 min"", ""Oven Temp: 450"", ""Ingredients"", ""U.S.\t\tMetric\tConversion chart 2\tmedium sweet potatoes, cut into 1-inch pieces 1\tsmall sweet onion, chopped 4\tsprig(s) fresh thyme 2\tclove(s) garlic, minced 3/4 teaspoon(s) kosher salt 3/4 teaspoon(s) freshly ground black pepper 2\ttablespoon(s) olive oil 8\t(about 2 pounds) fresh pork sausage links 1\tcan(s) (14.5-ounce) low-sodium chicken broth 1\tbunch(es) Swiss chard (or other hearty greens), coarsely chopped 1\tcan(s) (15.5-ounce) cannellini beans, drained and rinsed 1\ttablespoon(s) red wine vinegar 1\t(12-ounce) baguette, cut in half lengthwise 4\ttablespoon(s) garlic-and-herb butter, softened (such as Kerrygold)"", ""Directions"", ""Heat oven to 450 degrees F. Toss together first 7 ingredients in a large roasting pan. Arrange in a single layer, and place sausage on top of vegetables."", ""Bake at 450 degrees F for 20 minutes. Remove pan and stir in broth and next 3 ingredients. Bake 10 more minutes or until sausage is browned and potatoes are tender. Meanwhile, spread cut sides of bread with butter; place on baking sheet. Add bread to oven during last 8 minutes of cook time, and bake until toasted.""]","carbohydrate, country living, dietary fiber, directions, f. toss together, information, ingredients, recipe, recipe has been, recipephotosreviews, sausage, sweet potatoes, white bean stew, your version",14,www.epicurious.com/recipes/member/views/roasted-sausage-and-sweet-potato-casserole-52998741,Gathered,"[""Directions"", ""Heat oven to 450 degrees F. Toss together first 7 ingredients in a large roasting pan. Arrange in a single layer, and place sausage on top of vegetables."", ""Bake at 450 degrees F for 20 minutes. Remove pan and stir in broth and next 3 ingredients. Bake 10 more minutes or until sausage is browned and potatoes are tender. Meanwhile, spread cut sides of bread with butter; place on baking sheet. Add bread to oven during last 8 minutes of cook time, and bake until toasted.""]"
Root Veggie Salad with Lentils & Goat Cheese,"[""1-1/2 qt. red beets, roasted, quartered"", ""3 cups red onions, thinly sliced"", ""1-1/2 cups mixed parsnips and carrots, chopped, sauteed"", ""1-1/2 cups yellow peppers, chopped"", ""1-1/2 cups roasted red peppers, chopped"", ""3 cups mixed red and yellow pear tomatoes, halved King Sooper's 1 lb For $0.99 thru 02/09"", ""2 cups candied walnuts, coarsely chopped"", ""1-1/2 cups yellow lentils, cooked"", ""1-1/2 cups fennel, sliced, braised"", ""goat cheese, crumbled"", ""1/3 cup fresh parsley, chopped"", ""3/4 tsp. ground black pepper"", ""1-1/2 cups KRAFT Sun Dried Tomato Vinaigrette with Extra Virgin Olive Oil"", ""3 cups micro greens""]","candied walnuts, fennel, fresh parsley, goat cheese, ground black pepper, micro greens, mixed parsnips, mixed red, red beets, red onions, red peppers, tomato, yellow lentils, yellow peppers",14,www.kraftrecipes.com/recipes/root-veggie-salad-lentils-goat-cheese-98322.aspx,Recipes1M,"[""Combine vegetables, tomatoes, walnuts, lentils and fennel."", ""Gently stir in goat cheese, parsley and black pepper until well blended."", ""Add vinaigrette; toss to coat."", ""For each serving: Place 1 cup of the vegetable mixture on serving plate; top with 2 Tbsp."", ""of the greens.""]"
Pickling Spice Recipe,"[""1/4 cup broken cassia bark"", ""2 tablespoons yellow mustard seeds"", ""2 tablespoons black mustard seeds"", ""2 tablespoons coriander seeds"", ""2 tablespoons allspice berries"", ""2 tablespoons black peppercorns"", ""1 tablespoon dill seeds"", ""1 tablespoon fennel seeds"", ""2 teaspoons whole cloves"", ""2 teaspoons celery seeds"", ""2 teaspoons crushed mace blades"", ""8 crushed bay leaves"", ""1 (1-inch) section dried ginger"", ""1 small dried hot red pepper""]","bay leaves, berries, black mustard seeds, black peppercorns, cassia bark, celery seeds, coriander seeds, dill seeds, fennel seeds, hot red pepper, mace blades, section, whole cloves, yellow mustard seeds",14,www.chowhound.com/recipes/pickling-spice-10594,Recipes1M,"[""Combine cassia bark, yellow mustard seeds, black mustard seeds, coriander seeds, allspice berries, black peppercorns, dill seeds, fennel seeds, cloves, celery seeds, mace blades, bay leaves, ginger, and hot red pepper.""]"
Gluten Free Seed Monster Bread,"[""1 cup almond flour"", ""1 cup brown rice flour"", ""13 cup tapioca flour"", ""14 cup pumpkin seeds"", ""14 cup oats"", ""3 tablespoons flax seed meal"", ""1 tablespoon hemp seeds"", ""1 tablespoon flax seed"", ""1 tablespoon millet"", ""1 tablespoon dry active yeast"", ""14 teaspoon ground sea salt"", ""3 tablespoons nut oil (i used walnut)"", ""1 tablespoon raw cider vinegar"", ""1 large brown egg"", ""1 13 cups almond milk""]","active yeast, almond flour, almond milk, brown egg, brown rice flour, cider vinegar, flax seed, ground sea salt, hemp seeds, millet, nut oil, oats, pumpkin seeds, tapioca flour",14,www.food.com/recipe/gluten-free-seed-monster-bread-494696,Recipes1M,"[""1. mix all the dry ingredients together in a large bowl, mix well."", ""2. heat up 1/3 C of almond milk to 110 degrees and add yeast with a pinch of raw cane sugar."", ""(any sugar works)."", ""set aside for 8 to 15 minute."", ""3. mix egg, milk, vinegar and oil together, and add activated yeast."", ""(mix well) then add to dry mix."", ""mix this well for about 3 minutes."", ""4. set bread aside for an hour in a greased up loaf pan to rise."", ""5. preheat oven to 375."", ""6. sprinkle oats on top of the bread after it has risen then bake in oven for 45 minutes or until golden brown on top.""]"
Black Maharashtrian Masala (Kala Masala) Recipe,"[""1 kg Dhania seeds, (coriander seeds)"", ""1/2 kg Lal mirch saboot, (whole red chillies)"", ""1/2 kg Sukha khopra, (dehydrated coconut minced)"", ""100 gm Lavang, (cloves)"", ""100 gm Kali mirch, (pepper corns)"", ""100 gm Tejpan, (bay leaves)"", ""100 gm Nagkeshar"", ""100 gm Dagad phool"", ""100 gm Masala phool"", ""100 gm Masala, (badi) elaichi (large black cardamoms)"", ""100 gm Shajira, (caraway seeds or possibly white cumin)"", ""100 gm Haldi ke ganthiye, (dry turmeric root)"", ""100 gm Hing ke tukde, (asafoetida in broken form)"", ""100 gm Til, (sesame seeds)"", ""100 gm Karala"", ""100 gm Khuskhus, (food grade poppy seeds)"", ""100 gm Dalchini, (cinnamon)""]","dalchini, dhania seeds, ganthiye, gm, gm lavang, karala, khuskhus, masala, mirch, nagkeshar, saboot, shajira, tejpan, tukde",14,cookeatshare.com/recipes/black-maharashtrian-masala-kala-masala-85944,Recipes1M,"[""Dry roast each of the ingredients on a low flame until well done."", ""Don't roast asafoetida and turmeric."", ""Lb."", ""all ingredients together until a coarse pwdr is formed."", ""Store in a clean dry airtight container."", ""Note: This is definitely a lengthy process, and which is why I had recommended buying to those who are short of time."", ""(who isn't)."", ""Another problem is availability of all the spices in places outside India."", ""I have not been able to find English equivalents to some of these spices in spite of extensive reference to innumerable dictionaries and enquiries with store owners."", ""Which is the reason why I have not given English names for some of the ingredients."", ""But these spices are abundantly available with storekeepers in India and familiar with their indigenous names."", ""However, good news for those who are willing to make it."", ""The effort is definitely worth it."", ""Beside this masala if properly stored will keep good without refrigeration for almost 2 years!!!"", ""For those who are still eager to make the same,"", ""I would drop a small tip: Just omit the ingredients you can't lay hands on (except the basic ones like dhania, chilli, coconut and other common ones) and go ahead and try it in a small quantity."", ""The result may not be the same, but I am quite sure it won't be disappointing."", ""All the best.""]"
"Fruity-Nutty Banana, Chocolate Granola Bars","[""2 each bananas mashed"", ""1/2 cup peanut butter or almond butter"", ""2 tablespoons cherries, dried chopped"", ""2 tablespoons blueberries dried and chopped"", ""1/4 cup apricots, dried chopped"", ""1/4 cup prunes chopped"", ""1/4 cup cranberries, dried chopped"", ""1 cup rolled oats quick-cooking or rolled"", ""1/4 cup ground flax seed freshly ground"", ""1 tablespoon sesame seeds"", ""1 tablespoon sesame seeds black"", ""1/2 cup almonds chopped, or other nuts"", ""1/4 cup sunflower seeds"", ""1/4 cup pepitas (pumpkin seeds)"", ""1/2 cup chocolate chips (semi-sweet)""]","almonds, bananas mashed, blueberries, cherries, chocolate chips, cranberries, ground flax, peanut butter, pepitas, prunes chopped, rolled oats, sesame seeds, sesame seeds black, sunflower seeds",14,recipeland.com/recipe/v/fruity-nutty-banana-chocolate-g-53287,Recipes1M,"[""Preheat the oven to 350F (180C)."", ""Line a 8 by 8-inch or a similar capacity baking pan with parchment paper or foil."", ""In a large saucepan, heat together mashed banana and peanut or almond butter over medium heat until slightly bubbles."", ""Remove from the heat, add all the dried fruits, oats, ground flax seeds, sesame seeds, and all the nuts into the saucepan."", ""Stir with a wooden spatula until well mixed."", ""Stir in the chocolate chips until well combined."", ""Transfer the mixture into the prepare baking pan, spread the mixture evenly with a rubber spatular, and smooth the top."", ""Bake for about 30 minutes until the top is firm to touch."", ""Let cool in the pan on a wire rack completely."", ""Cut into bars and enjoy."", ""The granola bars can be kept in an air-tight container in the frige for at least a week or in the freezer for up to months.""]"
International Twist,"[""12 oz. rotelle pasta"", ""1 lb. low-fat, skinless kielbasa sausage, sliced"", ""1 small green bell pepper, chopped"", ""1 small red bell pepper, chopped"", ""1 Vidalia onion, chopped"", ""1 (24 oz.) jar mild salsa"", ""1 (15 oz.) can kidney beans, drained"", ""1 (8 oz.) can no salt tomato sauce"", ""1/2 c. sliced ripe olives"", ""1 tsp. taco seasoning mix"", ""4 oz. shredded low-fat Cheddar cheese"", ""4 oz. shredded low-fat Mozzarella cheese"", ""3 c. crushed cheese flavored tortilla chips"", ""low-fat sour cream""]","cheddar cheese, crushed cheese flavored tortilla chips, green bell pepper, kidney beans, low-fat, low-fat sour cream, mozzarella cheese, olives, red bell pepper, rotelle pasta, salsa, taco seasoning mix, tomato sauce, vidalia onion",14,www.cookbooks.com/Recipe-Details.aspx?id=993243,Gathered,"[""Preheat oven to 400\u00b0."", ""In a large pot of boiling water, cook pasta according to directions."", ""Drain."", ""Meanwhile, saute kielbasa, peppers and onion in a large, nonstick skillet."", ""Add salsa, kidney beans, tomato sauce, olives and taco seasoning and cook until the vegetables are softened (about 7 minutes)."", ""Grease a 10-inch glass pie pan with nonstick spray."", ""Pour the pasta mixture into the pan; top with half of the shredded cheeses.""]"
Simple Turtles® Pumpkin Pie,"[""Crust:"", ""1 1/4 cups finely crushed graham cracker crumbs"", ""1/4 cup white sugar"", ""6 tablespoons butter, melted"", ""Filling:"", ""1/4 cup caramel topping"", ""1/2 cup pecan pieces"", ""1 cup cold milk"", ""1 cup canned pumpkin"", ""2 (4-serving size) packages instant vanilla pudding mix"", ""1 teaspoon ground cinnamon"", ""1/2 teaspoon ground nutmeg"", ""1 (8 ounce) container whipped topping (such as Cool Whip(R)), thawed and divided"", ""2 tablespoons pecan pieces"", ""2 tablespoons caramel topping""]","butter, caramel topping, cold milk, crust, filling, graham cracker crumbs, ground cinnamon, ground nutmeg, instant vanilla pudding, pecan, pecan pieces, pumpkin, topping, white sugar",14,www.allrecipes.com/recipe/235804/simple-turtles-pumpkin-pie/,Gathered,"[""Preheat oven to 375 degrees F (190 degrees C)."", ""Combine graham cracker crumbs, sugar, and melted butter in a mixing bowl until evenly moistened; press into the bottom and sides of a 9-inch pie pan."", ""Bake in the preheated oven until the crust is lightly browned and smells toasted, about 6 minutes. Remove from the oven and allow to cool."", ""Spread 1/4 cup caramel topping onto the cooled crust. Sprinkle 1/2 cup pecan pieces over the caramel topping."", ""Whisk milk, pumpkin, pudding mix, cinnamon, and nutmeg together in a bowl until well combined. Stir 1 1/2 cups whipped topping into pumpkin mixture. Spread pumpkin mixture into crust. Spread remaining whipped topping over the top of the pie. Refrigerate pie until chilled, at least 1 hour. Sprinkle 2 tablespoons pecans atop the pie and drizzle with 2 tablespoons caramel using a fork.""]"
Cambodian Style Ground Pork,"[""2 1/2 lbs ground pork"", ""8 anchovy fillets, finely chopped"", ""2 1/4 teaspoons sweet paprika"", ""3/4 teaspoon pure chile powder"", ""1/4 teaspoon cayenne"", ""1 1/4 cups coconut milk"", ""1 medium jicama, peeled and coarsely grated"", ""1 tablespoon fresh lime juice"", ""12 flour tortillas"", ""Toppings"", ""1 small eggplant, cut into very thin,1 & 1/2 inch long strips"", ""1/2 small green cucumber, peeled and coarsely grated"", ""5 pickling cucumbers, peeled and coarsely grated"", ""1/2 cup fresh mint leaves""]","anchovy, cayenne, chile powder, coconut milk, eggplant, flour tortillas, fresh mint, green cucumber, ground pork, jicama, lime juice, pickling cucumbers, sweet paprika, toppings",14,www.food.com/recipe/cambodian-style-ground-pork-28886,Gathered,"[""Place the pork, anchovies, paprika."", ""chili powder and cayenne in a large ungreased frying pan."", ""Cook over medium high heat."", ""Stirring occasionally to break up the chunks of meat about 5 minutes until the pork is browned."", ""Add the coconut milk and cook until almost all the liquid evaporates, about 10 minutes."", ""Mix the jicama and the lime juice to assemble."", ""Spread about 1/3 cup of the pork filling in the center of a tortilla."", ""Top with the jicama, eggplant, cabbage, cucumbers, and mint."", ""Fold and serve.""]"
B-52 Cake,"[""Grand Marnier Layer"", ""10 1/2 ounces semisweet fine chocolate"", ""1 1/3 ounces Grand Marnier"", ""5 1/4 ounces heavy cream"", ""Kahlua Layer"", ""10 1/2 ounces milk chocolate"", ""5 1/3 ounces unsalted butter"", ""3 1/3 ounces Kahlua"", ""1 egg yolk"", ""Whiskey Layer"", ""1/4 lb milk chocolate"", ""1/2 lb white chocolate"", ""2 tablespoons Bourbon"", ""2 tablespoons unsalted butter"", ""1 1/2 ounces heavy cream"", ""mint creme anglaise (Mint Creme Anglaise)""]","bourbon, butter, chocolate, egg yolk, grand marnier, grand marnier layer, heavy cream, kahlua, kahlua layer, layer, milk chocolate, mint creme anglaise, unsalted butter, white chocolate",14,www.food.com/recipe/b-52-cake-46032,Gathered,"[""Line the bottom of an 8\"" springform pan with parchment paper."", ""Then proceed as follows: Grand Marnier Layer."", ""In a double boiler, melt the chocolate with the Grand Marnier."", ""In a small pan, bring the cream[i]just[/i] to a boil."", ""Incorporate the hot cream into the melted chocolate slowly with a whisk."", ""Pour into pan and chill until set."", ""Kahlua Layer."", ""In a double boiler, melt the milk chocolate with the butter and Kahlua."", ""Cool to room temperature and then whisk in the egg yolk."", ""When cool, pour over first layer which has been set."", ""Chill until set."", ""Whiskey Layer."", ""In a double boiler, melt the chocolates and butter."", ""Whisk in the whiskey and cream (you will have to whisk briskly to incorporate the whiskey)."", ""Cool to room temperature and then add to layers already set."", ""Freeze overnight until hardened, cover with plastic wrap."", ""Dress each plate with a\""pool\"" of[recipe=43374]Mint Cream Anglaise 43374[/recipe, unmold and serve each slice on a dressed plate.""]"
Kadukash ( Sindhi Mango Pickle),"[""5 kg green mangoes"", ""150 g salt"", ""2 -3 tablespoons kashmiri chili powder"", ""50 g fenugreek seeds"", ""50 g anise seeds"", ""2 tablespoons black pepper, coarsely ground"", ""1 teaspoon turmeric"", ""1 tablespoon black cumin seeds"", ""2 tablespoons onion seeds"", ""6 leaves mace, ground"", ""1 teaspoon nutmeg"", ""4 cinnamon sticks"", ""1 liter vinegar"", ""1 liter oil""]","anise seeds, black cumin, black pepper, cinnamon sticks, fenugreek seeds, green mangoes, kashmiri chili powder, liter oil, mace, nutmeg, onion seeds, salt, turmeric, vinegar",14,www.food.com/recipe/kadukash-sindhi-mango-pickle-8965,Gathered,"[""Peel and grate mangoes or shred finely."", ""Keep mace, vinegar, cinnamon and nutmeg separately."", ""Add remaining ingredients to the grated mangoes."", ""Mix well and put in a jar."", ""Keep it overnight."", ""The following morning, coarsely grind mace and cinnamon."", ""Add it to the mango mixture with nutmeg and vinegar."", ""Mix well."", ""Cover with oil."", ""It is ready for eating after 1 week.""]"
Phoenician Summer Squash ,"[""PHOENICIAN SUMMER SQUASH"", ""2 Medium to large Yellow Squash, peeled and cubed into 3/4 inch pieces"", ""2 Medium to large unpeeled Zucchini, cubed into 3/4 inch pieces"", ""1 Medium yellow or white onion , diced"", ""6 (or more to taste) cloves of garlic, peeled and chopped"", ""2 Medium sized Bell Peppers (any color, but red looks good), seeded and chopped"", ""2 medium sized jalapeno peppers, seeded, de-ribbed and chopped"", ""1 medium size can of sweet corn, drained"", ""2 tablespoons corn oil or canola oil"", ""1 tablespoon (or more to taste - I use all chili oil)"", ""of Chinese Hot Chili Oil (available in most big markets, or in almost"", ""every Oriental grocery store)."", ""3-4 Tablespoons (or more to taste) of Chinese Hot Chili Sauce (it's red, usually comes in"", ""a plastic squeeze bottle, looks like catsup, tastes like lava! Good stuff)"", ""8 oz (or more) of shredded cheese. I like sharp cheddar, but Colby, longhorn, jack or any"", ""similar cheese will work.""]","catsup, cheddar, chili oil, corn oil, garlic, grocery store, markets, peppers, phoenician, sweet corn, white onion, will, yellow squash, zucchini",14,www.epicurious.com/recipes/member/views/phoenician-summer-squash-1203166,Gathered,"[""Heat the oils in a large wok over medium high heat. When oil is hot add onion, bell pepper and garlic. Stir occasionally to prevent burning. When onion starts to become translucent add the jalapeno peppers, stir in for about two minutes. Add the yellow squash and zucchini in small batches, stirring constantly, raise heat if necessary. As the squash heats it will release liquid and shrink, at that point add more squash. It should take about four additions. At this point you should have a pretty full pan. Add the Chili Sauce and the corn. Continue stirring over medium heat for about four to five minutes. You want the squash to be heated thru and hot but not mushy - do not overcook. It should be al dente. At this stage you can turn the mixture out into a very large serving bowl or keep it in the pan for the next step. Immediately add the shredded cheese of your choice. Toss thoroughly, let sit for five minutes. Enjoy. Excellent as a main dish or as a side dish with grilled chicken or steak.""]"
Chicken Wontons With Spicy Asian Broth ,"[""Soup:"", ""750ml (3 cups) Water"", ""1 vegetable stock cube"", ""1 tsp fish sauce"", ""1/2 lemon-grass stem, pale section only, finely chopped"", ""2 fresh kaffir lime leaves, torn"", ""2cm-piece fresh ginger thinly sliced"", ""1/2 Birdseye chillies, sliced"", ""1 garlic cloves, sliced"", ""Stalks and roots from 2 coriander sprigs"", ""Wontons:"", ""250g chicken mince"", ""1 garlic clove, crushed"", ""1 green shallot sliced thinly"", ""finely grated lemon rind from 1/2 lemon"", ""18 wonton wrappers"", ""To finish:"", ""4 asparagus spears, woody ends trimmed, diagonally cut"", ""2 green shallots, ends trimmed, thinly sliced diagonally""]","birdseye chillies, chicken mince, fish sauce, fresh ginger, fresh kaffir lime, garlic, green shallot, green shallots, lemon rind, lemon-grass stem, stalks and roots, vegetable stock cube, wonton wrappers, wontons",14,www.epicurious.com/recipes/member/views/chicken-wontons-with-spicy-asian-broth-50043875,Gathered,"[""Method:"", ""1.\tCombine the water stock cube, water, fish sauce, lemon grass, lime leaves, ginger, chilli, coriander roots and garlic in a large saucepan. Bring to the boil over medium-high heat."", ""2.\tGently simmer, covered, for 5 -10 minutes or until fragrant and reduced slightly."", ""3.\tRemove from heat. Strain through a fine sieve into a clean large saucepan. Discard solids."", ""4.\tMeanwhile, combine the chicken, garlic, sliced green shallots and lemon rind in a bowl. Place wonton wrappers on a clean work surface. Place 1 heaped teaspoonful of chicken mixture in the centre of each wrapper. Wrap up each wonton - following the directions the page."", ""5.\tBring soup back to a simmer over medium heat. Add wontons and asparagus and simmer, covered, stirring occasionally, for 4 minutes or until wontons are cooked"", ""6.\tRemove from heat. Stir in coriander and green shallot."", ""7.\tDivide wontons and soup among serving bowls. Serve immediately.""]"
Old Fashioned Apple Cake (Gluten-Free And Dairy-Free),"[""1/3 cups coconut flour"", ""4 teaspoons coconut oil, melted"", ""1 teaspoon maple syrup"", ""2 teaspoons coconut sugar"", ""1/3 cups chopped walnuts"", ""6 sweet-tart apples (i.e. - Pink Lady or Honey Crisp)"", ""1 tablespoon cinnamon - cake ingredients"", ""1 1/2 cups oat flour - cake ingredients"", ""3/4 cups almond flour - cake ingredients"", ""1/2 cups millet flour - cake ingredients"", ""1 tablespoon baking powder - cake ingredients"", ""1 teaspoon baking soda - cake ingredients"", ""1/2 teaspoons sea salt - cake ingredients"", ""1 cup applesauce - cake ingredients"", ""3 tablespoons coconut oil, melted - cake ingredients"", ""4 eggs- cake ingredients"", ""1 cup coconut sugar - cake ingredients"", ""2 teaspoons vanilla - cake ingredients""]","baking powder - cake, baking soda - cake, cake ingredients, cinnamon - cake ingredients, coconut flour, coconut oil, coconut sugar, flour - cake ingredients, maple syrup, millet flour, salt, sweet-tart apples, vanilla - cake ingredients, walnuts",14,food52.com/recipes/33104-old-fashioned-apple-cake-gluten-free-and-dairy-free,Gathered,"[""Crumble - Mix melted coconut oil, maple syrup, and sugar together."", ""Crumble - Add coconut flour and mix with a fork until it reaches a crumble texture."", ""Crumble - Add walnuts and mix one more time."", ""Cake - Grease a tube pan with coconut oil. (NOTE: you can also use a round springform pan, bread pans, or a large rectangle baking pan)."", ""Cake - Wash, core and cut apples into 1/2\"" chunks. (TIP: slice apples as normal and cut each slice into fourths to make the chunks.) Add 1 tablespoon cinnamon, mix, and set aside."", ""Cake - In a medium bowl, sift oat flour, millet flour, almond flour, baking soda, baking powder, and sea salt. Set aside."", ""Cake - In a large bowl, whisk applesauce, melted coconut oil, eggs, coconut sugar, and vanilla."", ""Cake - Pour the dry ingredients into the wet ingredients and mix until well incorporated, but do not overmix."", ""Cake - Pour half of the batter into the tube pan, then layer with 1/2 of the apple chunks. Pour the remaining batter on top of it and add one last layer of the remaining apples. Place in the oven and bake for 1 hour."", ""Cake - Follow the steps above to make the crumble. Set aside."", ""Cake - Evenly spread the crumble over the partially baked cake and bake for another 20 minutes or until a butter knife comes out clean.""]"
Beef Taquitos,"[""Shredded Beef - make a day (or two) ahead"", ""3 pounds beef stew meat"", ""1/2 large sweet onion - chopped"", ""1/2 teaspoon salt"", ""2 tablespoons Bragg Liquid Aminos (or substitute with soy sauce)"", ""http://bragg.com/products/la.html"", ""Salt, Pepper &amp; Onion powder - to season the shredded meat"", ""Rolling the Beef &amp; Frying the Taquitos"", ""2 packages - 24 count Mission extra thin corn tortillas"", ""Buttery cooking spray"", ""Clean dishtowel"", ""Microwave"", ""Toothpicks"", ""48 fl oz canola oil"", ""Deep fat fryer"", ""Salt""]","ahead, beef stew meat, bragg liquid, canola oil, clean dishtowel, cooking spray, count, fryer, http://bragg.com/products/la.html, microwave, rolling the beef, salt, sweet onion, toothpicks",14,food52.com/recipes/17547-beef-taquitos,Gathered,"[""In a large soup stock pan combine the first 4 ingredients and fill with enough water to cover the meat."", ""Bring to a boil; skim off as much foam as you can.\r\nReduce heat; cover and simmer about 2 hours or until the meat is very tender. Take off the heat and let sit, covered, about another hour."", ""With a slotted spoon take out the meat and place onto a large platter; using two forks shred it all.\r\nSprinkle with salt, pepper and onion powder to taste, add a few drops of the broth, store in an airtight container and refrigerate."", ""Save the broth for other uses. (We always make a vegetable, barley soup to go with our Tacquitos)."", ""Place 5 tortillas that have been generously sprayed with cooking spray onto half of the dishtowel. Fold the other half over the top and microwave (high power) for 1 minute."", ""Let the tortillas cool a few seconds, but not too much or they will crack when rolling; just until they are easy to handle."", ""Put 1-1/2 tablespoon shredded meat on each tortilla.\r\nRoll up very tightly, securing with 2 tooth picks, let them sit while repeating with the next 5 tortillas - and up until you have as many as needed."", ""Note: at this point the Taquitos can be refrigerated up to overnight in an airtight container. Otherwise fry."", ""Fry in deep hot fat (350\u00b0) for 1-2 minutes; fry 3-4 at a time, don't over crowd.\r\nTransfer to a platter lined with a paper towel; sprinkle the hot Taquitos with salt."", ""Continue frying, placing a paper towel between each layer."", ""Serve with green chile sauce, my favorite; or fresh salsa and sour cream.""]"
Spring Blooms,"[""2 bags M&M'S(R) Brand Milk Chocolate Candies for Easter"", ""1 bag SNICKERS(R) Brand Minis for Easter"", ""1 18.25-oz. box yellow cake mix"", ""3/4 cup flour"", ""1 18-oz. roll refrigerated cookie dough"", ""3 16-oz. cans vanilla frosting"", ""1/2 cup chocolate frosting"", ""Yellow, red & blue food colors"", ""Lollipop or craft sticks"", ""Basket weave tip (#48)"", ""Pastry bag"", ""2 8-inch round cake pan(s)"", ""Coookie sheet"", ""Wax paper"", ""2 resealable plastic bags"", ""Printable template""]","bags, cake, chocolate candies, chocolate frosting, colors, coookie sheet, easter, flour, pastry, roll refrigerated cookie dough, template, vanilla frosting, wax paper, yellow cake",14,www.myrecipes.com/recipe/spring-blooms,Gathered,"[""Prep time: 45 min."", ""Baking time: 32 min."", ""Decoration time: 60 min."", ""Preheat oven to 350 degrees. Grease and flour the cake pans, then line them with wax paper."", ""Prepare the cake mix according to the package directions. Divide the batter evenly between the prepared pans."", ""Bake approximately 32-35 minutes, or until a toothpick inserted in the center comes out clean. Remove from the oven, transfer to a wire rack, and let cool completely."", ""Meanwhile, line the cookie sheet with parchment Paper or foil. Knead the flour into the cookie dough, and roll it out to 1/4-inch thickness. Cut out 3 sizes of cookies, using either the printable template or cookie cutters, and arrange them on the prepared cookie sheet. Press the lollipop sticks halfway into each cookie. Bake for 10-12 minutes, or until golden brown. Remove from the oven, transfer to a wire rack, and let cool completely."", ""Blend 1 1/2 cans of vanilla frosting with the chocolate frosting. Fit the pastry bag with the basket weave tip, and fill the bag with half the frosting. Set aside."", ""Roughly chop 2 cups of SNICKERS(R) Brand Minis for Easter; mix with the remaining vanilla frosting."", ""Layer the cake rounds on a serving plate, with the SNICKERS(R) Brand Minis for Easter frosting mixture sandwiched in between layers. Spread a very thin layer of vanilla/chocolate frosting mixture around the outside of the cake. Refrigerate for 30 minutes. Pipe a basket weave around the sides of the cake."", ""Tint the remaining frosting with the assorted food colors. Spoon the tinted frosting into the resealable plastic bags, each with a small corner snipped. Pipe frosting rosettes in the cookies and decorate with M&M'S(R) Brand Milk Chocolate Candies for Easter."", ""Scatter green M&M'S(R) Brand Milk Chocolate Candies for Easter around the top of the cake as grass. Press the \""flower stems\"" into the top of the cake at various heights."", ""How to make the Basket Weave"", ""This is not a complicated decoration to make. If you have never made a basket weave decoration before, follow the directions -- but try practicing with a pencil and paper first."", ""Fit a resealable plastic bag or pastry bag with a ribbon or serrated pastry tip. (The tips and disposal pastry bags are available in your local arts and crafts store or large party store.) Fill the bag with frosting."", ""Pipe the frosting in vertical lines, about 1 1/2 inches apart, around the outside of the cake."", ""Starting at the top of one vertical line, and working your way to the bottom, pipe 1 1/2-inch horizontal lines, spacing these lines 1 1/2 inches apart."", ""Move to the next vertical line, and start piping horizontal lines 1 1/2 inches from the top and staggering them in between the space of the two consecutive vertical lines. Continue the weaving pattern around the outside of the cake. Sounds like too much work? You still can make a great centerpiece! Simply spread the outside of the cake layers with the frosting. For a little variation, use a pastry comb or the tines of the fork through the frosting for a ribbed look.""]"
Curried Whole Wheat Pasta Salad,"[""Curried Dressing"", ""2 cups Kraft Poppyseed Dressing"", ""1 cup canned pineapple juice"", ""1/4 cup chopped pickled ginger"", ""2-1/2 Tbsp. curry powder, toasted, divided"", ""Vegetable Pasta Salad"", ""tofu"", ""2-1/2 Tbsp. coriander seed"", ""2-1/2 Tbsp. mustard seed"", ""2 qt. whole wheat medium pasta shells, cooked"", ""1 cup grape tomatoes, halved"", ""1 cup frozen peas, thawed"", ""1 cup cabbage, thinly sliced"", ""8 slices eggplants, cut into 1-inch-thick slices, grilled and coarsely chopped Safeway 1 ea For $1.28 thru 02/09"", ""1 cup cauliflower florets, blanched"", ""1 cup carrots, blanched, coarsely chopped Target 2 lb For $3.00 thru 02/06"", ""1 cup fingerling potatoes, cooked, halved""]","cabbage, carrots, cauliflower, coriander seed, curry powder, dressing, eggplants, fingerling potatoes, frozen peas, grape tomatoes, pickled ginger, pineapple juice, vegetable pasta salad, whole wheat medium pasta shells",14,www.kraftrecipes.com/recipes/curried-whole-wheat-pasta-salad-121859.aspx,Recipes1M,"[""Curried Dressing: Mix ingredients until well blended."", ""Vegetable Pasta Salad: Add 1/2 cup (125 mL) Curried Dressing (or 2 Tbsp."", ""[30 mL] dressing for trial recipe) to tofu; toss to coat."", ""Refrigerate 30 min."", ""to marinate."", ""Drain tofu; discard marinade."", ""Coat tofu with coriander and mustard seeds."", ""Cook in skillet on medium-high heat 4 to 5 min."", ""or until evenly browned, turning occasionally."", ""Cut into 1-oz."", ""(30-g) portions."", ""Combine pasta, remaining Curried Dressing and all remaining Vegetable Pasta Salad ingredients except tofu."", ""For each serving: Plate 1 cup (250 mL) Vegetable Pasta Salad; top with 1 oz."", ""(30 g) tofu."", ""Serve at room temperature.""]"
Double Stout,"[""3 gallons water"", ""2 1/2 ounces hops bullion"", ""10 pounds malt extract dark"", ""1 pound black patent malt"", ""2 pounds crystal malt"", ""1/2 pound pearl barley flaked"", ""1/4 pound pearl barley roasted"", ""1 teaspoon asorbic acid"", ""1/2 each licorice root"", ""1/2 teaspoon citric acid"", ""1 teaspoon irish moss"", ""1 1/2 ounces hops golding"", ""2 teaspoons nutritional yeast flakes"", ""3/4 ounce yeast, active dry ale""]","asorbic acid, barley, barley flaked, black patent, citric acid, crystal malt, hops bullion, hops golding, irish moss, licorice root, malt, nutritional yeast, water, yeast",14,recipeland.com/recipe/v/double-stout-34873,Recipes1M,"[""Combine water and Bullion hops."", ""Boil for 20 minutes."", ""Add dark malt extract."", ""Boil for 20 minutes."", ""Add black patent malt through Irish moss."", ""Boil for 5 minutes."", ""Remove from heat and add Golding hops."", ""Steep for 5 minutes."", ""Cool and add yeast nutrient and ale yeast."", ""When fermentation has stopped (about 2 weeks), add priming sugar and bottle.""]"
Easy Marinated Veggies,"[""fresh broccoli"", ""fresh cauliflower"", ""fresh whole mushroom"", ""cherry tomatoes"", ""baby dill pickle"", ""pepperoncini pepper"", ""baby carrots"", ""celery"", ""scallion"", ""black olives"", ""green olives"", ""green pepper"", ""red pepper"", ""1 bottle Italian dressing""]","baby carrots, baby dill, black olives, celery, cherry tomatoes, fresh broccoli, fresh cauliflower, green olives, green pepper, italian dressing, mushroom, pepperoncini pepper, red pepper, scallion",14,www.food.com/recipe/easy-marinated-veggies-34209,Recipes1M,"[""Chop veggies to desired sizes and pour dressing over all and let marinate over night.""]"
Whole Kahlua Pig Roasted In A Sand Enclosed Oven For A Luau,"[""Shovels, as needed"", ""15 cubic feet Lava river rocks (lava rocks are porous) to be pre-heated"", ""1/2 cord wood"", ""6 to 8 sheet metal panels measuring approximately 4 feet square (these will retain the heat without being consumed by the fire)"", ""Metal fire tongs to move rocks, panels, wood"", ""Fire mitts to protect your hands from the heat"", ""Safety goggles and protective gear for your body"", ""A large bunch of ti leaves bound together to be used as a \""brush\"" to remove ash from the rocks"", ""A stretcher constructed with 2 (8-foot long, 2 by 6-inch pieces) lumber to comprise the wood handles, connected by 2 (2 by 6 cross) pieces each 3 to 4-feet in length, and an affixed support platform made of 3/4-inch plywood which is 4 feet long by 3 to 4 feet wide"", ""15 feet of 4 foot high heavy gauge chicken wire temporarily affixed to the platform part of the stretcher to hold the pig closed after adding the rocks to the carcass"", ""14 gauge wire as needed to secure the chicken wire"", ""Wire cutters"", ""1 entire head-on pig carcass, innards removed"", ""Banana \""stumps\"" to place between the pig meat and the hot coals to prevent the flesh from burning"", ""Another large bunch of ti leaves, hard stalks snapped out, to be used like aluminum foil to steam the pig""]","aluminum foil, carcass, cord wood, cutters, feet square, foot high heavy gauge chicken wire, gauge, goggles, lumber, move rocks, river rocks, shovels, stumps",13,www.foodnetwork.com/recipes/whole-kahlua-pig-roasted-in-a-sand-enclosed-oven-for-a-luau-recipe.html,Recipes1M,"[""Dig a pit in the sand 2 feet deep and 6 feet in diameter."", ""Add the river rocks and cover with enough of the wood to get the fire underway to heat the rocks."", ""(You will add the additional wood as needed.)"", ""Start the fire (to heat the rocks to 800 degrees F)."", ""Add the metal panels on top of the fire to contain heat without smothering the fire."", ""Using assistance place the gutted pig in the supine position on the stretcher-like platform and wrap the affixed chicken wire around to mostly secure the pig, but leaving enough room to be able to put the heated lava rocks inside the body cavity."", ""Place some banana \""stumps\"" in the body cavity of the pig to serve as a buffer between the hot coals and the pig meat to prevent the flesh from burning."", ""Protecting your face, hands, and body with proper gear and using safe equipment, remove enough of the metal panels from the fire to retrieve the heated rocks with fire safe tongs."", ""Someone will use heavy fire mitts to hold the rocks in a pair of tongs, while the other person uses the ti leaves \""brush\"" to dust off the ash."", ""The rocks with the ash removed are then placed one-by-one in the cavity of the pig so it will cook from the inside out with dry heat."", ""Place some additional banana \""stumps\"" in the body cavity of the pig to serve as a buffer between the hot coals and the pig meat to prevent the flesh from burning."", ""The carcass of the pig is then closed with chicken wire and additional metal wire as needed to secure the chicken wire."", ""Remove the attachments that have been holding the chicken wire to the stretcher."", ""Transfer the pig to sit atop the metal panels of the imu, and use the additional ti leaves like aluminum foil, placing them dull side up, shiny side down in a cross configuration to steam the exterior of the pig with the moisture from the ti leaves."", ""When the pig is cooked through, approximately eight hours, use assistance to remove it from the fire, let rest for 30 minutes, then carve it down."", ""The cheeks of the pig should be reserved for the most honored guest.""]"
Taylor's Tips for Kitchen,"[""1 small quart of chalkboard paint"", ""1 foam paint brush"", ""1 roll of green painters tape. The green one works best."", ""1 box of chalk"", ""1 picture frame, any size"", ""1 frame stand"", ""1 black erasable marker"", ""1 clipboard"", ""1 pack of decorative paper"", ""1 foot of decorative ribbon"", ""4 floor protector pads"", ""1 small nail or small hook"", ""1 pack of paper lunch bags"", ""1 bunch of office clips"", ""1 sharpie pen"", ""1 whole puncher""]","black erasable marker, chalk, clipboard, foot of decorative ribbon, frame, hook, pack of decorative paper, pack of paper, paint, protector pads, puncher, roll of green painters tape, sharpie pen",13,cookpad.com/us/recipes/355949-taylors-tips-for-kitchen,Recipes1M,"[""For the message board in pantry, clean area to be painted to remove dust and dirt."", ""Using green tape, tape off area in which you want paint to be protected from."", ""Following natural door frame works best."", ""Follow instructions on chalk board paint and paint in desired area."", ""Allow to dry per instructions."", ""Remove tape and you now have a private message board."", ""Using different colored chalk for each family member makes it fun and easy to see who a message is for."", ""I store chalk in small espresso cup on one of the shelves."", ""For the counter message area."", ""Pick a nice picture frame to compliment your kitchen decor."", ""Use a picture stand to hold frame."", ""Write menu ideas for a buffet, quick messages, anything you like."", ""Makes a pretty message center."", ""Use a rewritable marker to write with."", ""Clipboard message area"", ""Take a hook, or nail and attach to pantry door."", ""Be very careful it is not too long to go through wood to other side."", ""You could use a stick up type of hook too."", ""Take ribbon and make a bow to hang clipboard."", ""Place furniture pads on back to prevent scratching back wood or painted area."", ""Add in your paper and your set."", ""This is great to write down your pantry items as you use them up."", ""Take paper right to the store!"", ""List is ready!"", ""For paper bag food storage"", ""Take your lunch bags and fold in half."", ""Punch 6 holes on one side, flip, punch 6 more on other side."", ""Fold down top of bag and write on what your placing in it."", ""Open, add your onions, garlic,etc."", ""and secure with office clip."", ""If you have a nice basket, place them in there or on a shelf in pantry."", ""Helps the last longer and keeps you organized!"", ""MOST OF THESE SUPPLIES WHERE PURCHASED AT A LOCAL DOLLAR STORE."", ""YOU CAN ORGANIZE WITHOUT BREAKING A BUDGET!"", ""Hints by taylor68too""]"
Macaroni Salad For A Crowd,"[""1 lb. cooked elbow macaroni"", ""2 (6 oz.) cans ham"", ""1 (9 3/4 oz.) can tuna, drained"", ""Miracle Whip (1 c. to start)"", ""dill relish to taste"", ""1 onion, chopped"", ""several carrots, diced"", ""2 green peppers, diced"", ""2 1/2 tsp. paprika"", ""2 tsp. lemon pepper"", ""2 tsp. dry mustard"", ""2 Tbsp. sweet basil"", ""1 Tbsp. parsley"", ""1 1/2 tsp. marjoram (oregano may be used, but use less)""]","dill relish, dry mustard, green peppers, ham, lemon pepper, macaroni, marjoram, miracle, onion, paprika, parsley, several carrots, sweet basil, tuna",14,www.cookbooks.com/Recipe-Details.aspx?id=267775,Gathered,"[""Mix all ingredients except macaroni."", ""Add drained, cooled macaroni and mix."", ""Add more Miracle Whip if too dry."", ""This is best if made the day before eaten."", ""Spice amounts may vary according to your taste."", ""Flavor greatly enhances overnight.""]"
Julie'S Curry Powder Mix,"[""1 tablespoon spanish paprika"", ""1 tablespoon ground cumin"", ""2 teaspoons ground fennel"", ""1 tablespoon ground mustard"", ""2 teaspoons ground dried ancho chile powder"", ""1 tablespoon ground coriander"", ""1 tablespoon ground turmeric"", ""1 teaspoon ground cardamom"", ""1 teaspoon vietnamese ground cinnamon or 1 teaspoon regular cinnamon (cassia)"", ""1/2 teaspoon ground cloves"", ""1/8 teaspoon white pepper"", ""1/4 teaspoon ground fenugreek"", ""1/4 teaspoon ground ginger"", ""1/4 teaspoon snipped saffron thread""]","cinnamon, ground cardamom, ground cloves, ground coriander, ground cumin, ground dried ancho chile powder, ground fennel, ground fenugreek, ground ginger, ground mustard, ground turmeric, saffron thread, spanish paprika, white pepper",14,www.food.com/recipe/julies-curry-powder-mix-104344,Gathered,"[""Mix them all together very well (running them through a coffee grinder together is a good idea)."", ""Store in an airtight container in a cool, dry place."", ""Makes 1/2 cup curry powder."", ""When I use this mix, I usually lightly toast the powder (to perk up the flavor) in a hot skillet, stirring occasionally, for 1-2 minutes before adding into my recipes.""]"
Red Velvet Elf Shake,"[""Decoration"", ""1 ice cream, cone"", ""red candy melts"", ""red sanding sugar"", ""1 marshmallows"", ""green sanding sugar"", ""green taffy candy"", ""1 cream sandwich biscuit"", ""Shake"", ""1/2 cup red velvet cake"", ""2 scoops vanilla ice cream"", ""3/4 cup milk"", ""1 teaspoon cocoa powder"", ""3 drops red food coloring"", ""1/2 cup whipping cream""]","cocoa powder, coloring, cream, cream sandwich biscuit, decoration, green sanding sugar, green taffy, marshmallows, milk, red candy melts, red sanding sugar, red velvet cake, vanilla ice cream, whipping cream",14,www.food.com/recipe/red-velvet-elf-shake-536893,Gathered,"[""Firstly, heat the red candy melts in the microwave until smooth and melted. Brush all over the cone with a pastry brush and then sprinkle over the sanding sugar to cover completely. Place onto a chopstick in a tall glass to dry."", ""Roll the marshmallow in your hands till round and slightly sticky and then coat in the green sanding sugar."", ""Stick onto the top of the cone with a little candy melt and put aside to dry."", ""Flatten out the green taffy using a rolling pin and cut into a zig zag using a pair of kitchen scissors. Stick around the base of the cone using a little candy melt and mold into shape."", ""Cut the biscuit in half for the ears."", ""Whip the cream to soft peaks and put into the piping bag fitted with a star nozzle. Put the cupcake, ice-cream, milk, cocoa powder and red food dye into the blender and blitz for 1 minute until smooth."", ""Pour into the shake glass."", ""Pipe the cream on top in a large swirl."", ""Place the cone hat on top and finally stick the ears onto the side.""]"
Pacific Rim Smoked Lamb Shanks,"[""Lamb and Rub"", ""4 tablespoons asian dark sesame oil"", ""4 (12 -14 ounce) lamb shanks"", ""1 tablespoon coarse salt"", ""1 tablespoon sugar"", ""1 teaspoon Chinese five spice powder"", ""1 teaspoon fresh ground black pepper"", ""Hoisin Barbecue Sauce"", ""1 1/2 cups tomato base barbecue sauce"", ""1/2 cup hoisin sauce"", ""1/4 cup rice wine"", ""2 tablespoons sriracha sauce (or your favorite hot sauce)"", ""Other Ingredients"", ""1 1/2 cups wood chips, soaked for 1 hour in water to cover, then drained (oak is preferred)""]","asian dark sesame oil, coarse salt, fresh ground black pepper, hoisin barbecue sauce, hoisin sauce, ingredients, lamb shanks, rice wine, rub, spice powder, sriracha sauce, sugar, tomato base barbecue sauce, wood chips",14,www.food.com/recipe/pacific-rim-smoked-lamb-shanks-249338,Gathered,"[""Drizzle oil over the lamb shanks; rubbing it into the meat with your fingertips."", ""Add salt, sugar, five-spice powder, and pepper to a small bowl; stir to mix or use your fingers to mix."", ""Sprinkle the rub all over the lamb, patting it onto the meat with your fingers."", ""To make the barbecue sauce: add bbq sauce, hoisin sauce, rice wine, and sriracha in a nonreactive saucepan over medium heat; bring to a simmer; let simmer 10-15 minutes, until thick and richly flavored; set aside."", ""Set up grill for indirect grilling and preheat to medium-low; **for gas grill, place the wood chips in the smoker box or in a smoker pouch and run the grill on high until you see smoke, then decrease heat to medium-low."", ""When ready to cook, place the lamb shanks, on their side, in the center of the hot grate, over the drip pan and away from the heat; cover the grill."", ""Smoke roast the lamb shanks for 1 hour."", ""Wrap each shank in foil and continue cooking until very tender, 45 minutes to 1 1/4 hours more."", ""When the shanks are fully cooked, the meat will have pulled back from the shank bone and will be tender enough to pull apart with your fingers; internal temperature should be about 180\u00b0."", ""During the last 15 minutes or so, unwrap the shanks and brush them with some of the sauce."", ""Transfer the grilled lamb shanks to a platter and serve with the remaining barbecue sauce.""]"
Make-Ahead Lemon Bombe,"[""16 ounces angel food cake mix"", ""2 ounces unflavored gelatin (2 envelopes)"", ""1/4 cup cold water"", ""1 cup boiling water"", ""12 ounces frozen orange juice concentrate, thawed"", ""1 cup sugar substitute equivalent to sugar (Splenda recommended)"", ""2 tablespoons lemon juice"", ""1/4 teaspoon grated lemon peel"", ""1/8 teaspoon salt"", ""24 ounces frozen light whipped topping, thawed and divided (3 cartons)"", ""1/2 cup flaked coconut, toasted"", ""mint leaf (optional)"", ""maraschino cherry (optional)"", ""lemon slice (optional)"", ""orange slice (optional)""]","boiling water, cake mix, cold water, flaked coconut, lemon juice, lemon slice, light whipped topping, maraschino cherry, mint leaf, orange juice concentrate, orange slice, salt, sugar substitute, unflavored gelatin",14,www.food.com/recipe/make-ahead-lemon-bombe-401031,Gathered,"[""Prepare and bake cake according to package directions, using an ungreased 10-inch tube pan. Cut cooled cake into 1 1/2-inch cubes. Set aside."", ""In a bowl, sprinkle gelatin over cold water; let stand for 1 minute. Add boiling water; stir until gelatin is dissolved. Add the orange juice concentrate, sugar substitute, lemon juice, lemon peel, and salt; mix well. Refrigerate for 30 minutes or until partially set. Fold in 2 cartons of whipped topping."", ""Line a 5 1/2-quart bowl with two overlapping pieces of plastic wrap, letting plastic wrap hang over edge of bowl. In another large bowl, gently combine the cake cubes and whipped topping mixture. Spoon into prepared bowl, gently pushing against side to prevent holes. Cover and refrigerate for at least 24 hours."", ""Just before serving, uncover bombe. Invert onto a cake plate. Remove bowl and plastic wrap. Frost with remaining carton of whipped topping; sprinkle with coconut. Garnish with mint, cherries, and lemon and orange slices if desired.""]"
Pom Sangria ,"[""18 oz. freshly squeezed pomegranate juice* or POM Wonderful(R) 100% Pomegranate Juice"", ""1 750-ml. bottle of dry, fruity Spanish white wine"", ""6 oz. apricot brandy"", ""6 oz. cream sherry"", ""1 oz. simple syrup"", ""1 oz. Prosecco or other sweet sparkling wine"", ""1 lime, sliced into wheels"", ""1 lemon, sliced into wheels"", ""1/2 orange, sliced into wheels"", ""1/2 grapefruit, sliced into wheels"", ""Garnish:"", ""arils from 1 POM Wonderful Pomegranate"", ""red apple wedges"", ""green apple wedges"", ""orange wedges"", ""grapefruit wedges"", ""Cava Spanish Sparkling Brut""]","apricot brandy, cream sherry, freshly squeezed pomegranate juice, grapefruit wedges, green apple wedges, lemon, lime, orange, orange wedges, red apple, simple syrup, spanish sparkling, sparkling wine, wheels",14,www.epicurious.com/recipes/member/views/pom-sangria-50032774,Gathered,"["". Score 1 fresh pomegranate and place in a bowl of water. Break open the pomegranate underwater to free the arils (seed sacs). The arils will sink to the bottom of the bowl and the membrane will float to the top. Sieve and put the arils in a separate bowl."", """", ""2. Place all ingredients into a sangria pitcher."", """", ""3. Refrigerate and let stand 2 hours before serving."", """", ""4. For an individual serving, pour sangria over ice, top with fruit garnish."", """", ""5. Finish each serving with a splash of Cava Spanish Sparkling Brut."", """", ""*\tThis cocktail can be made with freshly squeezed juice from a POM Wonderful pomegranate or by using POM Wonderful 100% Pomegranate Juice. To juice the pomegranate, cut it in half (as you would a grapefruit) and juice using a citrus reamer or a juicer. Pour mixture through a cheesecloth-lined strainer or sieve. One POM Wonderful pomegranate will produce about 1/2 cup of juice.""]"
Chinese Rojak,"[""5/8 cup pineapple rind removed"", ""3/4 cup yam bean peeled"", ""5/8 cup mangoes green"", ""5/8 cup papaya young"", ""1 cup cucumber"", ""3 1/8 tablespoons bean curd puffs"", ""1 3/4 ounces dough fritters"", ""1 teaspoon ginger plant bud, bunga siantan- shredded"", ""1 cup roasted peanuts ground"", ""1 3/4 ounces bean sprouts scalded"", ""4 tablespoons prawn paste"", ""1 1/2 tablespoons lime juice"", ""1/2 tablespoon lime rind"", ""5 tablespoons sugar"", ""fresh chilies some, ground finely""]","bean curd, cucumber, fresh chilies some, fritters, ginger plant, lime juice, lime rind, mangoes, papaya young, peanuts ground, pineapple rind removed, prawn paste, sugar, yam bean",14,www.yummly.com/recipe/Chinese-Rojak-1651390,Gathered,"[""Cut pineapple, yam bean, cucumber, green mangoes, young papaya, guava, bean curd puffs and dough fritters into pieces."", ""Mix red ginger plant bud, 3/4 of the ground peanuts and all Sauce ingredients in large bowl."", ""Add pineapple, yam bean, cucumber, green mangoes, young papaya, bean curd puffs and bean sprouts."", ""Toss and mix well till ingredients are well-coated with sauce."", ""Transfer to serving dish."", ""Top with dough fritters and remaining ground peanuts and serve.""]"
Pork Cutlet Flavored with Soybean Miso,"[""1/2 teaspoon salt"", ""1 tablespoon sake (rice wine)"", ""1 tablespoon ginger juice (see Notes)"", ""1 pound pork shoulder, cut into twelve 3-by-5-by- 1/4-inch slices"", ""2 tablespoons mamemiso (soybean miso)"", ""2 tablespoons mirin (sweet cooking wine)"", ""15 to 20 shiso, preferably, or basil leaves"", ""2/3 cup all-purpose flour"", ""3 eggs, beaten"", ""2 to 3 cups panko breadcrumbs"", ""Vegetable oil, for frying"", ""Lemon wedges (optional)"", ""Plain cooked white or brown rice (optional)"", ""Tonkatsu sauce (optional; see Notes)""]","all-purpose, breadcrumbs, brown rice, eggs, ginger juice, lemon wedges, mamemiso, mirin, pork shoulder, sake, salt, shiso, tonkatsu sauce, vegetable oil",14,www.cookstr.com/recipes/pork-cutlet-flavored-with-soybean-miso,Recipes1M,"[""Soak four bamboo skewers, each about 6 inches long (you can cut longer skewers with a cleaver or kitchen scissors), in water for 30 minutes."", ""In a medium bowl, combine the salt, sake, and ginger juice."", ""Marinate the pork in this mixture for 20 minutes."", ""In a small bowl, combine the miso and mirin, stirring with a spoon until smooth."", ""Spread a thin layer of the miso paste over one pork slice, and place three to four shiso or basil leaves on the paste."", ""Cover with another pork slice, and spread a thin layer of miso paste over the top slice of pork."", ""Roll the pork tightly into a 3-inch cylinder."", ""Make four or five more rolls with the remaining pork and miso paste."", ""Cut each pork roll into four disks."", ""Thread three disks onto each skewer, securing the ends of the rolls with the skewer."", ""Put the flour, beaten eggs, and panko breadcrumbs into three separate pans that are long enough to hold the skewers."", ""Dredge the skewered pork with the flour and then the egg."", ""Dredge the pork again with the flour, then with the egg, and finally with the panko bread-crumbs."", ""Gently press the rolls so that the breadcrumbs adhere well."", ""Heat 1 1/2 inches oil in a wide, deep skillet to 330 degrees F. Fry the pork on the skewers over low heat, two or three at a time, until the outside is golden and cooked through, about 5 minutes."", ""Drain the pork on a rack."", ""Serve the pork on the skewers with lemon wedges, or off the skewers on top of plain cooked white or brown rice and drizzled with tonkatsu sauce.""]"
Wagyu Two Ways,"[""4 pieces Wagyu, 2-inches long and 1/4-inch thick"", ""2 cups rice"", ""1/2 cinnamon stick"", ""1/2 piece star anise"", ""1 piece dry citrus peel"", ""1 tablespoon oyster sauce"", ""1 tablespoon toban jan"", ""2 tablespoon soy sauce"", ""1 tablespoon fermented sweet rice, strained"", ""1 tablespoon sake/shaoxing wine mix 50/50"", ""Drizzle of sesame oil"", ""1 pinch chicken bouillon"", ""4 ounce filet of Wagyu"", ""Grated fresh wasabi"", ""Soy sauce""]","chicken bouillon, cinnamon, drizzle of sesame oil, filet of wagyu, fresh wasabi, oyster sauce, peel, rice, sake/shaoxing wine, soy sauce, star anise, sweet rice, toban jan, wagyu",14,www.foodnetwork.com/recipes/wagyu-two-ways-recipe.html,Recipes1M,"[""Wash rice, soak in water for 30 minutes, remove rice and dry."", ""Toast rice in a pan over medium heat with spices until rice is dry."", ""Process in a blender until rice is 1/3 its original size."", ""Marinate beef 20 to 30 minutes in sauce."", ""Coat beef all over with rice mix, drizzle with a little oil and steam approx 20 to 30 minutes."", ""In a cast iron pan, roast filet until desired temperature, basting with butter."", ""Remove from heat and rest the steak approximately 10 minutes, slice and season with fresh wasabi and soy sauce on the side."", ""Prep Time: 30 minutes""]"
Recipe For Living,"[""1 c. good thoughts"", ""1 c. good works"", ""1 c. consideration for others"", ""2 c. sacrificial love for others"", ""3 c. mercy"", ""1 c. neighborly love"", ""1 c. rose petals for love and unity"", ""1 c. tiny ivy leaves for fidelity"", ""2 c. pansies for loving thoughts"", ""1 c. rosemary for rememberance"", ""1 c. marjoram for health and happiness"", ""1 c. mint leaves for virtue"", ""1 c. coreopsis for cheerfulness"", ""1 c. hydrangea for forgiving and understanding""]","consideration, coreopsis for, fidelity, good works, marjoram for, mercy, mint, neighborly love, others, pansies, petals, rosemary, understanding",13,www.cookbooks.com/Recipe-Details.aspx?id=1069271,Gathered,"[""Combine and spread out to allow flowers and leaves time to dry, approximately 2 weeks, 6 teaspoons rose oil or your favorite potpourri refresher oil may be added."", ""Seal in a plastic bag for 2 to 3 days so the flowers will absorb the oil."", ""It is now ready to be placed in lace handkerchief as favors or showered on the Bride and Groom.""]"
Tv Snack,"[""1/2 box Corn Chex"", ""1/2 box Rice Chex"", ""1/2 box Wheat Chex"", ""1 box sesame stix crackers"", ""1 box sesame and cheese crackers"", ""1 (10 oz.) box pretzels"", ""1 bag pizza goldfish crackers"", ""1 bag cheese goldfish crackers"", ""1 (12 oz.) can cocktail peanuts"", ""1 (12 oz.) can cashews"", ""1 lb. oleo, melted"", ""2 Tbsp. Worcestershire sauce"", ""1 Tbsp. liquid smoke"", ""2 oz. bottle Tabasco sauce"", ""3 tsp. seasoning salt"", ""2 tsp. onion salt"", ""2 tsp. garlic salt""]","box wheat, cashews, cocktail peanuts, crackers, garlic salt, liquid smoke, oleo, onion salt, pretzels, seasoning salt, sesame stix crackers, tabasco sauce, worcestershire sauce",13,www.cookbooks.com/Recipe-Details.aspx?id=1048714,Gathered,"[""Mix the first 10 ingredients together."", ""Mix together the remaining ingredients."", ""Pour liquid mixture over dry mixture and stir well."", ""Bake in preheated oven at 250\u00b0 for 2 hours, stirring every 15 minutes."", ""(Bake in a large roaster pan.)""]"
Mix & Match Pudding Pie (Low Fat ! ),"[""2 cups cold skim milk or 2 cups 2% low-fat milk"", ""1 (8 ounce) container fat-free cool whip"", ""Lemon Pudding Pie"", ""1 (8 ounce) jello lemon flavor instant pudding and pie filling"", ""1 (12 ounce) honey maid graham cracker crust"", ""1 cup raspberries"", ""Pistachio Pudding Pie"", ""1 (8 ounce) Jell-O instant pistachio pudding mix"", ""1 (6 ounce) honey maid graham cracker crust"", ""1 cup miniature marshmallow"", ""Vanilla Pudding Pie 1"", ""1 (8 ounce) jello instant vanilla flavor pudding and pie filling"", ""1 (6 ounce) Oreo cookie pie crusts"", ""1/2 cup toasted coconut flakes"", ""Vanilla Pudding Pie 2"", ""1 (8 ounce) jello instant vanilla flavor pudding and pie filling"", ""1 (6 ounce) nilla pie crusts"", ""1 medium banana, sliced""]","banana, cold skim milk, cookie pie crusts, cool whip, honey, lemon pudding pie, marshmallow, nilla pie crusts, pie, raspberries, toasted coconut flakes, vanilla flavor, vanilla pudding pie",13,www.food.com/recipe/mix-match-pudding-pie-low-fat-162092,Gathered,"[""Pour milk into medium bowl."", ""Add pie filling mix."", ""Beat with wire whisk 2 min until well blended."", ""Spoon 1-1/2 cups of pudding mix into pie crust. Top with special topping."", ""Gently stir in cool whip into remaining pudding."", ""Spoon over pie."", ""Refridgerate for 3 hours."", ""Top with cool whip before serving.""]"
Bouillabaisse Made Easy Recipe,"[""A classic bouillabaisse draws its rich flavor from a stock made from slow-roasted clam, mussel and shrimp shells. To cut preparation time from days to min, I use clam juice to achieve a quick, flavorful stock. You can also use Clamato juice."", ""16 x gulf prawns, peeled, shells saved (16-20 to a lb.)"", ""1/4 c. brandy"", ""1 c. white wine"", ""1/4 c. tomato paste"", ""1/2 gal clam or possibly Clamato juice Zest of 1 orange Healthy pinch of saffron"", ""1/4 c. extra-virgin extra virgin olive oil, plus more for sauteeing"", ""1 x bulb fennel, cored and sliced paper-thin"", ""2 x carrots, peeled and sliced paper-thin Salt and white pepper to taste"", ""1 x yellow onion, sliced into thin rings"", ""1 Tbsp. champagne vinegar"", ""16 x manila clams, rinsed well"", ""24 x mussels, rinsed well"", ""1 lb whitefish, cut into (1-oz) cubes Fennel sprigs to garnish""]","brandy, bulb fennel, carrots, champagne vinegar, clam, extra-virgin extra virgin olive oil, manila clams, mussels, prawns, tomato paste, white wine, whitefish, yellow onion",13,cookeatshare.com/recipes/bouillabaisse-made-easy-89426,Recipes1M,"[""In a skillet, sear shrimp shells over medium-high heat till shells are red."", ""Remove from heat, add in brandy to pan and deglaze, stirring to loosen any browned bits stuck to the bottom of the pan."", ""Return pan to heat, add in white wine and tomato paste and reduce by 2/3."", ""Add in clam juice, simmer 15 min to create stock."", ""Place orange zest and saffron in a bowl and strain stock over the top; let steep 15 min and strain."", ""While stock is steeping, put extra-virgin oil in saucepan."", ""Add in fennel and carrots and sweat on low heat for 5 min."", ""Season with salt and pepper."", ""Add in onion rings and vinegar."", ""Cook 8 more min till tender."", ""Place clams in a large saute/fry pan with a little oil."", ""Add in mussels and cubed whitefish."", ""Add in shrimp, sear lightly on both sides."", ""Add in broth and vegetables and simmer till mussels and clams open."", ""To serve, place mussels and clams around edge of individual bowls."", ""Arrange vegetables and fish in middle of bowl with shrimp on top."", ""Garnish with fennel sprig.""]"
French Market Soup Mix,"[""1 lb. dried navy beans"", ""1 lb. dried pinto beans"", ""1 lb. dried Great Northern beans"", ""1 lb. dried green split peas"", ""1 lb. dried yellow split peas"", ""1 lb. dried black-eyed peas"", ""1 lb. dried lentils"", ""1 lb. dried baby limas"", ""1 lb. dried large limas"", ""1 lb. dried black beans"", ""1 lb. dried red beans"", ""1 lb. dried soybeans"", ""1 lb. barley pearls""]","baby limas, barley pearls, black beans, black-eyed peas, dried great northern beans, dried lentils, dried navy beans, limas, peas, pinto beans, red beans, soybeans",12,www.cookbooks.com/Recipe-Details.aspx?id=970647,Gathered,"[""Combine all beans."", ""Divide into 14 (2 cup) packages for gift giving and present with the following recipe for French Market Soup."", ""Yield:"", ""14 (2 cup) packages.""]"
Mountain Sayings,"[""moonshining"", ""making corn big iron"", ""quite a bit"", ""fulled up"", ""I don't know"", ""really"", ""ice cold"", ""chock full"", ""go fetch it"", ""tote"", ""pite smart"", ""go get it"", ""taters"", ""anyums"", ""au shucks"", ""I dogged if I know"", ""som'ens = some where"", ""holpin = helping""]","anyums, chock full, corn big, holpin, moonshining, pite smart, quite, really, shucks, some where, taters, tote",12,www.cookbooks.com/Recipe-Details.aspx?id=629905,Gathered,"[""*BLKLIN more) walking around as if shopping, etc., representing the following topics:"", ""LIGHTS, GIFTS, CARDS, CROWDS, MUSIC, VACATION, PARTIES, FAMILY, FOOD and MONEY.""]"
"Harvest Soup(Cheap, Healthy And Delicious)  ","[""vegetable oil cooking spray"", ""1 lb. lean ground turkey"", ""1 medium onion, chopped"", ""1 tsp. dry oregano"", ""1 tsp. Italian herb seasoning"", ""3 large firm ripe tomatoes, chopped"", ""3 large carrots, sliced"", ""1 large potato, peeled and diced"", ""6 c. beef broth"", ""1 c. each tomato juice and dry red wine"", ""1 Tbsp. Worcestershire"", ""1/2 c. dry pasta shapes"", ""1 tsp. liquid hot pepper"", ""2 medium zucchini, diced""]","beef broth, carrots, firm ripe tomatoes, italian herb seasoning, lean ground turkey, liquid hot pepper, onion, oregano, pasta shapes, potato, tomato juice, vegetable oil cooking spray, worcestershire, zucchini",14,www.cookbooks.com/Recipe-Details.aspx?id=587421,Gathered,"[""Spray wide 4 to 5-quart pan with cooking spray."", ""Crumble turkey into pan; add onion, oregano and herb seasoning."", ""Cook over medium heat, stirring often, until turkey is no longer pink and onion is soft, but not brown (5 minutes)."", ""Stir in tomatoes, carrots, potato, broth, tomato juice, wine and Worcestershire."", ""Increase heat to medium-high and bring to a boil; reduce heat."", ""Cover and boil gently for 20 minutes."", ""Add pasta."", ""Cover and cook 5 minutes. Add zucchini and boil gently, uncovered, until pasta is tender. Add pepper seasoning."", ""Makes 6 to 8 servings.""]"
"Very Healthy Oatmeal, Rhubarb, Orange And Ginger Pudding","[""57 g oatmeal or 4 tablespoons oatmeal"", ""1/4 teaspoon vanilla flavoring (preferably artificial)"", ""130 g rhubarb (Cooked, but very firm, roughly 3 Tablespoons) or 4 1/2 ounces rhubarb (Cooked, but very firm, roughly 3 Tablespoons)"", ""2/3 tablespoon orange juice (preferably freshly made, To Taste)"", ""3/4 teaspoon ground ginger (To taste)"", ""5 teaspoons Splenda sugar substitute (To taste) or 5 teaspoons sugar (To taste)"", ""1/2 teaspoon baking soda"", ""3/4 teaspoon cream of tartar"", ""1/2 teaspoon caraway seed (optional, To taste)"", ""10 g nonfat dry milk powder or 1 tablespoon nonfat dry milk powder"", ""1 1/2 110 ml milk (plus 235ml water) or 1/2 cup milk (plus 1 cup water, omitting the dried milk)"", ""12 g marmalade (Chunky Orange) or 1 teaspoon marmalade (Chunky Orange)"", ""1 1/2 teaspoons nonfat yogurt or 1 1/2 teaspoons cream"", ""3/4 tablespoon wheat bran (completely optional, for a chewier, wheatier texture and taste) or 4 1/2 g wheat bran (completely optional, for a chewier, wheatier texture and taste)""]","baking soda, bran, caraway, cream of tartar, ground ginger, marmalade, milk, nonfat dry milk, nonfat yogurt, oatmeal, orange juice, rhubarb, splenda sugar substitute, vanilla flavoring",14,www.food.com/recipe/very-healthy-oatmeal-rhubarb-orange-and-ginger-pudding-122055,Gathered,"[""For the topping, in an egg cup or other small pot put a medium size teaspoon of marmalade. Add enough Boiling water (not much!) to soften to a thick paste."", ""Measure the Oatmeal into pan. ('Porridge Oats' here in the UK). Personally I find 'quick oats' a real disappointment as I like the texture of the rolled oats, but if you must -- :)."", ""Add ground ginger, vanilla flavouring (and caraway seeds if using them)."", ""Add dried milk if using it - or fresh milk/ buttermilk plus water to make total 1 1/2 cups (345ml) of liquids."", ""Either squish a quarter of an orange, including pulp (but not rind or pips!) into the pan or add the orange juice."", ""Bring to a gentle boil on a moderate heat and reduce heat to simmer once boiling point reached, stirring occasionally."", ""Once it has thickened (to personal taste) almost to the point of being ready to eat (about 2 or 3 minutes), if using it, add the wheat bran. Please bear in mind the bran will soak up quite a bit of water and thicken the mixture. I just added it because I like a chewier texture and the 'seriously good for you, wholesome' flavour, but absolutely a matter of personal taste!"", ""Whether adding bran or not, when nearly thick enough, add the rhubarb and about 3 teaspoons Splenda or sugar. Canned rhubarb is fine - probably better actually. I can buy unsweetened canned rhubarb but if using sweetened rhubarb then you'll probably want to decrease the total sugar a bit."", ""Add the Cream of Tartar and gently stir it in well."", ""Add the good 1/2 tsp or so of baking soda and immediately stir it in gently but very quickly - it rises a lot immediately."", ""Increase the heat a bit, stirring continuously to mix well. Bring to desired thickness stirring as necessary then pour into serving bowl."", ""Top with the yoghurt. Sprinkle a couple of teaspoons of artificial sweetener / sugar across the top. (I expect brown sugar would be especially nice!) I sprinkled a bit more ground ginger across the top as well as I really like ginger! Pour the prepared marmalade sauce across the yoghurt."", ""SERVE AND DEVOUR!"", ""A passing thought about a slight oversight of mine -- I weighed the uncooked rhubarb to be 70g and forgot to weigh it once cooked and before adding it. The 130g cooked rhubarb is a guess - but the volume measure (about 3 tablespoons) was about what the 70g uncooked rhubarb became after cooking."", ""VARIATIONS:"", ""A couple of delicious ideas that I've not tried yet but probably will --."", ""A baked dessert could be made by preparing with either rhubarb, large chunks of drained canned peach slices/pineapple, large chunks of peeled apple and/or sultanas into a suitable baking dish with perhaps 1/2 cup of flour (wholemeal would probably be really good for this) plus a bit more sweetness, baking in a medium oven for 1/2 to 3/4 hour or so. Also you could change the vanilla for almond essence (but surely not with rhubarb!) Then either eating, topped with toasted oats or chopped nuts and brown sugar (and maybe fine-chopped candied ginger, or maybe a couple of tablespoons orange marmalade / canned peach slices pulped though your fingers, a pineapple ring or whatever depending on what's in the middle). Served warm with custard and maybe strawberry/apricot jam/preserve, or set firm and cold with ice-cream or sweetened greek-style (nonfat) yoghurt."", ""Or the baked dessert could be left to cool somewhat and then topped with (maybe a layer of strawberry/apricot jam/preserve, then) a nice vanilla egg-custard, left to set, then topped as before with toasted oats, candied ginger or whatever."", ""With acknowledgments to Toni Gifford's excellent Ginger Peach Oatmeal #112474 which I spotted the other day which must have been there at the back of my mind for the idea about peaches!"", ""Just ideas running wild through my head!"", ""Do enjoy eating, and maybe playing with this recipe! :).""]"
Jhat Phat Sabzi (Bell Pepper Paneer),"[""1/2 tablespoon ghee or 1/2 tablespoon unsalted butter"", ""1 cup panir, cubed"", ""1 teaspoon ginger-garlic paste"", ""1/2 teaspoon chili paste"", ""1 pinch turmeric powder"", ""1/2 teaspoon red chili powder"", ""1 teaspoon coriander powder"", ""1 tomatoes, de-seeded and quartered"", ""1 yellow bell pepper, diced"", ""1 green bell pepper, diced"", ""1/2 teaspoon kasuri methi (fenugreek leaves)"", ""1 pinch garam masala powder"", ""salt"", ""chopped fresh coriander (to garnish)""]","chili paste, coriander powder, fresh coriander, garam masala, ghee, ginger-garlic, green bell pepper, kasuri methi, panir, red chili powder, salt, tomatoes, turmeric powder, yellow bell pepper",14,www.food.com/recipe/jhat-phat-sabzi-bell-pepper-paneer-482753,Gathered,"[""Heat ghee in a large pan, add cubed paneer and saute for 2 minutes."", ""Remove the paneer from the heat and place paneer in warm water for 3 minutes, drain and keep aside."", ""In the same pan, add the ginger-garlic paste and chili paste and saute for 2 minutes."", ""Add turmeric powder, coriander powder, red chilli powder and combine."", ""Add the chopped bell peppers and cook till they turn slightly soft, about 5 minutes."", ""Add tomatoes and stir well to combine and cook for 7 minutes, with lid. Add the paneer cubes and toss the contents well and cook for 5 minutes. Add garam masala powder and kasuri methi and combine."", ""Finally, garnish with fresh coriander leaves and serve hot with naan bread.""]"
Italian Chopped Salad,"[""1 head romaine lettuce, leaves left whole"", ""1/4 lb pepperoni, sliced thin"", ""1/4 lb genoa salami, julienned"", ""1/3 cup roasted yellow pepper, drained and sliced into strips"", ""1/3 cup red onion, chopped"", ""1 1/2 cups artichoke hearts, chopped"", ""3 tablespoons red wine vinegar"", ""1/2 cup extra virgin olive oil"", ""1/2 teaspoon salt"", ""1/4 teaspoon freshly cracked black pepper"", ""2 tablespoons grated romano cheese"", ""1/4 cup mixed olive"", ""5 pepperoncini peppers"", ""1/4 cup provolone cheese, cubed""]","extra virgin olive oil, freshly cracked black pepper, genoa salami, hearts, mixed olive, pepperoncini peppers, pepperoni, provolone cheese, red onion, red wine vinegar, romaine lettuce, romano cheese, salt, yellow pepper",14,www.food.com/recipe/italian-chopped-salad-513503,Gathered,"[""In a large salad bowl, combine lettuce, pepperoni, salami, roasted peppers, onion and artichoke hearts. Toss everything together to combine."", ""Add vinegar, olive oil, salt, pepper, pepperoncini, Romano, provolone, and olives to the bowl. Toss thoroughly to combine the ingredients."", ""Serve chilled.""]"
Johnny Jalapeno'S Fire Dumpling Soup,"[""Soup"", ""5 cups chicken broth (or stock)"", ""2 tablespoons dried onion flakes"", ""2 tablespoons parsley flakes"", ""1 tablespoon dried celery flakes"", ""1 tablespoon hot sauce (we use habanero sauce)"", ""1/2 teaspoon garlic powder"", ""1 cup cooked chicken, chopped (optional)"", ""dumplings"", ""2 cups Bisquick"", ""2 -3 tablespoons chopped jalapenos"", ""1/4 cup shredded monterey jack cheese (or cheddar) (optional)"", ""1 teaspoon ground sage"", ""1/2 teaspoon cayenne pepper"", ""1/2 - 2/3 cup 2% low-fat milk""]","bisquick, cayenne pepper, celery flakes, chicken, chicken broth, dumplings, garlic powder, ground sage, hot sauce, jalapenos, milk, onion flakes, parsley flakes, shredded monterey jack cheese",14,www.food.com/recipe/johnny-jalapenos-fire-dumpling-soup-384770,Gathered,"[""To a medium saucepan over med-high heat, add water, chicken bullion, seasonings, and chicken if using. Bring to a gentle boil."", ""Meanwhile, Mix all dumpling ingredients to form a thick dough."", ""When pot is ready, drop dumplings by heaping teaspoons into simmering liquid. Do in batches, about 6 at a time. Cook, turning occasionally, for 10-15 minutes, or until dough is cooked through. the soup will thicken up to a creamy sauce as the dumplings are simmering. Serve up in a bowl and enjoy immediately."", ""NOTE: as the liquid thickens from the batches of dumplings, simply add more water or chicken stock as needed.""]"
Vegan Mushroom Satay Skewers,"[""6 portobello mushrooms - cut into 1/2\"" slices"", ""1/4 cup all-natural peanut or almond butter"", ""1 teaspoon fresh grated ginger"", ""2 scallions - finely sliced"", ""2 limes - one juiced, the other cut into wedges for garnish"", ""2 tablespoons coconut amino (or sub low-sodium soy sauce)"", ""2 tablespoons rice wine vinegar"", ""2 teaspoons sambal (or desired chili paste)"", ""3 tablespoons hot water"", ""1/4 cup full-fat coconut milk"", ""1 fresh jalapeno - finely sliced for garnish"", ""1 red chili pepper (like anaheim) - finely sliced for garnish"", ""1 handful fresh cilantro leaves - roughly torn for garnish"", ""1 packet mung bean vermiceli - cooked to package instructions"", ""1 packet bamboo skewers""]","all-natural peanut, bamboo skewers, cilantro, coconut amino, fresh jalapeño -, full-fat coconut milk, ginger, instructions, portobello mushrooms, red chili pepper, rice wine vinegar, sambal, scallions, water",14,food52.com/recipes/59538-vegan-mushroom-satay-skewers,Gathered,"[""Fully submerge bamboo skewers in a bowl of water - set aside."", ""In a large bowl or Mason jar, combine peanut butter, ginger, one finely sliced scallion, juice of one lime, coconut aminos, rice wine vinegar, sambal and hot water. Whisk or shake until thoroughly combined. The consistency should be quite thick. If too loose, add more peanut butter. If too thick, add water in 1 tsp increments."", ""Transfer half of the sauce to a separate mixing bowl and add-in 1/4 cup coconut milk - mix thoroughly. Reserve the remainder of the sauce for dipping."", ""Add the sliced mushrooms to the coconut milk mixture and toss everything to coat. Cover with plastic wrap and refrigerate for up to 2-4 hours."", ""Skewer the mushroom slices length-wise."", ""Light a grill or grill pan to medium heat. Cook the mushrooms approximately 6-7 minutes per side or until preferred consistency."", ""Meanwhile, cook the mung bean noodles according to package instructions."", ""Remove mushrooms from grill and garnish with lime wedges, sliced jalapeno, Anaheim chilies, remaining sliced scallion and fresh cilantro. Serve the satay skewers immediately with the mung bean vermicelli and reserved dipping sauce.""]"
Kale And Chickpea Soup With Lemon,"[""1 tablespoon olive oil"", ""2 banana shallots or 1 onion"", ""1 stick celery"", ""2 stalks rosemary"", ""1 bay leaf"", ""1/4 teaspoon chili flakes"", ""1 clove of garlic"", ""1 tin chickpeas (400 grams), drained and rinsed"", ""one 200-gram bag of chopped kale"", ""800 milliliters hot stock (a cube or powder is fine -- I used a combination of Marigold powder and vegetable stock)"", ""Juice of 1/2 a lemon"", ""Salt and pepper to season/taste"", ""Paper-thin lemon slices, for serving"", ""Crusty, toasted bread, for serving"", ""Grated Parmesan, for serving (omit if vegan)""]","banana shallots, bay leaf, celery, chickpeas, chili flakes, clove of garlic, crusty, kale, milliliters, olive oil, paper, parmesan, salt, stalks rosemary",14,food52.com/recipes/25867-kale-and-chickpea-soup-with-lemon,Gathered,"[""Set a dutch oven or large saucepan over medium heat, pour in the olive oil. Finely dice the shallots and add to the pan, stirring to coat with the oil. Make 4 or 5 long horizontal slices in the celery stalk and dice. Add this to the pan and stir."", ""Finely chop the rosemary leaves and stir into the pan together with the bay leaf and the chili flakes. Peel the garlic clove and crush it, using the flat of your knife and the heel of your hand, so that it is still whole, then add it to the pan."", ""Add the chickpeas and the kale and stir. Pour in the hot stock, let it come to a boil and turn down the heat. Add salt if you're using unsalted stock. Let it simmer for 20 minutes until the kale is tender. Squeeze in the juice of half a lemon. Check the seasoning and adjust to taste. You might want more lemon or salt -- it all depends on what stock you've used."", ""Working in batches or in the pan itself, if you have a stick blender, blitz until you have the texture you like. I like mine to still have a few chickpeas and pieces of kale throughout, so I set aside a couple of ladlefuls and use a stick blender to blitz the rest."", ""Serve hot, floating a couple of slices of lemon on top of each serving. Pass round the Parmesan cheese for everyone to help themselves. It's lovely with toasted crusty bread.""]"
Fish Laksa,"[""1/2 pound rice vermicelli"", ""3 pounds fish Whole"", ""1 cup water"", ""2 teaspoons galangal powder"", ""3 stems lemon grass chopped"", ""5 fresh mint sprg"", ""5 fresh basil sprg"", ""8 kaffir lime leaves Dried"", ""4 red chillies Dried, halved"", ""8 red chillies smalls Fresh, halved"", ""8 kaffir lime leaves Dried, extra"", ""3 2/3 cups coconut cream"", ""3 ounces bean sprouts chinese white"", ""2 teaspoons salt"", ""2 teaspoons caster sugar"", ""3 stems lemon grass finely chopped"", ""1/4 teaspoon shrimp paste"", ""1 cup water"", ""3 teaspoons galangal powder"", ""3 chillies smalls Fresh""]","caster sugar, coconut cream, fish, fresh basil sprg, galangal powder, lemon grass, lime, mint sprg, red chillies, red chillies smalls, rice vermicelli, salt, shrimp paste, water",14,www.yummly.com/recipe/Fish-Laksa-1655518,Gathered,"[""Add vermicelli to pan of boiling water, boil uncovered 2 minutes or until just tender, rinse and drain."", ""Remove and discard heads from fish, fillet fish, reserving bones."", ""Remove and discard fish skin. Cut fillets into strips."", ""Combine water, powder, lemon grass, mint, basil, lime leaves, and dried and fresh chillies in pan, simmer covered for 30 minutes."", ""Add fish bones, simmer for another 10 minutes. Strain resulting stock, discarding bones and chilli mixture. You need 1125 ml of stock so add water if necessary."", ""Place extra lime leaves in a bowl, cover with warm water, stand 20 minutes."", ""Drain, and slice leaves thinly."", ""Return stock to pan, add chilli paste, fish strips, coconut cream, sliced lime leaves, sprouts, salt and sugar and bring to the boil. Divide vermicelli into serving bowls, pour soup over it. Garnish with extra sliced chillies, baby basil leaves and bean sprouts."", ""Chilli paste. Blend or process all ingredients until smooth.""]"
Stuffed Baked Apples,"[""2 tablespoons apple juice"", ""1/4 cup dried cherries"", ""1/4 cup golden raisins"", ""1/4 cup chopped dates"", ""2 tablespoons honey"", ""2 almond biscotti cookies"", ""4 Rome apples or other baking apples"", ""2 teaspoons unsalted butter"", ""4 whole cinnamon sticks"", ""Medium bowl"", ""Large spoon"", ""Small seal-able plastic bag"", ""Rolling pin"", ""Paring knife (use with an adult)"", ""Melon-baller"", ""Medium baking dish""]","almond biscotti cookies, apple juice, apples, baking dish, cinnamon sticks, dates, dried cherries, golden raisins, honey, paring knife, rolling pin, seal-able, spoon, unsalted butter",14,www.foodnetwork.com/recipes/stuffed-baked-apples-recipe.html,Recipes1M,"[""Note to parents: Never leave a child unattended in the kitchen."", ""These recipes are appropriate for children of various ages, 4 to 10."", ""When a recipe calls for cooking on the stove, or using a paring knife, an adult should do those activities and let the child assist, if age appropriate."", ""Heat the oven to 350 degrees F."", ""In a medium bowl mix together the apple juice, dried cherries, raisins, dates, and honey with a spoon."", ""Put the cookies in the plastic bag and seal the bag."", ""Break the cookies up into very small pieces with the rolling pin."", ""Mix the broken cookies with the fruit."", ""Set the bowl aside."", ""Cut about a 1/2-inch slice off the top of each apple."", ""(The apple tops are perfect for snacking.)"", ""Scoop out the seeds of the apple with a melon-baller to make a pocket."", ""Pack the fruit filling into the apples."", ""Top each apple with a 1/2 teaspoon of the butter."", ""Poke a cinnamon stick into the center of the filling, like the stem of an apple."", ""Set the stuffed apples snugly in a oven-proof baking dish and 1/3 cup water to the pan."", ""Bake for 45 minutes or until the apple is soft and the top is slightly browned."", ""Cool to room temperature before serving.""]"
White Bean and Skirt Steak Crostini,"[""White Bean Spread"", ""1-1/4 qt. canned great Northern beans, drained, rinsed"", ""- PHILADELPHIA Original Cream Cheese, softened"", ""3/4 cup A.1. Gourmet Sauce, Dijon Roasted Garlic"", ""3/4 cup green onions, chopped"", ""3/4 cup Italian parsley, chopped, divided"", ""Skirt Steak"", ""2-1/2 cups KRAFT Signature Sun Dried Tomato Oregano Dressing, divided"", ""4 each beef skirt steaks (1 lb. each)"", ""Crostini"", ""4 each ciabatta rolls, each cut vertically into 16 slices"", ""3 Tbsp. yellow peppers, brunoise Target 1 pkg For $2.99 thru 02/06"", ""3 Tbsp. tomato concasse"", ""3 Tbsp. fresh chives, chopped""]","beef skirt, canned great northern beans, ciabatta rolls, cream cheese, crostini, fresh chives, gourmet sauce, green onions, italian parsley, oregano dressing, skirt, tomato concasse, white bean spread, yellow peppers",14,www.kraftrecipes.com/recipes/white-bean-skirt-steak-crostini-114948.aspx,Recipes1M,"[""White Bean Spread: Process beans, cream cheese and A.1."", ""Sauce in food processor until smooth."", ""Transfer to bowl; stir in onions and 1/4 cup of the parsley (or 1 Tbsp."", ""of the parsley for trial recipe)."", ""Refrigerate until ready to use."", ""Skirt Steak: Pour 2 cups of the dressing (or 1/2 cup of the dressing for trial recipe) over steaks in shallow non-reactive pan; refrigerate 30 min."", ""to marinate."", ""Remove steaks from marinade; discard marinade."", ""Grill steaks on medium-high heat 5 to 6 min."", ""on each side to medium (160 degrees F), or desired doneness."", ""Remove from grill; let stand 10 min."", ""Cut into small to medium dice."", ""Crostini: Place ciabatta slices on sheet pans."", ""Brush with remaining 1/2 cup dressing (or with remaining 2 Tbsp."", ""dressing for trial recipe)."", ""Bake in 325 degrees F-convection oven 2 to 3 min."", ""or until crisp and lightly browned."", ""For each serving: Spread each Crostini with 1 Tbsp."", ""White Bean Spread; top with 1 Tbsp."", ""Skirt Steak and 1/8 tsp."", ""each yellow peppers, tomatoes, chives and remaining parsley.""]"
Birthday Party Clown Cupcakes,"[""1 box vanilla cake mix"", ""1 1/4 cups milk"", ""2 (12-ounce) containers vanilla frosting, plus more for extra cupcakes"", ""1/4 to 1/2 cup confectioners' sugar"", ""Red or yellow food coloring"", ""Pastry bag or resealable plastic bags with 1 corner snipped"", ""Small star tip (#13 or similar)"", ""12 red, yellow and or polka dot cupcake liners"", ""12 pieces colored construction paper, cut into small triangular shapes, for flags"", ""Rubber cement"", ""12 extra-long toothpicks"", ""12 sugar cones"", ""Pastry brush"", ""1/4 cup piping gel"", ""Red and yellow sanding sugar"", ""Shoestring licorice"", ""12 small red gumballs"", ""Mini candy covered chocolate candies (recommended: M and M's)"", ""Large multi color nonpareil sprinkles, for extra cupcakes""]","colored construction, containers vanilla frosting, covered chocolate, extra-long toothpicks, milk, multi color nonpareil sprinkles, pastry, pastry brush, piping gel, red gumballs, rubber cement, shoestring licorice, sugar, vanilla cake mix",14,www.foodnetwork.com/recipes/sandra-lee/birthday-party-clown-cupcakes-recipe.html,Recipes1M,"[""Preheat oven to 350 degrees F. Line 2 (12 cup) muffin tins with white paper liners."", ""Make the cake mix according to package instructions, substituting the milk for water."", ""Pour the batter into the lined muffin tins and bake until golden and a toothpick inserted in the center comes out clean, about 12 to15 minutes."", ""Remove the tins from the oven and let them cool completely on a wire rack."", ""In a large bowl, using a hand mixer, beat the frosting with enough confectioners' sugar to create a stiff consistency."", ""Remove about 1/2 cup of the frosting and color it with either red or yellow food coloring."", ""Put the frosting into a pastry bag or resealable plastic bag fitted with a small star tip."", ""When the cupcakes are cool, frost the top of 12 cupcakes with an offset spatula."", ""(Reserve the remaining cupcakes for a centerpiece or frost if you have more guests)."", ""Put each cupcake into a red or yellow liner."", ""The liners will not fit snugly but will resemble a frilly clown's collar."", ""To decorate: Write the name for each guest on colored flags."", ""Using a small amount of rubber cement fold 1 edge over the top of the toothpick to attach."", ""Using a serrated knife cut about 1 1/2-inches off the bottom of the sugar cones."", ""Using pastry brush, coat each lightly with piping gel."", ""Roll 6 cupcakes in yellow sanding sugar and the other 6 in the red."", ""Firmly but gently insert the flag into the top of each cone."", ""Put the cones slightly towards the back of each cupcake."", ""Snip the licorice into 12 (2-inch) pieces for mouths, and approximately 120 (1- pieces) for hair."", ""A clean pair of tweezers is helpful for attaching the hair along the base of the sugar cone."", ""Add a gumball to each for a nose and either 2 brown or blue candy coated chocolates for eyes."", ""Pipe small stars with colored frosting along the base of the cones and hair and along the base near the top of the liner."", ""For extra cupcakes: Divide some white frosting into 2 small bowls and color 1 with red coloring and 1 with yellow."", ""Fit 2 pastry bags with a star tip and fill each with 1 color of the frosting."", ""Pipe a swirl of red frosting onto 6 cupcakes and a swirl of yellow on the remaining cupcakes."", ""Sprinkle each cupcake with nonpareil sprinkles."", ""Arrange all of the cupcakes on a cupcake stand and serve.""]"
Sushi Rice Risotto,"[""1 1/2 cups cooked short-grain white rice"", ""2 1/2 tablespoons sushi vinegar, recipe follows"", ""3 cups Dashi, recipe follows"", ""1 teaspoon light-colored soy sauce"", ""2 eggs, beaten"", ""2 teaspoons grated fresh wasabi (* Chef's Note)"", ""1 tablespoon shredded nori (kizami nori)"", ""3 or 4 sprigs mitsuba leaves, minced, or chopped scallions or chives, for garnish"", ""1/2 cup sake-mash vinegar (akazu), or regular white wine vinegar"", ""1/2 cup rice vinegar"", ""1/2 cup sugar"", ""1/4 cup salt"", ""1 piece dashi kombu, 4 by 6-inches"", ""4 cups filtered spring water"", ""1/2 cup loosely packed bonito flakes""]","bonito flakes, dashi kombu, eggs, filtered spring water, light-colored soy sauce, mitsuba leaves, rice vinegar, sake-mash vinegar, salt, shredded nori, sugar, sushi vinegar, wasabi, white rice",14,www.foodnetwork.com/recipes/sushi-rice-risotto-recipe.html,Recipes1M,"[""This recipe offers a quick and delicious way to use leftover rice."", ""Of course, markets sell pre-seasoned sushi vinegar, but it is easy and much better to make it yourself so you can control the amount of sweetness and tartness."", ""Reheat the cooked rice in a steamer or microwave."", ""Put the hot rice in a bowl and toss with the Sushi Vinegar."", ""Let cool."", ""Transfer the rice to a medium saucepan and pour the Dashi over it; stir to combine."", ""Bring to a boil, uncovered."", ""Reduce the heat to medium-low and simmer for 3 to 4 minutes."", ""Add the light-colored soy, then pour the eggs right over the rice without stirring."", ""Cook for 10 to 15 seconds, until the eggs are barely set."", ""Remove the pan from the heat."", ""Divide the rice among individual bowls and top each with wasabi, nori, and mitsuba."", ""Serve immediately."", ""* Chef's Note: In this recipe, frozen wasabi paste or paste made from the powder may be substituted if fresh is unavailable."", ""In a large bowl add all the ingredients and stir to dissolve the sugar."", ""Pour into a covered container."", ""The sushi vinegar will keep for at least 2 months"", ""The night before using the dashi, wipe the kombu clean with a wet kitchen towel to remove any grit, but do not rub off the white powder; much of the flavor lies in its natural MSG."", ""Place in a medium saucepan and add the spring water."", ""Let stand at room temperature overnight."", ""The next day, remove the kombu and bring the water to a simmer over medium heat."", ""When it reaches a boil, remove from the heat and add the bonito flakes."", ""Let stand until the bonito flakes sink to the bottom of the saucepan, about 15 minutes."", ""Line a wire sieve with moistened, squeezed-dry cheesecloth and place over a bowl."", ""Strain the dashi through the sieve."", ""Use the dashi within a couple of hours of making."", ""Do not refrigerate or freeze.""]"
Ambrosia,"[""2 c. fresh pineapple, diced"", ""2 c. fresh oranges"", ""2 c. fresh tangerines"", ""2 c. fresh green apples"", ""2 c. fresh yellow apples"", ""2 c. fresh red apples"", ""2 c. fresh green seedless grapes"", ""2 c. red seedless grapes"", ""2 c. chopped black walnuts"", ""2 c. fresh grated coconut"", ""1 large bottle red cherries"", ""1 large bottle green cherries"", ""2 c. sugar or to taste""]","black walnuts, coconut, fresh green apples, fresh green seedless grapes, fresh oranges, fresh pineapple, fresh red apples, fresh yellow apples, green cherries, red cherries, red seedless grapes, sugar, tangerines",13,www.cookbooks.com/Recipe-Details.aspx?id=110683,Gathered,"[""Mix all the ingredients up to the coconut. Mix in sugar and chill. Right before serving, add coconut, then red and green cherries. Very pretty for Christmas and good tasting.""]"
Yummy Dessert The Kids Can Make Themselves!,"[""Dessert Option 1"", ""1/2 cup of sliced mango"", ""1/2 cup peach yogurt"", ""whipped cream (the squirty can type!)"", ""candy sprinkles or chocolate shavings"", ""Dessert Option 2"", ""1 chocolate cupcake (or mini chocolate muffin)"", ""1/2 cup sliced kiwi"", ""1/2 cup wholegrain strawberry yogurt (Onken)"", ""whipped cream (the squirty can type!)"", ""chocolate shavings"", ""Dessert Option 3"", ""1/2 cup tinned peach"", ""1/2 cup fat-free apricot yogurt"", ""whipped cream (the squirty can type!)"", ""candy sprinkles or chocolate shavings"", ""Dessert Option 4"", ""1/2 cup sliced banana"", ""1/2 cup custard"", ""whipped cream (the squirty can type!)"", ""candy sprinkles or chocolate shavings""]","apricot yogurt, banana, chocolate cupcake, chocolate shavings, custard, dessert, mango, peach yogurt, sliced kiwi, sprinkles, tinned peach, whipped cream, wholegrain strawberry yogurt",13,www.food.com/recipe/yummy-dessert-the-kids-can-make-themselves-351933,Gathered,"[""Arrange the ingrediets in a glass (plastic or a bowl for younger kids) in the order they appear above. ie: fruit - topping - decoration.""]"
Caramelized Pear Salad With Toasted Walnuts On Mixed Young Greens,"[""For the Salad"", ""4 pears (2 Bosc, 2 Bartlett)"", ""2 tablespoons safflower oil"", ""1 teaspoon cane sugar"", ""1/2 cup brown Chinese vinegar"", ""1 bunch oak leaf lettuce (preferably red)"", ""1 bunch watercress"", ""1 cup torn pieces of baby Swiss chard"", ""1 cup torn pieces of frisee"", ""Vinaigrette (see below)"", ""1 cup coarsely broken walnut pieces, toasted"", ""Crumbled Point Reyes Blue cheese"", ""For the Vinaigrette"", ""pear pan juices"", ""1/4 cup fresh lime juice"", ""1/8 teaspoon wasabi powder"", ""1/3 cup walnut oil"", ""1/3 cup safflower oil"", ""sea salt and freshly ground white pepper to taste""]","bartlett, brown chinese vinegar, cane sugar, chard, leaf lettuce, lime juice, reyes, safflower oil, salt, vinaigrette, walnut oil, wasabi powder, watercress",13,food52.com/recipes/14415-caramelized-pear-salad-with-toasted-walnuts-on-mixed-young-greens,Gathered,"[""To Caramelize the Pears: Peel and core the pears and divide each one into 24 slices. Warm a large saute pan and add the oil. Add the pears and turn the heat to medium-low so the pears will not burn before they brown, soften and caramelize."", ""When the pears have browned on one side, turn them over and sprinkle with the sugar. Add the vinegar and cover the pan. Cook for about 20 minutes, then remove the lid and continue cooking until almost all the liquid in the pan has evaporated."", ""Remove the pears to a large plate (in a single layer). Scrape the remaining pan juices and brown bits into a small bowl for the vinaigrette."", ""Carefully wash and thoroughly dry all the greens. Tear into bite-sized pieces and place into a bowl large enough to hold all of them comfortably."", ""Toss the greens gently to combine. Then pour over the dressing (reserving about 2 tablespoons) and toss again."", ""Divide the dressed greens evenly between 4 large plates and fan one-fourth of the pears atop each bed of greens. Be sure to use some of each kind of pear on each plate."", ""Sprinkle walnut pieces and Point Reyes Blue cheese over each salad. Drizzle the remaining dressing over all and serve as a first course."", ""Place lime juice and wasabi powder in the bowl with the pear pan juices. Whisk to combine well. Whisking constantly, add first the walnut oil, then the safflower oil. Taste and add salt and pepper to your liking.""]"
All-American Turkey Sub,"[""2 tablespoons nonfat cream cheese"", ""2 tablespoons nonfat mayonnaise"", ""1/4 teaspoon minced chives"", ""1/8 teaspoon onion powder"", ""4 (2-ounce) whole wheat submarine rolls, split"", ""4 curly leaf lettuce leaves"", ""2 tablespoons commercial oil-free Italian dressing"", ""8 ounces thinly-sliced cooked turkey breast"", ""8 (1/4-inch-thick) slices tomato"", ""4 (3/4-ounce) slices low-fat process American cheese"", ""4 thin slices green pepper"", ""4 thin slices sweet red pepper"", ""4 thin slices sweet yellow pepper""]","american cheese, chives, commercial oil, curly leaf, nonfat cream cheese, nonfat mayonnaise, onion powder, thin slices green pepper, thin slices sweet red pepper, thin slices sweet yellow pepper, tomato, turkey breast, whole wheat submarine rolls",13,www.myrecipes.com/recipe/all-american-turkey-sub,Gathered,"[""Combine first 4 ingredients in a small bowl; stir well. Spread cream cheese mixture evenly on bottom halves of rolls. Combine lettuce and Italian dressing, tossing to coat. Top cream cheese mixture evenly with lettuce leaves, turkey, tomato, process cheese, and pepper slices; top with remaining halves of rolls.""]"
Pasta Salad,"[""2 cups of dreamfield elbow pasta noodles"", ""1 cup of oikos non-fat plain Greek yogurt or 1 cup fage non-fat plain Greek yogurt"", ""3 tablespoons Miracle Whip, lite"", ""12 ounce hidden valley ranch fiesta dip mix (1/2 of 1 packet, they make other varieties if the Fiesta blend does not appeal to your tastes, also )"", ""12-34 cup fresh broccoli florets, halved and rinsed thoroughly (per your preference)"", ""12 fresh carrots, julienned or 12 thinly sliced carrot"", ""14 cup jarred pimentos, drained and diced"", ""hard-boiled egg, diced"", ""5 -7 slices turkey bacon, cooked over medium heat until crispy, drained, then chopped into small pieces"", ""10 -20 turkey pepperoni, quartered"", ""fresh lime zest"", ""couple teaspoons fresh lime juice"", ""reduced fat sargento pepper jack cheese or reduced fat shredded sharp cheddar cheese""]","couple, egg, fresh broccoli florets, fresh carrots, lime zest, miracle, packet, pasta noodles, pimentos, sargento pepper, turkey bacon, turkey pepperoni, yogurt",13,www.food.com/recipe/pasta-salad-446082,Recipes1M,"[""Cook macaroni as directed on package."", ""Rinse with cold water until chilled."", ""Add the next 3 ingredients, mix thoroughly."", ""Add fresh veggies, cover and chill for at least 1 hour before serving."", ""The longer this one sits, the better the flavors taste.""]"
Blessed And Preserved Children,"[""1 large field"", ""1 dozen children (of course of mixed colors)"", ""6 to 7 puppies and kitten"", ""2 qt. butterflies"", ""several spreading oak trees"", ""bouquets and bouquets of flowers"", ""1 gallon bubbling brook"", ""a pinch of pebbles"", ""1/2 pint sand"", ""a carefully prepared gentle breeze"", ""a deep blue sky"", ""10 to 12 heaping Tbsp. fluffy white clouds"", ""1 c. sunshine"", ""1 whole warm day"", ""an unmeasured amount of giggles and grins""]","blue sky, bouquets, breeze, butterflies, children, field, fluffy white clouds, gallon bubbling brook, giggles, kitten, pebbles, sunshine",12,www.cookbooks.com/Recipe-Details.aspx?id=437548,Gathered,"[""Blend together and mix well the children, puppies, kittens and butterflies."", ""Add them to the field, stirring constantly."", ""Every so often fold in the oak trees and sprinkle in bouquets of flowers."", ""Pour the brook over the pebbles and layer the edges with the sand."", ""Sift in the gentle breeze."", ""Spread over all the deep blue sky dropping in occasionally the rounded tablespoons of fluffy white clouds."", ""Bake in the sunshine on a nice warm day. The giggles and grins will surface to the top throughout processing time.""]"
Turkish Circassian Chicken W Walnut Sauce ,"[""Chicken breast, skinless, boneless -- 3 pounds"", ""Water -- 4 cups"", ""Salt -- 2 teaspoons"", ""Olive oil -- 3 tablespoons"", ""Onion, chopped -- 1"", ""Garlic, minced -- 2 cloves"", ""Paprika -- 3 tablespoons"", ""Cayenne pepper -- 1/2 teaspoon"", ""Walnuts -- 3 cups"", ""White bread, crust removed, soaked in water and squeezed dry -- 2-3 slices"", ""Lemon juice -- 1 tablespoon"", ""Salt and pepper -- to taste"", ""Olive oil -- 3 tablespoons"", ""Paprika -- 2 tablespoons"", ""Parsley, chopped -- 2 tablespoons""]","bread, pepper, chicken, garlic, lemon juice, olive oil, onion, paprika, parsley, salt, walnuts, water",12,www.epicurious.com/recipes/member/views/turkish-circassian-chicken-w-walnut-sauce-50150833,Gathered,"[""1.Add the chicken, water and salt to a saucepan and bring to a boil over medium-high flame. Reduce heat to low and simmer 25-30 minutes, or until the chicken is cooked through and tender. Remove chicken, reserving the broth, and set aside to cool. When the chicken is cool, shred it finely with your fingers."", ""2.Heat the 3 tablespoons of olive oil in a saute pan over medium flame. Add the onion and saute until translucent, 3-4 minutes. Add the garlic, paprika and cayenne and saute for another 2 minutes. Set aside to cool."", ""3.Place the onion mixture, walnuts, bread, lemon juice, 2 cups of the poaching liquid, salt and pepper into a blender or food processor. Process until fairly smooth but with a little texture remaining. Remove to a large bowl."", ""4.Add the shredded chicken to the walnut sauce. Adjust seasoning and add more poaching liquid if the sauce is too dry. Place in a serving dish and shape decoratively with the tines of a fork."", ""5.Heat the remaining 3 tablespoons of olive oil and the paprika over medium flame until the oil colors a deep red, 1-2 minutes. Drizzle the oil over the chicken, sprinkle with the chopped parsley and serve warm or at room temperature.""]"
Fruited Mixed Greens Salad,"[""1 package (5 ounces) spring mix salad greens"", ""2 cups fresh baby spinach"", ""1 cup fresh arugula or additional fresh baby spinach"", ""1 can (11 ounces) mandarin oranges, drained"", ""2/3 cup chopped walnuts"", ""1/2 cup fresh raspberries"", ""1/2 cup canned diced beets"", ""1/2 cup fresh blueberries"", ""1/4 cup sliced radishes"", ""2/3 cup fat-free poppy seed salad dressing"", ""3 tablespoons red raspberry preserves"", ""1 teaspoon white wine vinegar""]","baby spinach, beets, fresh arugula, fresh blueberries, fresh raspberries, mandarin oranges, radishes, red raspberry preserves, salad dressing, spring mix salad greens, walnuts, white wine vinegar",12,www.tasteofhome.com/recipes/fruited-mixed-greens-salad/,Gathered,"[""In a large bowl, combine the first nine ingredients. In a small bowl, whisk the dressing ingredients. Drizzle over salad; toss to coat.""]"
Crawfish Boil Recipe for 40 to 45 Pounds of Crawfish,"[""2 sticks unsalted butter"", ""1 (4.5 pound) bag Crawfish Crab and Shrimp Boil"", ""5 pounds of #1 red potatoes, cleaned but not peeled"", ""40 to 45 pounds live crawfish, cleaned"", ""24 ears of corn, shucked and cut into halves"", ""A 20-gallon crawfish pot with basket and lid, or equivalent pot used for frying turkeys"", ""A lifting hook to lower the basket into the cooking pot"", ""Propane burner"", ""Heavy duty rubber kitchen gloves to protect against burns and spices"", ""Heavy duty apron"", ""2 large ice chests with drain plug"", ""Exercise extreme care when handling hot liquids and spices.""]","apron, burner, butter, corn, crawfish, crawfish pot, exercise extreme care when handling, lifting hook, live crawfish, plug, red potatoes, rubber kitchen",12,www.foodnetwork.com/recipes/crawfish-boil-recipe-for-40-to-45-pounds-of-crawfish-recipe.html,Recipes1M,"[""Leaving the crawfish in the broth for a longer time results in more spiciness."", ""Sprinkling additional spice mixture on the crawfish after draining also will increase the spiciness."", ""Crawfish Crab and Shrimp Boil: There are many manufacturers to choose from."", ""This is a spice blend of salt, cayenne pepper, garlic powder, onion powder, lemon juice, and additional spices."", ""Typically a bag of spice mix costs about $5.00."", ""The brand used for the show was Lousiana Fish Fry Products Crawfish Crab and Shrimp Boil."", ""Instructions:"", ""Place the cooking pot with its basket on the propane burner and fill with 11 gallons of water, about halfway."", ""This should be about the right amount of water to protect against spillage when the potatoes or crawfish are added later."", ""Add the 2 sticks of butter and 2/3 of the bag of Crawfish Crab and Shrimp Boil, and the 5 pounds of red potatoes."", ""Cover and bring to a boil."", ""Cook potatoes for 15 minutes and, while the potatoes are cooking, rinse the crawfish."", ""Place the bag of crawfish in 1 of the coolers, or, on the ground and hose down the bag until the water runs clear, about 5 minutes."", ""Open the bag and pour the live crawfish into 1 of the coolers."", ""With the drain of the cooler open, continue to rinse the crawfish for 5 minutes or until the water runs clear."", ""After the potatoes have cooked for 15 minutes, add the corn and continue cooking the corn and the potatoes for 15 minutes more."", ""Remove a potato and test for doneness, continuing to cook, if needed."", ""Remove the basket and dump the corn and potatoes into 1 of the coolers."", ""Close the cooler in order to keep the corn and potatoes warm."", ""Pour the crawfish into the cooking basket and lower the basket into the pot."", ""Bring to a boil and cook the crawfish for 15 minutes."", ""Turn the heat off and allow the crawfish to simmer in the liquid for an additional 15 minutes."", ""Remove the crawfish and serve with the potatoes and corn."", ""Traditionally, the crawfish is dumped onto a newspaper covered table (we used a door on 2 sawhorses)."", ""Additional spice mix can be sprinkled on the crawfish, if desired."", ""Variation: Some cooks add 1 to 2 pounds of sweet onions, peeled and cut in wedges, and/or the juice from 1 dozen lemons to the cooking liquid."", ""Variation: With proper ventilation, several pounds of shrimp could be cooked with approximately 1/2 to 1 cup of the spice mixture indoors."", ""However, without proper ventilation the spice mixture fumes will overwhelm the typical house.""]"
Noel Cake,"[""1 (18.25-ounce) box spice cake mix (recommended: Betty Crocker)"", ""2 (19.5-ounce) boxes chocolate cake mix (recommended: Betty Crocker)"", ""or"", ""Store-bought un-iced cakes: 2 (10-inch) chocolate cakes, 2 (8-inch) spices cakes, 2 (6-inch) chocolate cakes, and 1 jumbo chocolate cupcake (top cut off)"", ""4 (16-ounce) containers creamy white frosting (recommended: Betty Crocker)"", ""1 (1-fluid ounce) bottle green food color (recommended: McCormick)"", ""1 cup white chocolate chips"", ""4 drops green food coloring"", ""1 sugar cone"", ""1 (6.4-ounce) can white decorating icing (recommended: Betty Crocker-Easy Flow)"", ""1 package red licorice whips, 6 cut into 6-inch lengths, 6 cut into 8-inch lengths, and 6 cut into 10-inch lengths"", ""1 (6.4-ounce) can yellow decorating icing (recommended: Betty Crocker-Easy Flow)"", ""1 (6.4-ounce) can red decorating icing (recommended: Betty Crocker-Easy Flow)"", ""16 birthday candles""]","cake mix, cakes, candles, chocolate cake, color, containers, red decorating icing, red licorice, sugar cone, white chocolate chips, white decorating icing, yellow decorating icing",12,www.foodnetwork.com/recipes/noel-cake-recipe.html,Recipes1M,"[""Mix and bake 2 (8-inch) cake layers according to spice cake package directions."", ""Cool completely."", ""Mix the 2 boxes of chocolate cake together according to package instructions."", ""Bake 2 (6-inch) and 2 (10-inch) cake layers and 1 (7-ounce) ramekin."", ""Cool completely."", ""In a medium bowl combine white chocolate and 4 drops of green food coloring."", ""Place bowl in microwave and heat at 50 percent power in 20-second intervals until white chocolate is melted and smooth."", ""Dip the sugar cone into the chocolate and spin it around so that it is evenly coated."", ""Remove from bowl and let excess chocolate drip off."", ""Place on a plate lined with waxed paper and let dry."", ""In a large bowl stir together frosting and about 10 to 12 drops of green food coloring."", ""The icing should be a pale green color."", ""If too light in color, add a few more drops of food coloring."", ""Transfer the icing to plastic releasable bags or a pastry bag."", ""Cut 1/2-inch off the corner of the plastic bags and set aside."", ""Cut off the top of each layer so that it is flat and even."", ""To assemble cake, place 4-inch by 12-inch strips of parchment paper around the edge of the cake plate or stand."", ""Place 1 (10-inch) cake layer on cake stand on top of the parchment paper."", ""Spread a layer of frosting and top with remaining 10-inch layer."", ""Frost cake with icing."", ""Place 1 (8-inch) layer on cardboard cake round."", ""Spread an even layer of frosting and top with remaining 8-inch layer."", ""Frost cake with icing and place on top and in the center of the frosted 10-inch cake."", ""Place 1 (6-inch) layer on a cardboard cake round."", ""Spread with a layer of frosting and top with remain 6-inch layer."", ""Frost cake with icing and place on top and in the center of the frosted 8-inch cake."", ""Place the small cake that was baked in the 7-ounce ramekin (or the jumbo cupcake) on top of the 6-inch layer and frost with the icing."", ""Place the cone tree on top."", ""To decorate the cake, first carefully remove the parchment paper from underneath the bottom layer."", ""Using the can of white decorating icing fitted with the star tip make small rosettes around the top and bottom edge of each cake tier and the bottom of the cone tree."", ""Place a small rosette at the top of the cone tree."", ""Drape the licorice whips like \""garland\"" around the bottom 3 cake tiers using the 6-inch lengths for the top layer, the 8-inch lengths for the middle layer and the 10-inch length for the bottom layer."", ""Using the yellow icing can fitted with a star tip, pipe rosettes where the garland strands meet."", ""Place 1 small rosette on top of the cone tree."", ""Using the red icing fitted with the round tip randomly place small red dots around the cake."", ""Place candles in the yellow icing rosettes between licorice garlands.""]"
Bug spray using essential oils,"[""10 drops of lavander essential oil."", ""20 drops of citronella essential oil."", ""10 drops of lemongrass essential oil"", ""5 drops of cedarwood essential oil"", ""5 drops of eucalyptus essential oil"", ""5 drops of pine essential oil"", ""5 drops of rosemary essential oil"", ""5 drops of patchouli essential oil"", ""5 drops of geranium essential oil"", ""5 drops of tea tree essential oil"", ""1 (4 oz.) dark colored or aluminum spray mist bottle"", ""1 small measuring cup preferably medicine cup"", ""1 transfer pipette dropper"", ""2 oz of purified water"", ""1 oz 70% rubbing alcohol"", ""3/4 oz of grapeseed oil""]","alcohol, dropper, drops of cedarwood essential oil, drops of citronella essential oil, drops of geranium essential oil, drops of pine essential oil, drops of rosemary essential oil, drops of tea tree essential oil, essential oil, grapeseed oil, measuring, water",12,cookpad.com/us/recipes/344727-bug-spray-using-essential-oils,Recipes1M,"[""Combine all essential oils in the medicine cup using the pipette dropper and pour it inside the mist spray"", ""Pour 2oz."", ""purified water inside the mist spray."", ""Pour 1 oz."", ""70% rubbing alcohol inside of the mist spray bottle"", ""Pour 0.75 oz."", ""Of grapeseed oil inside the mist spray bottle."", ""After pouring everything in the spray mist bottle, shake it before using it .it smells like citrus with a kick .use it for camping, gardening, or doing something at the backyard."", ""It's all natural and no DEET."", ""I use it with my dogs too ."", ""You can retouch it after 2-4 hours."", ""Before you make this make sure that your not allergic to the essential oils by putting a drop on your skin.for safety."", ""Thank you very much and I hope this helps you like it helped me.""]"
Cheesy Vegetable Soup (Lactose intollerant friendly),"[""bunch Broccoli Florets"", ""bunch Carrot chips"", ""large handful cauliflower"", ""1 packages snow peas"", ""1 packages Sugar snap peas"", ""1 packages Melissa's Extra Firm Tofu"", ""2 cup Daiya Cheddar cheese shreds (vegan, lactose free)"", ""2 tbsp RealLemon Juice"", ""5 cup Vegetable broth"", ""2 medium Handful Spinach Leaves (Powdered)"", ""large Handful soy flavor bacon bits"", ""2 tbsp EarthBalance vegan butter"", ""2 bags Uncle Bens Natural Whole Grain Boil in Bag Brown Rice""]","broccoli florets, butter, carrot chips, cheddar cheese shreds, grain boil, handful cauliflower, handful soy flavor, handful spinach, reallemon juice, snow peas, sugar snap peas, vegetable broth",12,cookpad.com/us/recipes/358315-cheesy-vegetable-soup-lactose-intollerant-friendly,Recipes1M,"[""Prep."", ""Tofu for use: Slice and press for 45 minutes (to drain water out)"", ""Cut up the broccoli florets, cauliflower, carrot chips, snow peas, and sugar snap peas into small pieces."", ""Set Aside for now.."", ""In blender, blend Tofu with vegetable broth and RealLemon Juice."", ""Set aside."", ""In crockpot add the cut up vegetables (from step 2), blended tofu (from step 3), Greek Seasoning, basil, parsley, soy flavor bacon bits, earthbalance butter, dried spinach leaves (crush them to a powder first."", ""), and Daiya cheddar cheese shreds."", ""Cook in crockpot for 4 to 5 hours."", ""Boil up rice."", ""Remove from baggies and slowly stir into crockpot."", ""Do this when soup is almost done.""]"
The Original Zombie Recipe,"[""3/4 cup crushed ice"", ""1 1/2 ounces aged Jamaican rum, such as Appleton Estate V/X or Extra"", ""1 1/2 ounces gold Puerto Rican rum"", ""1 ounce 151-proof Lemon Hart Demerara rum"", ""3/4 ounce freshly squeezed lime juice"", ""2 teaspoons white grapefruit juice"", ""1 teaspoon Cinnamon Syrup (see What to Buy note)"", ""1 teaspoon Grenadine (see What to Buy note)"", ""1/2 ounce falernum"", ""1/8 teaspoon Pernod"", ""1 dash aromatic bitters, such as angostura"", ""Ice cubes"", ""1 mint sprig, for garnish""]","aged, aromatic bitters, cinnamon syrup, crushed ice, falernum, freshly squeezed lime juice, gold puerto, grenadine, mint, pernod, rum, white grapefruit juice",12,www.chowhound.com/recipes/the-original-zombie-28155,Recipes1M,"[""Place all ingredients except ice cubes and mint sprig in a blender."", ""Blend on high until frothy but not slushy, no more than 5 seconds."", ""Pour into a tall, narrow glass and add ice cubes to fill the glass."", ""Garnish with a mint sprig.""]"
Pink Foot Bath,"[""1 cup epsom salts"", ""2 cups powdered milk"", ""2 tablespoons instant oats"", ""1 teaspoon strawberry essence"", ""1 teaspoon vanilla essence"", ""a few drops of rose pink food coloring"", ""5 drops of orange pure essential oils"", ""6 drops of peppermint pure essential oils"", ""4 drops of rose pure essential oils"", ""2 tea bags of camomile herbal tea"", ""18 cup glycerin"", ""hot water, as required""]","coloring, drops of orange pure essential oils, drops of peppermint pure essential oils, drops of rose pure essential oils, epsom salts, glycerin, herbal tea, hot water, instant oats, powdered milk, strawberry, vanilla essence",12,www.food.com/recipe/pink-foot-bath-69823,Recipes1M,"[""Fill a basin with hot water (fill enough water as required to soak your feet)."", ""Add all the remaining ingredients."", ""Mix well till a beautiful pink colour comes out."", ""Dip your feet in."", ""Relax and listen to your favourite music."", ""Enjoy a nice hot soak."", ""Fill another basin with clear water."", ""Dip your feet in this once you finish with the soak."", ""Pat dry."", ""Apply your favourite foot cream or some Cooling Leg Gel (recipe number:42022)."", ""Tuck yourself into your blanket."", ""Sleep well."", ""Sweet dreams!""]"
Happy New Year,"[""12 whole months"", ""1 part patience"", ""1 part work"", ""1 part courage"", ""1 part hope"", ""1 part faithfulness"", ""1 part generosity"", ""1 part kindness"", ""1 part prayer"", ""1 part meditation"", ""1 good deed"", ""dash of good spirits"", ""sprinkle of fun"", ""pinch of play"", ""1 cup of good humor"", ""1 vessel of love"", ""radiant joy"", ""garnish with a smile"", ""quietness"", ""unselfishness"", ""cheer""]","courage, faithfulness, generosity, kindness, meditation, months, patience, prayer, radiant joy, spirits, unselfishness",11,www.cookbooks.com/Recipe-Details.aspx?id=314472,Gathered,"[""Clean thoroughly 12 whole months."", ""Divide into 365 parts; set aside, preparing one part only at a time as follows:""]"
Christmas,"[""2 c. snow"", ""1 whole Santa"", ""5 c. presents"", ""9 tsp. raindeer"", ""1 qt. pine tree"", ""lg. ornaments"", ""1 c. blazing stars"", ""2 tsp. colored lights"", ""6 tsp. kids"", ""4 tsp. stockings"", ""10 qt. house"", ""tsp. chimney""]","blazing stars, chimney, colored lights, house, kids, ornaments, pine tree, presents, raindeer, snow, stockings",11,www.cookbooks.com/Recipe-Details.aspx?id=833068,Gathered,"[""Put in oven and bake with love."", ""Check every 30 minutes. That's what makes Christmas Day.""]"
Peanut Butter Bars,"[""1 cup null brown sugarnull"", ""3/4 cup null flournull"", ""1/4 cup null wheat germnull"", ""4 teaspoon null cinnamonnull"", ""3/4 teaspoon null baking sodanull"", ""3-1/2 cup null oatsnull"", ""1/3 cup null applesaucenull"", ""3 tablespoon null canola oilnull"", ""1 cup null peanut butternull"", ""1-1/4 cup null cholesterol-free egg productnull"", ""2 ounce null fat-free milknull"", ""4 teaspoon null null"", ""3/4 cup null raisinsnull""]","null, null applesaucenull, null baking sodanull, null brown sugarnull, null cinnamonnull, null flournull, null null, null oatsnull, null peanut butternull, null raisinsnull, null wheat germnull",11,www.kraftrecipes.com/recipes/peanut-butter-bars-58304.aspx,Recipes1M,"[""Preheat oven to 350 degrees F."", ""Spray 9\"" x 9\"" pan with vegetable oil spray."", ""In a large mixing bowl, blend brown sugar, flour, wheat germ, cinnamon, baking soda and dry oats."", ""Add applesauce, oil, peanut butter, egg substitute, skim milk and vanilla."", ""Mix by hand or with electric mix until well blended."", ""Stir in raisins."", ""Spread mixture evenly in bottom of pan."", ""Bake for 30 to 40 minutes, or until knife inserted in the center comes out clean."", ""Cut into 12 even pieces and one piece is one serving."", ""The rest freeze well for future breakfasts.""]"
Six-Bean Casserole,"[""1/2 lb. bulk Italian sausage"", ""1/4 lb. pepperoni slices"", ""1/2 lb. kielbasa, sliced"", ""1/2 c. barbecue sauce"", ""1 can pork and beans"", ""1 can red kidney beans"", ""1 can hot chili beans"", ""1 can white beans, drained"", ""1 can butter beans, drained"", ""1 can lima beans, drained"", ""1 can tomato soup"", ""3 oz. tomato paste"", ""1/2 c. brown sugar"", ""6 slices bacon""]","bacon, barbecue sauce, brown sugar, butter beans, hot chili beans, italian sausage, kielbasa, lima beans, pepperoni slices, pork, red kidney beans, tomato paste, tomato soup, white beans",14,www.cookbooks.com/Recipe-Details.aspx?id=202937,Gathered,"[""Form Italian sausage into 1-inch balls and brown in skillet. Drain."", ""Combine with remaining ingredients except bacon in 5-quart casserole."", ""Partially cook bacon and lay on top of casserole. Bake, uncovered, at 325\u00b0 for 1 1/2 hours."", ""Makes 16 servings. Great for picnics.""]"
Corned Beef And Cabbage Dinner,"[""Beef Ingredients"", ""3 1/2 lbs corned beef brisket"", ""Seasoning Ingredients"", ""1 cup apple cider or 1 cup apple juice"", ""2 teaspoons whole black peppercorns"", ""3 bay leaves"", ""Vegetables Ingredients"", ""10 ounces frozen white pearl onions"", ""4 medium potatoes, peeled, cut into quarters"", ""1 medium rutabaga, peeled, cut into 2-inch chunks"", ""1 small head cabbage, cut into 8 wedges"", ""Mustard Sauce Ingredients"", ""1 cup heavy whipping cream"", ""1/4 cup horseradish"", ""1/4 cup country-style dijon mustard"", ""2 tablespoons balsamic vinegar or 2 tablespoons red wine vinegar""]","apple cider, balsamic vinegar, bay leaves, beef brisket, country-style, head cabbage, heavy whipping cream, horseradish, ingredients, mustard sauce ingredients, onions, potatoes, vegetables, whole black peppercorns",14,www.food.com/recipe/corned-beef-and-cabbage-dinner-292528,Gathered,"[""Heat oven to 325\u00b0F"", ""Place beef brisket in a roasting pan large enough for the meat and the vegetables; add juices and spices from brisket package. Combine all seasoning ingredients in small bowl; pour over brisket. Cover; bake for 2 hours."", ""Add the vegetables. Cover; return to oven and continue baking for 1 to 1 1/2 hours or until brisket is fork tender and vegetables are desired softness. Remove brisket and vegetables to serving platter; cover with foil and keep warm."", ""Beat whipping cream in chilled small bowl at high speed until soft peaks form. Gently fold in horseradish, mustard, and vinegar. Serve mustard sauce with brisket and vegetables."", ""Note: Prepared as directed above, the mustard sauce can be kept, covered. and refrigerated for up to three days. This mustard sauce is also good served with roast beef and pork.""]"
Tofu Chocolate Ganache,"[""Chocolate Ganache"", ""3/4 cup soymilk"", ""2 ounces soy margarine"", ""3/4 lb non-dairy chocolate chips (tofu chocolate)"", ""Bitter Chocolate Ganache"", ""1 1/2 cups soymilk"", ""1 cup maple syrup"", ""8 ounces bitter chocolate"", ""4 ounces non-dairy chocolate chips (tofu chocolate)"", ""1 tablespoon vanilla extract"", ""Carob Ganache"", ""1/2 cup brown rice syrup"", ""1/4 cup soymilk"", ""1/4 cup sucanat"", ""1 cup unsweetened nondairy carob chips"", ""2 tablespoons soy margarine"", ""1 tablespoon cocoa (optional)"", ""1/2 teaspoon vanilla extract""]","bitter, brown rice syrup, carob chips, carob ganache, chocolate, chocolate chips, chocolate ganache, cocoa, maple syrup, non-dairy chocolate chips, soy margarine, soymilk, vanilla, vanilla extract",14,www.food.com/recipe/tofu-chocolate-ganache-198134,Gathered,"[""Chocolate Ganche:"", ""Bring the soy milk and vegan margarine to a simmer. Chop the chocolate into small pieces and add to milk. Continue to heat, stir constantly until chocolate melts then cool slightly."", ""Use Immediately or it might separate. IF it does so they recommend heating and stirring vigorously."", ""Note you can also use Carob chips in place of tofu chocolate."", ""Bitter Chocolate Ganche:"", ""Bring soy milk and syrup to simmer. Chop both kinds of chocolate into small pieces and add to milk. Stir until chocolate has melted. Remove from heat. IF separates, add more chocolate. When smooth and of desired consistency, stir in the vanilla."", ""Carob Ganche:"", ""Heat brown rice, soy milk and sucanat to a brief simmer. Add carob chips, vegan margarine and cocoa [if using] and cook for about a minute. Remove from heat and stir in the vanilla."", ""To Ice a cake. Place cake on wire rack and slp a clean baking sheet under. This will catch the drips and you can reuse the runoff."", ""You can also use this as a dip for fresh fruit, dried fruit, or confections. Heat a small amount to start. As you use it add a little more. Avoid warming more than you will need.""]"
Almond Mustard Pork With Pear And Orange Coleslaw,"[""None None Orange Coleslaw"", ""2 None oranges, peeled, segmented, 2 tbsp orange juice reserved"", ""2 None Asian pears, cut lengthwise into thin matchsticks"", ""4 None red radishes, cut lengthwise into thin matchsticks"", ""3 oz finely shredded Chinese cabbage"", ""1/4 cup fresh mint leaves, shredded finely"", ""2 tbsp avocado oil"", ""None None Almond Mustard Pork with Pear and Orange Coleslaw"", ""2/3 cup almond butter"", ""2 tbsp whole grain mustard"", ""2 tbsp honey"", ""2 tbsp peanut oil"", ""1 tsp ground nutmeg"", ""4 (9 oz) pork fillets""]","almond butter, almond mustard, asian pears, avocado oil, chinese cabbage, fresh mint, grain mustard, ground nutmeg, honey, orange coleslaw, oranges, peanut oil, pork fillets, red radishes",14,recipes-plus.com/api/v2.0/recipes/37265,Gathered,"[""To make the coleslaw, combine all ingredients in a large bowl and toss to combine. Season to taste."", ""Combine almond butter, mustard, honey, oil and nutmeg in a large bowl. Add pork and turn to coat. Cover and refrigerate for 3 hours or overnight."", ""Preheat grill and oil grates. Grill pork for 10 mins, or until browned all over, brushing occasionally with marinade. Cover pork and let rest for 10 mins. Slice thickly."", ""Serve pork with coleslaw.""]"
8 Layer Beef Casserole ,"[""3 cupsdried medium noodles (6 ounces)"", ""1 poundground beef"", ""2 8-ounce canstomato sauce"", ""1 teaspoondried basil, crushed"", ""1/2 teaspoonsugar"", ""1/2 teaspoongarlic powder"", ""1/4 teaspoonsalt"", ""1/4 teaspoonblack pepper"", ""1 8-ounce cartondairy sour cream"", ""1 8-ounce packagecream cheese, softened"", ""1/2 cupmilk"", ""1/3 cupchopped onion (1 small)"", ""1 10-ounce packagefrozen chopped spinach, cooked and well drained"", ""1 cupshredded cheddar cheese (4 ounces)""]","beef, canstomato sauce, cheddar cheese, cupmilk, noodles, onion, packagecream cheese, sour cream, spinach, teaspoonblack pepper, teaspoondried basil, teaspoongarlic, teaspoonsalt, teaspoonsugar",14,www.epicurious.com/recipes/member/views/8-layer-beef-casserole-51399601,Gathered,"[""1. Grease a 2-quart casserole or a 2-quart square baking dish; set aside. Cook noodles according to package directions; drain and set aside."", ""2. Meanwhile, in a large skillet cook beef until brown. Drain off fat. Stir tomato sauce, basil, sugar, garlic powder, salt, and pepper into skillet. Bring to boiling; reduce heat. Simmer, uncovered, for 5 minutes."", ""3. In a medium mixing bowl beat together the sour cream and cream cheese with an electric mixer on medium speed until smooth. Stir in milk and onion. In prepared casserole or baking dish, layer half of the noodles (about 2 cups), half of the meat mixture (about 1 1/2 cups), half of the cream cheese mixture (about 1 cup), and all of the spinach. Top with the remaining meat mixture and noodles. Cover and chill remaining cream cheese mixture until needed."", ""4. Cover casserole or baking dish with lightly greased foil. Bake in 350 degree F oven about 45 minutes or until heated through. Uncover; spread with remaining cream cheese mixture. Sprinkle with the cheddar cheese. Bake, uncovered, about 10 minutes more or until cheese is melted. Let stand for 10 minutes before serving."", ""5. Makes 8 servings"", ""6. Make-ahead directions: Prepare as directed through Step 3. Cover with lightly greased foil and chill in the refrigerator for up to 24 hours. Bake in a 350 degree F oven for 1 hour to 1 hour 10 minutes or until heated through. Uncover; spread with remaining cream-cheese mixture. Sprinkle with the cheddar cheese.Bake, uncovered, about 10 minutes more or until cheese is melted. Let stand for 10 minutes before baking.""]"
Bad Ass Bhindi Masala ,"[""-Okra (1 lb)"", ""-Cumin Seeds (3 pinches)"", ""-Olive oil or Ghee (3 Tbs)"", ""-1 Onion (finely chopped)"", ""-1/2 to 1 Tomato (finely chopped)"", ""-Garlic (2 cloves)"", ""-Ginger (equal volume to garlic)"", ""-Thai chili (1-2)"", ""-Tumeric (1/4 tsp)"", ""-Cumin powder(1/2 tsp)"", ""-Garam Masala (1/2 tsp)"", ""-Coriander powder (1/2 tsp)"", ""-Salt"", ""-Fresh cilantro (chopped)""]","-coriander powder, -cumin, -cumin seeds, -garlic, -ginger, -okra, -olive oil, -salt, -thai chili, -tumeric, cilantro, masala, onion, tomato",14,www.epicurious.com/recipes/member/views/bad-ass-bhindi-masala-50126004,Gathered,"[""Prep work:"", ""- Chop the onion finely"", ""- Chop the tomato finely"", ""- Pulverize: (Garlic/Ginger/chili)"", ""- Remove the tops of the okra"", ""- Chop the okra in to 1/2 inch discs"", """", ""Initial okra cooking:"", ""This step is to keep the okra from becoming sticky."", ""- Heat 2 Tbs of oil pan on Med-High or High"", ""- When oil starts to smoke, add 2 pinches of cumin seeds"", ""- When cumin seeds begin to \""pop\"", add okra"", ""- brown okra on both sides and remove from heat (1-2 minutes)"", """", ""Masala Preparation:"", ""Add remaining oil, repeat step with remaining cumin seeds"", ""- Add chopped onion, cook until translucent (1 min)"", ""- Add chopped tomato"", ""- Add remaining ingredients"", ""- Lower heat"", ""- Cook until the oil \""separates\"" from the paste (1 min)"", ""- Add the okra back to the pan, mix well (30 sec)"", ""- Remove from heat, salt to tasted and finish with chopped cilantro""]"
"Fried Paneer Cheese And Asparagus With Tamarind, Jaggery And Coconut","[""1 1/2 cups Indian Paneer cheese cut into small squares"", ""1 large tomato, chopped"", ""1 teaspoon paste of ginger and garlic"", ""1 teaspoon brown mustard seeds"", ""1 teaspoon cumin seeds"", ""1 teaspoon fresh red chilli paste (I make mine by rehydrating Kashmiri dried chillis, you can use Mexican chillis too)"", ""1 tablespoon tamarind paste (try to use whole dried tamarind pods, rehydrate in hot water)"", ""1 tablespoon fresh grated coconut, dessicated could do, but won't be as lovely"", ""2 teaspoons grated jaggery, or 1 teaspoon brown sugar"", ""5-6 fresh curry leaves, can use dried if fresh not available"", ""1-2 tablespoons vegetable oil"", ""1 handful of chopped coriander leaves"", ""1 handful of spring onions"", ""2-4 spears of baby asparagus""]","baby asparagus, brown mustard seeds, cumin seeds, curry, fresh red chilli paste, ginger, grated coconut, grated jaggery, handful, handful of spring onions, squares, tamarind paste, tomato, vegetable oil",14,food52.com/recipes/17115-fried-paneer-cheese-and-asparagus-with-tamarind-jaggery-and-coconut,Gathered,"[""Fry the paneer off in a pan with a little oil until brown on all sides. Steam the asparagus. Set both aside. Put a little more oil in a wok style pan and heat under medium heat. Now add mustard seeds and cumin seeds and once they start to pop add in the ginger and garlic paste and fry quickly not allowing the contents to burn."", ""Once the raw smell of garlic leaves the pan add the tomatoes and cook until soft, you may need to add a little water to ensure that the sauce doesn't burn. Add the tamarind, curry leaves and jaggery and once the sauce is cooked, and the oil starts to rise up, add the coconut and turn off the heat. Pop in the fried paneer and asparagus and fry for a minute or so, and top with more coconut, coriander leaves and spring onions and serve warm!""]"
Blackberry Peach Quinoa Burgers On Sweet Potato Buns,"[""For the burgers:"", ""1 ripe peach"", ""1 cup blackberries"", ""1/2 cup quinoa"", ""1/2 cup buckwheat flour"", ""1 tablespoon tamari"", ""1 tablespoon tahini"", ""1 tablespoon apple cider vinegar"", ""1 pinch salt &amp; pepper (to taste)"", ""For the buns:"", ""1 1/2 cups gluten-free oat flour"", ""1/2 cup sweet potato puree"", ""1 tablespoon coconut oil"", ""1/4 teaspoon nutmeg"", ""1/2 teaspoon sea salt""]","apple cider vinegar, blackberries, buckwheat flour, buns, burgers, coconut oil, flour, nutmeg, peach, puree, quinoa, salt, tahini, tamari",14,food52.com/recipes/31058-blackberry-peach-quinoa-burgers-on-sweet-potato-buns,Gathered,"[""Cook your quinoa in 1 cup water on the stovetop until the water is all absorbed, about 10-15 minutes."", ""While that cooks, add your blackberries to a large mixing bowl and mash them pretty well with the back of a fork."", ""Then add the rest of your ingredients, along with the quinoa once it's cooked."", ""Scoop up about 1/4 of the mix with your hands and form a patty. Repeat with the other 3 burger patties."", ""Give the burgers a good sear in a lightly oiled skillet over medium-high heat until each side is nice & dark & crispy-like."", ""Then put them on a greased cookie sheet in the 350 oven from whence the buns came, and cook for another 15 minutes."", ""Preheat your oven to 350 F and grease a baking sheet."", ""Mix your ingredients in a large bowl until combined. You should end up with a big ball of dough that you can roll out and cut. If it's too sticky, add a little more flour a bit at a time."", ""Sprinkle some oat flour on the paper or counter and on a rolling pin. Then roll your dough out to about 1/2 inch of thickness."", ""Once you have a nice flat sheet of dough, use a round cookie cutter - or rim of a drinking glass as an impromptu one - to cut nice even round shapes out of the dough. Place these on your greased baking pan."", ""Once you've cut out all the biscuits you can, smoosh the dough back together and roll it out again and repeat. When you can't possibly roll out another bun, you'll be good to bake!"", ""Place your cookie sheet of buns in the oven for 15 minutes or until golden and firm. Remove from the oven and let cool."", ""Put one bun on a plate, then your burger, then top with whatever you like. Repeat with the other guys and you'll be ready for this veggie burger feast!""]"
Asparagus And Chorizo Quiche,"[""1 prebaked 20 cm quiche shell"", ""200g green asparagus, about 6 spears, washed"", ""1 tablespoon olive oil"", ""100g processed mozarella (about 6-7 rounds)"", ""40-50g chorizo, chopped"", ""2 whole eggs"", ""125g bacon bits, fried till cooked, not crisp"", ""2 shallots, finely chopped"", ""1/4 cup fresh milk"", ""1/4 cup single cream"", ""A drop or two of Angostura bitters"", ""125g fresh mozarella, torn into smallish chunks"", ""1 teaspoon dried mixed herbs (I use a combination of oregano, basil, thyme and parsley)"", ""Salt, to taste""]","bacon bits, bitters, chorizo, eggs, fresh milk, fresh mozarella, green asparagus, mixed herbs, mozarella, olive oil, salt, shallots, shell, single cream",14,food52.com/recipes/11703-asparagus-and-chorizo-quiche,Gathered,"[""Preheat the oven to 180 degrees C and put the tart shell into a tart pan."", ""Peel the stalks of asparagus, leaving the spears untouched. Then cut off the woody base, about 2-3 cm. Drizzle the olive oil over the asparagus spears and then season with salt. Rub each spear to ensure it is coated."", ""Heat a griddle pan till hot and then place the spears on, turning till all sides are a touch cooked, about 2 minutes. Remove from the pan and allow to cool down. Then cut off the stalks but don't discard and chop the stems into 1cm pieces."", ""Place the mozzarella rounds into the base of the pre-baked shell and sprinkle the chopped chorizo on top, followed by the chopped asparagus stalks and spears"", ""In a bowl, combine the eggs, the bacon bits, chopped shallots, milk, cream and angostura bitters. Season lightly with salt. Pour the mixture into the tart shell, over the chorizo and cheese. Then top with the chunks of fresh mozzarella and sprinkle the mixed herbs over the top."", ""Bake in the centre of the oven for 25-30 minutes till the pie is set and the filling is firm and the top is lightly bronzed. Allow to cool and serve with a salad, if desired""]"
Peppermint Mocha Frosted Candy Cane Cupcakes,"[""White swirl:"", ""1 box Baker's Corner White Cake Mix, prepared using:"", ""1 1/4 cups water"", ""1/3 cup Carlini Vegetable Oil"", ""3 Goldhen Large Eggs"", ""Red swirl:"", ""1 box Baker's Corner Devil's Food Cake Mix, prepared using:"", ""1 1/3 cups water"", ""1/2 cup Carlini Vegetable Oil"", ""1 ounce red food coloring"", ""3 Goldhen Large Eggs"", ""Frosting:"", ""2 cups Baker's Corner Powdered Sugar"", ""8 ounces Friendly Farms Cream Cheese"", ""3 tablespoons Baker's Corner Baking Cocoa"", ""4 tablespoons strong brewed coffee"", ""1 tablespoon Countryside Creamery Unsalted Butter, softened"", ""1/4 teaspoon Stonemill Essentials Vanilla Extract"", ""6 tablespoons Bob's Candy Canes, ground (about 8 whole candy canes)"", ""1 cup Friendly Farms Heavy Whipping Cream""]","baking cocoa, canes, carlini vegetable oil, coffee, coloring, countryside creamery unsalted butter, friendly farms cream cheese, friendly farms heavy whipping cream, frosting, goldhen, sugar, vegetable oil, water, white swirl",14,www.myrecipes.com/recipe/peppermint-mocha-candy-cupcakes,Gathered,"[""Preheat oven to 350\u00b0 and line 3 dozen cupcake cups with cupcake liners."", ""Prepare cake mix colors according to the directions on the packaging. For the red Devil's food cake, whisk in the food dye coloring."", ""To create a swirled cupcake: Fill 18 cupcake liners with 1 tablespoon red batter. Then follow with 1 tablespoon white batter. Then follow with 1 tablespoon red batter. Repeat this step starting with the white batter for the remaining 18 cupcakes."", ""Bake 20 minutes until toothpick comes out clean when inserted into a cupcake, or if pressed down on, it springs back."", ""Allow to cool at least 15 minutes before frosting."", ""In a bowl cream together the powdered sugar, cream cheese, baking cocoa, coffee, butter, vanilla extract and ground candy cane. Reserve in refrigerator."", ""In another bowl, whisk the heavy whipping cream until it reaches stiff peaks. Chill in the refrigerator for 5 minutes. Once the heavy whipping cream has chilled, fold it into the creamed mixture with a spatula. If the mixture does not hold its shape, re-whisk it to stiff peaks."", ""Frost each cupcake once they have chilled. Sprinkle with leftover ground candy canes. Refrigerate.""]"
Fruit Skewers With Vin Santo Glaze,"[""Glaze:"", ""1 cup vin santo"", ""1/4 cup sugar"", ""1 (4-inch-long) orange rind strip"", ""1 (2-inch) cinnamon stick"", ""1 tablespoon butter"", ""Skewers:"", ""1 cup cubed, peeled peaches (about 2 medium)"", ""1 cup cubed ripe plums (about 4)"", ""3/4 cup seedless green grapes"", ""3/4 cup pitted sweet cherries"", ""Cooking spray"", ""Cheese:"", ""1 cup part-skim ricotta cheese"", ""2 tablespoons orange blossom honey"", ""1 teaspoon grated orange rind""]","butter, cinnamon stick, cooking spray, cubed ripe plums, green grapes, orange blossom honey, orange rind, orange rind strip, peaches, ricotta cheese, skewers, sugar, sweet cherries, vin santo",14,www.myrecipes.com/recipe/fruit-skewers-with-vin-santo-glaze,Gathered,"[""Prepare grill."", ""To prepare glaze, combine first 4 ingredients in a medium saucepan; bring to a boil. Cook for 15 minutes or until reduced to 1/3 cup. Remove and discard rind and cinnamon. Add butter, stirring with a whisk. Remove from heat. Keep warm."", ""To prepare skewers, thread peaches, plums, grapes, and cherries alternately onto each of 8 (8-inch) skewers; brush with 2 tablespoons glaze, reserving remaining glaze. Place skewers on grill rack coated with cooking spray; grill 4 minutes on each side or until lightly browned."", ""To prepare cheese, combine ricotta and remaining ingredients, stirring well. Spoon about 3/4 tablespoon remaining glaze on each of 4 dessert plates; top with 2 skewers. Spoon about 1/4 cup cheese mixture on each plate.""]"
Krangostura Bitters Recipe,"[""1/2 cup whole cloves"", ""1/4 cup whole black cardamom"", ""3/4 cup blades of mace"", ""2 tablespoons whole allspice berries"", ""1/4 cup cinchona bark (available at Kalustyans and"", "".)"", ""1 heaping teaspoon gentian root (available as chips and twigs from"", "")"", ""2 ounces Indonesian cinnamon (about 16 2\"" long sticks, or 8 full-size)"", ""2/3 cup black raisins"", ""3 tablespoons blackstrap molasses"", ""About 400 milliliters Everclear 190 or highest available proof neutral grain spirit"", ""2 Meyer Lemons and 1 Cara Cara orange, for peels added after two weeks"", ""&nbsp"", ""4 cups water"", ""1 cup muscovado sugar"", ""1 cup water""]","black raisins, blackstrap molasses, blades of mace, cinchona bark, cinnamon, gentian root, lemons, milliliters, muscovado sugar, nbsp, water, whole allspice berries, whole black cardamom, whole cloves",14,www.seriouseats.com/recipes/2011/04/krangostura-bitters-make-your-own-angostura-bitters-recipe.html,Gathered,"[""Loosely mash cloves, cardamom, mace, and allspice in a mortar and pestle to release oils-just a few good bashes, not enough to pulverize. Add to 750 milliliter airtight nonreactive container."", ""Add cinchona bark, gentian root, cinnamon, raisins, and molasses and cover with enough alcohol that solids are submerged and there's an additional half-inch of alcohol in the container. Store in a dark place and shake daily."", ""After two weeks of daily shaking, peel Meyer lemons and Cara Cara orange. Open container and add peels, tearing up peels by hand to release essential oils. Reseal container and store in a dark place, continuing to shake daily."", ""At the end of the fourth week, strain the solid ingredients through cheesecloth and set the strained alcohol aside."", ""To make dilution liquid, place solid ingredients in a soup pot and cover with 4 cups water. Bring this mixture to a boil for about 15 minutes to infuse the flavor of the ingredients into the water. Let cool and strain through cheesecloth. Measure the strained alcohol and mix with an equal amount of strained dilution liquid."", ""To make muscovado simple syrup, heat 1 cup water with 1 cup of muscovado sugar and stir until sugar dissolves. Let cool. Add 3/4 cup simple syrup to the diluted bitters mixture."", ""At this point, you should check for clarity by pour some bitters into a clear glass container and holding it up to the light. If you are satisfied with the clarity, consider yourself done. If you'd like to remove any present sediment, either pass bitters through a coffee filter or multiple layers (5+) of cheesecloth and repeat until you've reached desired clarity.""]"
Perfect Fall Cheese Board,"[""1 chunk honeycomb"", ""purple grapes"", ""figs fresh"", ""Marcona almonds"", ""candied walnuts"", ""Castelvetrano olives"", ""breadsticks"", ""crackers 2 kinds"", ""white cheddar aged"", ""goat cheese rolled it in herbes de Provence"", ""blue cheese low intensity"", ""pomegranate seeds"", ""mimolette cheese"", ""herbes de provence""]","blue cheese, breadsticks, candied walnuts, castelvetrano olives, crackers, fresh, goat cheese, herbes, honeycomb, marcona almonds, mimolette cheese, pomegranate seeds, purple grapes, white cheddar aged",14,www.yummly.com/recipe/Perfect-Fall-Cheese-Board-1384692,Gathered,"[""Grab some still green leaves from a tree"", ""Arrange cheeses first"", ""Add everything around the cheese""]"
Oyster Pie Picayune,"[""1 each pie shell (9 inch) (dough)"", ""4 slices bacon crisp fried"", ""1/2 cup shallots chopped"", ""1/2 cup celery chopped"", ""1/2 cup parsley leaves minced"", ""1/4 cup sweet red bell peppers"", ""1 package soup, cream of mushroom mix"", ""1 1/2 pints oysters unwashed"", ""6 1/2 ounces crab meat white, can"", ""2 ounces mushrooms button, jar"", ""1/2 each lemon juice of"", ""1/2 teaspoon salt"", ""1/2 teaspoon seasoning mix"", ""1 dash red hot pepper sauce""]","bacon crisp, celery, crab meat, cream of mushroom mix, lemon juice of, mushrooms button, oysters unwashed, parsley, pie shell, red hot pepper sauce, salt, seasoning mix, shallots, sweet red bell peppers",14,recipeland.com/recipe/v/oyster-pie-picayune-33690,Recipes1M,"[""Line a greased baking dish with pie dough, bake until done but not brown."", ""Fry 4 slices bacon; save grease."", ""Saute shallots, celery and bell pepper in 2 tablespoon bacon grease."", ""Drain oysters and mushrooms and, using drained-off liquid (make up to 1 cup if necessary with water), blend in mushroom soup mix."", ""Heat over medium heat until thickened."", ""Cook oysters over medium fire until edges curl."", ""Add oysters and liquid to heavy soup mix sauce."", ""Add shallots, celery and bell pepper."", ""Add drained mushrooms, parsley minced, seasoning, salt and crumbled bacon."", ""Stir and fill pie crust."", ""Place fresh crust on top."", ""Bake at 350F (180C) F til brown.""]"
15-Ingredient Julienned Salad,"[""10 cm Daikon radish"", ""10 cm Carrot"", ""1 Cucumber"", ""1 Burdock root"", ""10 cm Konnyaku"", ""1 bag Boiled soy beans"", ""5 grams Dried hijiki seaweed"", ""2 Chikuwa"", ""5 cm Takuan - Yellow pickled daikon"", ""3 to 4 Imitation crabsticks"", ""100 grams Corn kernels"", ""1 can Canned tuna"", ""2 tbsp Ground white sesame seeds"", ""3 Cherry tomatoes"", ""1/2 pack Daikon radish sprouts"", ""1 Creamy Sesame Dressing""]","carrot, chikuwa, crabsticks, cucumber, ground white sesame seeds, hijiki seaweed, kernels, pack daikon radish, radish, root, sesame dressing, soy beans, tomatoes, tuna",14,cookpad.com/us/recipes/153853-15-ingredient-julienned-salad,Recipes1M,"[""This makes a pretty big amount of salad."", ""Prepare the largest bowl you have in the house."", ""Or, just make half the amount."", ""Bring some water to a boil in a pan and add the hijiki seaweed to rehydrate it."", ""Drain very well, and put into the bowl."", ""Bash the konnyaku with the back of your knife and cut into 5cm long strips."", ""With regular sized konnyaku blocks you will have a bit remaining as shown in the photo in the right, so please use it in other dishes."", ""Use the pan you boiled the hijiki seaweed in to blanch the konnyaku and cooked soybeans."", ""Drain and pat dry very well, and add to the bowl with the hijiki seaweed."", ""Cut the carrot, burdock root, daikon radish, chikuwa, and takuan pickles into 5 cm long julienne."", ""Julienne the cucumber also."", ""Shred the crabsticks, and drain the corn very well."", ""Boil the carrot and burdock root in the pan used previously until they are the texture you like."", ""(Add a little vinegar to the water to get rid of the bitterness of the burdock root.)"", ""Drain and pat dry, and put into the bowl."", ""Put all the Step 5 and 6 ingredients and ground sesame seeds in the bowl, and add the canned tuna too."", ""Whether you add the oil from the can is up to you."", ""Mix!"", ""Add the daikon radish sprouts at the end and mix lightly."", ""Cut up the cherry tomatoes and use as garnish."", ""Pour dressing over the salad just before eating, and enjoy.""]"
Homemade Frozen Turkey Burgers,"[""2 lb ground turkey"", ""2/3 cup seasoned bread crumbs (Italian style) more or less as preferred"", ""1 beaten egg"", ""1 tbsp dried Italian seasoning blend"", ""1 fresh ground pepper and sea salt (to taste)"", ""1 sweet bell peppers (mix red, orange, yellow...about a 1/4 of each)"", ""1 green onion (spring onion/ scallions)"", ""1/2 small red onion (or any type)"", ""4 clove garlic"", ""1 scotch bonnet or \"" seasoning peppers\"" or other hot pepper seeds removed (optional)"", ""1 burger bun of your preference (I like onion)"", ""1 salad cream or hummus spread"", ""1 slice of nice quality cheese (sharp or aged cheddar)"", ""1 alfalfa sprouts, and thinly sliced: seedless cucumbers, red onion, grape tomatoes, avocado, red, orange, or yellow bell peppers, mushrooms.""]","alfalfa sprouts, bread crumbs, burger, clove garlic, egg, green onion, ground pepper, ground turkey, italian seasoning blend, quality cheese, red onion, salad cream, scotch, sweet bell peppers",14,cookpad.com/us/recipes/480077-homemade-frozen-turkey-burgers,Recipes1M,"[""MAKE THE PATTIES..."", ""Layer 2 cookie sheets with wax or parchment paper."", ""Set aside."", ""Mince veggies in the \""Additives\"" section very finely (use a mini chopper or food processor if available) Total yield should be about 3/4 cup."", ""Combine all burger mix ingredients with minced veggies in a large bowl."", ""Mix well."", ""Lay mixture on a smooth cutting board in a square or rectangle, divide into even sections depending on the size of your patties."", ""(8-10)"", ""Roll each divided section into a ball then flatten into a burger shaped pattie."", ""Coat patties lightly in flour (optional step), place on wax paper not touching."", ""Freeze."", ""Once fully frozen (overnight), cut the paper so each pattie has its own square."", ""Store in a plastic freezer bag or other airtight container in the freezer."", ""READY TO COOK?!"", ""!"", ""When ready to cook, take burger(s) out of freezer, set aside."", ""Prepare bun and fixins."", ""Heat nonstick skillet on medium with a tiny bit of oil."", ""Carefully place frozen burger into pan."", ""Sear for 1-2 min each side, reduce heat to med-low."", ""Cook another 6-7 minutes each side, gently press pattie occasionally to flatten and expel excess liquid."", ""Remove pattie to a plate and allow to cool for a minute, then pop onto the waiting bun with fixins."", ""Press gently to squish to a manageable size that will fit your chompers, then let the challenge begin!"", ""It's a practiced art form to eat a tall burger, and be ready for fallout if you used alot of fixins!"", ""!"", ""Note: Can be cooked from frozen on a grillpress like a George Foreman (about 10 to 12 mins depending on grill, follow manufacturer cooking recommendations."", ""Flip once 90 turn after 5 min for grid marks)."", ""And for you low carbers, serve bunless atop a bed of mixed baby greens and choice of toppers.""]"
Mike's 3 Pepper Steamed Bun Soup,"[""2 box 32 oz Beef Broth [with sodium]"", ""2 tbsp Quality Fish Sauce [like Thai Kitchen brand]"", ""2 tbsp Siracha Garlic Chile Sauce"", ""2 tbsp Soy Sauce"", ""6 clove Garlic [smashed whole & chopped]"", ""1/2 cup Fresh Cilantro [+ reserves for serving &/or garnish]"", ""1/2 cup Fresh Chives [chopped at angle + reserves for serving &/or garnish]"", ""1/3 cup Fresh Parsley [chopped]"", ""1/2 cup Fresh Thai Basil [+ reserves for serving & garnish]"", ""1 1/2 cup Oyster Mushrooms [rough chop]"", ""1 1\"" Piece Fresh Ginger [left whole in pot]"", ""1 1\"" Piece Fresh Diakon Radish [left whole in pot]"", ""1/2 tsp Fine Chopped Lemon Grass [or 1 tablespoon fresh]"", ""2 large Fresh Jalapenos [round slice + reserves]"", ""2 large Fresh Habeneros [fine choped]"", ""8 Thai Chilies [stems removed - chilies left whole]"", ""1/4 tsp Chinese 5 Spice"", ""4 Oversized Frozen Beef Steamed Buns [12 oz 4 count]""]","+, ], chilies, cilantro, count], fish sauce [like, fresh chives, fresh thai basil [+, garlic, ginger [left, lemon grass [, mushrooms [rough, radish [left, soy sauce",14,cookpad.com/us/recipes/339548-mikes-3-pepper-steamed-bun-soup,Recipes1M,"[""Chop up all of your fresh vegetables."", ""Always wear gloves to chop your chiles."", ""Add everything in the 3 Chile Soup Broth category [except for any reserves listed for serving or garnishing] and bring to a simmer for 30 minutes covered."", ""Then, turn off heat."", ""Pull your 1\"" diakon radish and your 1\"" ginger pieces from pot."", ""Fine chop 1 tablespoon from each piece and place back in pot."", ""Add any fresh reserves [at any amount you desire] to your pot and cover."", ""No heat required."", ""You'll want this dish layered with some crisp to your soup."", ""Turn your broth back on to a simmer."", ""You have 2 options at this stage."", ""You can steam your frozen buns for 15 to 20 minutes or, you can microwave them separately for 2 minutes each as per manufactures directions."", ""Steaming is much better tho."", ""To steam: Place buns on steaming rack."", ""Fill bottom of a pot with 1\"" water."", ""Bring to a heavy boil."", ""Turn down to medium low heat and gently place steaming basket and buns inside."", ""Make sure water isn't touching your buns."", ""Cover pot with a tight fitting lid and steam for 15 to 20 minutes."", ""Check intermittently to make sure they're still steaming."", ""Don't lift lid tho."", ""You'll be able to see the stream rising from the side of your lid."", ""Prepare to plate."", ""Gently lift bun from steamer."", ""Place in your serving bowl first."", ""Ladle hot broth into bowl around your bun."", ""Garnish bowl as you desire."", ""Or, serve with fresh herbs and vegetables and allow your guests to garnish."", ""Also, serve along with fish and Soy sauce."", ""A good idea is to fill soup spoons with additional Siracha Garlic Chile Sauce."", ""Serve immediately."", ""Enjoy!""]"
Fourteen Special Ingredients,"[""6 pieces candied lotus root"", ""3 small pieces sweetened preserved stem ginger, finely chopped"", ""6 pieces candied water chestnuts"", ""6 canned loquats, drained"", ""12 segments canned mandarins, drained"", ""1/2 c. canned lychee juice"", ""1/2 c. canned mandarin juice"", ""1/4 tsp. fresh ginger, grated"", ""6 preserved pitted kumquats"", ""6 pieces winter melon"", ""6 canned lychees, drained"", ""1/2 c. canned loquat juice"", ""1/2 tsp. lemon juice"", ""1 tsp. almond extract""]","almond extract, chestnuts, fresh ginger, ginger, kumquats, lemon juice, loquat juice, loquats, lotus root, lychee juice, mandarin juice, mandarins, winter",13,www.cookbooks.com/Recipe-Details.aspx?id=420746,Gathered,"[""Cut fruits into 1/4-inch cubes."", ""Place remaining ingredients, except almond extract, in a saucepan; bring to a boil."", ""Add the fruits and simmer 2 minutes."", ""Stir in the almond flavoring."", ""Pour into a bowl and refrigerate for 2 hours."", ""This recipe can be doubled and unused portion stored in the refrigerator for several weeks to use as a garnish or side dish."", ""Serve as a dessert or as a side dish with Far East cuisine."", ""Serves 4.""]"
Football Sunday Chili ,"[""2LBS OF GROUND SIRLOIN"", ""[1] - PACKET OF MCCORMICK CHILI SEASONING MIX [ORIG]"", ""[1] - MED. SIZE SWEET ONION"", ""[1] - MED. SIZE GREEN, YELLOW AND RED BELL PEPPERS"", ""[2] - MED SIZE BANANA PEPPERS"", ""[1] - JAR OF CLASSSICO FIRE ROASTED AND GARLIC SAUCE [24OZ] - ONLY USE HALF"", ""[2] - CAN OF RED KIDNEY BEANS [14.5OZ]"", ""[1] - BAG OF FROZEN YELLOW CORN [14.5OZ]"", ""[1] - PACKET OF GREEN ONION"", ""[1] - SOUR CREME"", ""[1] - BAG OF SHARP CHEDDAR CHEESE"", ""[1/4 CUP] - SALT+PEPPER"", ""[1/4 CUP] - CHILI POWDER"", ""[1/4 CUP] - RED PEPPER FLAKES""]","] - chili powder, ] - packet of green onion, ] - packet of mccormick chili seasoning mix [orig], ] - red pepper flakes, ] - sour creme, banana, cheddar cheese, frozen yellow corn, ground sirloin, kidney beans, roasted, size green, size sweet onion",13,www.epicurious.com/recipes/member/views/football-sunday-chili-51526001,Gathered,"[""TAKE THE SIRLOIN AND DROP IT ALL IN A LARGE POT START COOKING THE MEAT UNTIL IT'S ALL COOKED [MED HEAT], ONCE THE MEAT IS COOKED TAKE ALL THE INGREDIENTS [CHOPPED IN SMALL CUBES] AND DROP THEM INTO THE POT WITH THE MEAT...IF YOU HAVE FATTY SIRLOIN THEN DRAIN IT...I USE LEAN MEAT SO I DON'T DRAIN THE MEAT....COOK AT MED HEAT FOR 30MIN THEN REDUCE TO LOW HEAT FOR ABOUT ANOTHER 1.5HRS...THEN SCOOP A BOWL OUT HAD SHARP CHEDDAR CHEESE AND 1 DROP OF SOUR CREAM ...ENJOY WITH HOT SAUCE AS WELL....FRANKS""]"
Foriana Flatbreads,"[""1 cup organic walnut halves"", ""3 whole wheat tortillas"", ""3 tablespoons olive oil"", ""3 medium shallot lobes, peeled and chopped"", ""6 medium garlic cloves, minced"", ""3 tablespoons pine nuts"", ""A pinch (per tortilla) of dried Italian or Greek oregano (You can also use chopped fresh, about a tablespoon all told, if you like.)"", ""Salt"", ""1 tablespoon toasted walnut oil (or olive oil, but the walnut oil is better)"", ""Freshly ground pepper"", ""Ground allspice (a few dashes)"", ""3 tablespoons finely grated Pecorino Romano or Parmigiano Reggiano"", ""6 tablespoon coarsely grated firm cheese such as Manchego or Fontina""]","firm cheese, freshly ground pepper, garlic, ground allspice, olive oil, organic walnut halves, pine nuts, romano, salt, shallot lobes, toasted walnut oil, tortilla, whole wheat tortillas",13,food52.com/recipes/28306-foriana-flatbreads,Gathered,"[""Heat oven to 425 degrees. Position one oven shelf near the top."", ""Put the walnut halves on a large baking sheet; place it on top rack of the oven. You're going to start to brown the nuts while the oven's heating. Put your timer on and check after 10 minutes. The nuts may need a bit more time than that - they probably will, depending on how quickly your oven heats up - so flip them over on the baking sheet, and put them back in for no more than 2 minutes at a time, repeating as necessary to toast the walnuts lightly. Remove from the hot baking sheet, wipe off any small walnut bits and return the baking sheet to the oven until you're ready to put the flatbreads in to bake."", ""While the oven is heating, warm 1 tablespoon of oil in a small skillet. Add the shallot and give it a good stir to coat with the oil. Cook over medium heat, stirring occasionally, for about 2 minutes. Add the minced garlic, pine nuts and oregano. Sprinkle on a small pinch of salt and cook for another minute or so."", ""When the walnuts come out of the oven and have cooled slightly, chop to a medium-fine texture. Add to the ingredients in the skillet, along with the remaining 2 tablespoons of olive oil."", ""Warm over medium heat for a minute or so, stirring to mix all the ingredients together."", ""Divide the contents of the skillet evenly between the three tortillas, scattering it evenly over each. Drizzle on the toasted walnut oil. Grind black pepper over each, to taste. Lightly sprinkle on the ground allspice - a few gentle shakes per flatbread."", ""Sprinkle a tablespoon of the grated Pecorino or Parmigiano over each tortilla, and then cover with the grated Manchego or Fontina."", ""Put the three tortillas onto the hot baking sheet. Bake for 8 - 10 minutes, or until the cheese is fully melted. (Check after 5 minutes, though, in case your oven runs particularly hot."", ""Remove from the oven; cut with a pizza cutter and serve right away. (Small wedges make great appetizers.)""]"
"Mohn Himbeertorte, Austrian Cake With Poppy, Cottage Cheese And Raspberries","[""4 eggs"", ""1/2 cup sugar powder"", ""2/3 cup butter soft"", ""1 tablespoon vanilla sugar"", ""6 2/3 tablespoons wheat flour"", ""9/16 cup hazelnuts powder"", ""5 1/4 ounces ground poppy seeds"", ""1 lemon zest organic"", ""7 sheets gelatin"", ""3 7/8 cups quark cheese 20% fat"", ""15/16 cup icing sugar"", ""2 15/16 cups whipping cream 35% fat minimum plus 2 tablespoons"", ""2 lemons juice and zest"", ""3 sheets gelatin"", ""3 1/2 ounces raspberry puree""]","butter, eggs, gelatin, hazelnuts powder, icing sugar, lemon zest organic, lemons juice, quark cheese, raspberry puree, sugar powder, tablespoons wheat flour, vanilla sugar, whipping cream",13,www.yummly.com/recipe/Mohn-Himbeertorte_-Austrian-Cake-with-Poppy_-Cottage-Cheese-and-Raspberries-781910,Gathered,"[""Preheat oven to 160 degrees Celsius."", ""Separate the egg whites and egg yolks in two different bowls."", ""Beat the egg whites with 50 grams of powdered sugar until mixture whitens."", ""In another bowl, add butter, 50 grams of powdered sugar, and vanilla sugar. Stir until the mixture forms a cream. Add egg yolks, mix until frothy. Stir in egg whites, lifting the dough with a spatula. Add flour, hazelnut powder, ground poppy seeds, and lemon zest. Stir gently to get a nice homogeneous paste."", ""Pour into cake rings and bake for 30 minutes. Use two 20 centimeter diameter cake rings."", ""The layer of cake with poppy should not be too thick. The size should not exceed 2.5 cm to 3 cm."", ""If the cake is too high, then cut size."", ""Cool for 10 minutes in pan, then turn out onto wire rack to cool."", ""Put the gelatin in a bowl of cold water to soften."", ""Beat the quark cheese, icing sugar, and lemon zest."", ""Whip 350 grams of cream to obtain whipped cream."", ""Squeeze the gelatin."", ""Use a double boiler, or a water bath, to heat lemon juice and the 2 remaining tablespoons of cream."", ""When the mixture is really hot, add the gelatin sheets one by one. Mix well with a fork to dissolve completely."", ""Quickly mix in the quark cheese."", ""Gently add the whipped cream, lifting with a spatula ."", ""Cut the cooled poppy cake the size of plating or cake rings. Place in cake rings, preferably lined with rhodoid film for a clean edge."", ""Spread a 2.5 cm to 3 cm layer of mousse evenly on top of poppy cake."", ""Soften the gelatin in a bowl of cold water."", ""In a saucepan, heat half of the raspberry puree."", ""Remove from heat, add gelatin, and stir well to make sure the gelatin melts completely."", ""Add the remaining raspberry puree, let cool (Otherwise, the icing will melt the mousse)."", ""Pour frosting on cake, if needed, level the surface with a spatula. Refrigerate for a least 4 hours, or preferably overnight."", ""To unmold, simply remove the ring, then the rhodoid film, for a very clean cake edge.""]"
Cream of Coconut and Mango Soup,"[""3 tbsp. sm. pearl tapioca"", ""2/3 cup water"", ""4 cups fresh coconut milk,"", ""combination regular milk and coconut milk"", ""1/4 cup sugar"", ""2 cardomon pods"", ""1 stalk lemon grass, bruised"", ""3 quarter-size pieces gingeroot, bruised"", ""1 vanilla bean, split"", ""1/2 cup cream of coconut"", ""3 mangos, diced in 1/2-inch pieces"", ""2 tbsp. fresh-squeezed orange juice"", ""2 tbsp. fresh-squeezed lime juice"", ""2 tbsp. sugar"", ""Fresh mint sprigs, for garnish""]","cardomon pods, combination regular milk, cream of coconut, fresh coconut milk, fresh-squeezed lime juice, fresh-squeezed orange juice, lemon grass, mint sprigs, pearl tapioca, quarter, sugar, vanilla bean, water",13,www.foodgeeks.com/recipes/4713,Recipes1M,"[""In a saucepan set over moderate heat, combine coconut milk, sugar, cardomon pods, lemon grass, ginger and vanilla."", ""Bring to a simmer and let cool."", ""Chill, covered, overnight."", ""In a bowl, combine the tapioca with the water and let mixture sit for 45 minutes."", ""Drain the tapioca."", ""Strain the coconut mixture."", ""In a saucepan set over moderate heat, combine the tapioca with the coconut milk mixture, bring to a simmer and cook over low heat, stirring frequently, for 10 minutes, or until thickened."", ""Transfer to a bowl and stir in the cream."", ""Let cool and chill, covered, until cold."", ""In a bowl, combine mango with orange juice, lime juice and sugar."", ""To serve: Pour coconut mixture into soup bowls then arrange mango mixture in the middle of each bowl."", ""Garnish with mint leaves.""]"
Hot Rod Dog,"[""1 OSCAR MAYER Beef Frank"", ""1 hot dog bun"", ""1 baby carrot"", ""1 Tbsp. CHEEZ WHIZ Cheese Dip"", ""1 cherry tomato"", ""9 small pretzel sticks"", ""1/2 tomato slice"", ""1 KRAFT Singles Target 2 For $5.00 thru 02/06"", ""2 tsp. HEINZ Tomato Ketchup"", ""2 pimento-stuffed green olives"", ""4 CLAUSSEN Kosher Dill Sandwich Slices"", ""1 RITZ Cracker"", ""2 green onion slices (from white end of onion)"", ""1 black olive slice""]","baby carrot, black olive slice, green olives, green onion, hot dog bun, ritz cracker, sandwich, singles, sticks, tomato, tomato ketchup, tomato slice, whiz cheese",13,www.kraftrecipes.com/recipes/hot-rod-dog-55470.aspx,Recipes1M,"[""Heat frank as directed on package; place in bun for the lower part of the driver's body."", ""Place carrot upright at one end of frank for the upper part of the driver's body, securing pieces together with CHEEZ WHIZ."", ""Attach cherry tomato to top of carrot with pretzel stick for the driver's head."", ""Place tomato slice upright at one end of sandwich, in front of the driver, for the windshield, attaching to frank with dab of CHEEZ WHIZ."", ""Place Singles in front of windshield over frank for the hood."", ""Decorate with ketchup."", ""Use 2 pretzel sticks to attach green olives to front of hood for the headlights, then use 4 pretzel sticks to attach pickle slices to both sides of bun for the wheels."", ""Add cracker for the steering wheel."", ""Attach white parts of the green onion to the driver's head with dabs of CHEEZ WHIZ for the goggles."", ""Use dab of CHEEZ WHIZ to attach ripe olive slice, cut in half, to driver's head for the smile."", ""Cut remaining half of olive slice crosswise in half for the eyebrows."", ""Attach remaining 2 pretzel sticks to both sides of carrot for the arms.""]"
Pork Spare Ribs Slow Braised In Medicinal Broth: Suong Non Tiem Thuoc Bac,"[""11 ounces short spare ribs, chopped into bite-size pieces"", ""1/2 teaspoon salt"", ""1 teaspoon dried ginseng*"", ""1 teaspoon dried lotus seeds*"", ""1 teaspoon dried goji berries*"", ""1 teaspoon dried black prune*"", ""1 teaspoon dried lilly petals*"", ""1 teaspoon dried longon*"", ""1 teaspoon dried white vegetable root*"", ""1 teaspoon pearl barley"", ""1 teaspoon dried raisins"", ""Steamed jasmine rice, for serving"", ""*Can be found at specialty Asian and Indian markets and online.""]","black prune, dried ginseng, dried goji berries, dried longon, jasmine rice, lotus seeds, online, pearl barley, petals, raisins, salt, short spare ribs, vegetable root",13,www.foodnetwork.com/recipes/pork-spare-ribs-slow-braised-in-medicinal-broth-suong-non-tiem-thuoc-bac-recipe.html,Recipes1M,"[""In a mixing bowl, rub the pork ribs with salt."", ""In a large pot, bring 2 quarts of water to the boil."", ""In a medium-size clay pot, add the ginseng, lotus seeds, goji berries, black prune, lilly petals, longon, white vegetable root, pearl barley, and raisins, followed by the pork ribs."", ""Pour water in the clay pot until it reaches 2-inches above the level of the pork, about 1 1/2 to 2 cups water."", ""With the lid on, carefully place the enclosed clay pot into the simmering water making sure the hot water is level with the top of the clay pot."", ""Put the lid on and simmer for 3 hours."", ""Carefully remove the clay pot from the simmering water and serve with steamed jasmine rice.""]"
Nacho Dog Casserole,"[""2 cups crushed plain Doritos, divided"", ""1 (12 ounce) package rotini pasta"", ""2 teaspoons olive oil"", ""6 fresh jalapenos, chopped"", ""1 red onion, diced"", ""1 lb lean ground beef"", ""1 (10 3/4 ounce) can cheddar cheese soup"", ""34 cup whipped cream cheese"", ""2 teaspoons crushed red pepper flakes"", ""3 tablespoons honey mustard"", ""12 hot dogs, cooked and sliced into round"", ""1 cup diced processed cheese"", ""1 34 cups shredded Mexican blend cheese""]","blend cheese, cheddar cheese soup, doritos, fresh jalapenos, honey mustard, hot dogs, lean ground beef, olive oil, processed cheese, red onion, red pepper, rotini pasta, whipped cream cheese",13,www.food.com/recipe/nacho-dog-casserole-513909,Recipes1M,"[""Preheat oven to 350 degrees F.Sprinkle with 1 cup crushed doritos chips over into the bottom of a 4 quart casserole dish."", ""Cook rotini according to package directions;drain and set aside."", ""Meanwhile,heat oil in a large skillet over medium heat;add jalapenos and red."", ""onion and saute for 3 minutes.Add beef and cook until browned,breaking up."", ""meat with a spoon as it cooks,about 3 to 5 minutes;drain off and set pan over medium heat."", ""In medium bowl,combine soup,cream cheese,crushed red pepper and honey."", ""mustard,whisk together until blended."", ""Transfer beef mixture to a large bowl and mix with cooked rotini,diced processed cheese,sliced hot dogs and cheese sauce.Spoon the mixture."", ""into a prepared casserole dish.Sprinkle with remaining crushed Doritos chips and shredded mexican blend cheese."", ""Bake in the preheated oven until the cheeses are bubbling and the top is."", ""lightly browned,about 1 hour.""]"
"Crusty, Whole-Grain Gluten Free Bread ","[""2 3/4 c warm water, divided"", ""2 T molasses (or maple syrup)"", ""2 1/4 t highly active/instant yeast"", ""1/3 c chia seeds"", ""1/3 c raw buckwheat groats"", ""1/3 c whole psyllium husks"", ""2 T extra virgin olive oil, plus more for brushing the loaf"", ""1 1/2 c sorghum flour"", ""1/2 c potato starch"", ""1/2 c cornmeal, plus more for sprinkling"", ""1/2 c super fine brown rice flour"", ""2 t kosher salt""]","brown rice flour, chia seeds, cornmeal, highly active, kosher salt, potato starch, psyllium husks, raw buckwheat groats, sorghum flour, t, t molasses, warm water",12,www.epicurious.com/recipes/member/views/crusty-whole-grain-gluten-free-bread-52805391,Gathered,"[""1. Combine the molasses, 1 cup of warm water and the yeast. Mix together and set aside to proof (5-10 min)"", ""2. In a high-speed blender, combine chia seeds and buckwheat groats. Process to make a smooth flour."", ""3. In the bowl of a stand mixer, mix together sorghum flour, potato starch, cornmeal, rice flour and salt."", ""4. Once the yeast is high and foamy, pour into a large bowl and add the remaining 1 3/4 cup of warm water. Whisk in the ground up chia seeds and buckwheat along with the psyllium husks and olive oil until smooth. Let sit for 1 minute to thicken. Don't let it sit more than 2-3 minutes."", ""5. With the mixer running, slowly pour the chia mixture into the dry ingredients. Mix well to create a sticky dough."", ""6. Spoon the into dough a well-oiled bowl. (a narrow, tall bowl works best). Cover and let sit in a warm place for 45-60 minutes or until doubled in size."", ""7. Preheat your oven to 450F with a large dutch oven inside."", ""8. Oil a large piece of parchment paper and sprinkle with cornmeal. Very gently remove the dough and roll it (gently!) onto the parchment, taking care not to compact any of the air bubbles in the dough. Moisten your fingers to gently smooth into a loaf shape."", ""9. Remove the preheated dutch oven from the oven and, carefully, lift the parchment paper with the dough into the hot dutch oven (paper and dough). Brush the top of the loaf with extra olive oil."", ""10. Cover and place in the oven. Bake covered for 40 minutes. Then remove the lid and continue baking for an additional 15-20 minutes, until the top is golden."", ""11. Remove the bread from the oven and let it cool for 5 minutes in the pan. Turn the loaf out onto a cooling rack and let cool for 1 full hour, this allows the crust to develop more crunch.""]"
'Cheese-Less' Pumpkin Cheesecake,"[""Spice blend"", ""2 cardamom pods (just seeds"", ""4 cloves"", ""1/2 teaspoon powdered cinnamon"", ""1/4 teaspoon powdered nutmeg"", ""Pumpkin cheesecake"", ""2 1/2 cups Plain lowfat greek yogurt"", ""1/2 cup Canned pumpkin puree"", ""1 Can condensed milk"", ""1/2 - 3/4 teaspoons spice blend"", ""18-20 saffron threads"", ""8-10 pistachios (optional)"", ""3 - 4 cups scalding hot water""]","cardamom pods, cheesecake, cloves, condensed milk, greek yogurt, pistachios, powdered cinnamon, powdered nutmeg, pumpkin puree, scalding hot water, spice blend, threads",12,food52.com/recipes/25046-cheese-less-pumpkin-cheesecake,Gathered,"[""Combine all the ingredients for the spice blend and crush to a fine powder using a mortar & pestle. Use the required quantity of the blend."", ""Preheat the oven to 350 F."", ""Combine the yogurt, condensed milk, spice blend and the pumpkin puree in a mixing bowl and whisk to thoroughly combine"", ""Ladle the mixture evenly into 3 inch diameter ramekins. Garnish each bowl with 2 strands of saffron and microplane the pistachio over the mix (optional). Place the ramekins in a large baking pan. Fill the baking pan with about 3/4th inch of the hot water."", ""Place the water bath into the oven. Bake for 30 minutes. Remove from the oven, allow to cool and refrigerate for at least 2 hours prior to serving. Garnish with a piece of sugar glass and serve chilled."", ""To make the sugar glass, In a saucepan, combine 1 cup of sugar and 2 table spoons of water.\r\nBring to a boil to completely dissolve, keep stirring with a wooden spoon, lower the heat and allow the sugar to cook down beyond the hard crack stage. Keep 2 sheets of silpat silicone mats next to you on the counter. Once the sugar solution begins to turn a light amber, remove it from the heat. Allow the sugar to cease bubbling. Carefully dip the wooden spoon into the molten sugar and drizzle the liquid onto the silicone mats, making random criss cross patterns. Allow to cool completely before gently breaking the pieces. store the pieces in an airtight jar.""]"
Fermented Dill Pickles,"[""2/3 cup pickling salt"", ""1/4 head green cabbage, cut into 2-inch pieces"", ""8 cloves garlic"", ""8 fresh grape or black currant leaves, each the size of a silver dollar"", ""12 dried red chile peppers (optional)"", ""4 large heads fresh crown dill (bloomed dill), stems trimmed (or 4 teaspoons dried dill seeds)"", ""30 to 40 Persian or other small cucumbers (about 6 inches long and 1 inch thick)"", ""Four 1-quart canning jars"", ""Canning rack or kitchen towel"", ""Large stockpot"", ""Jar lifter or tongs"", ""Funnel (optional)""]","canning jars, canning rack, cucumbers, currant, dill, funnel, garlic, green cabbage, lifter, pickling salt, red chile peppers, stockpot",12,www.foodnetwork.com/recipes/amy-thielen/fermented-dill-pickles.html,Recipes1M,"[""Grape leaves keep the pickles crisp."", ""Ask for them at a farmers' market, or as an alternative, add 1/2 teaspoon alum powder to each jar before filling."", ""Sterilize the jars: Wash the jars, lids and bands in hot soapy water and rinse well."", ""Place a canning rack or folded kitchen towel in the bottom of a stockpot and fill halfway with water."", ""Add the jars, making sure they are submerged."", ""Bring to a boil and boil 10 minutes."", ""Remove with a jar lifter or tongs and place on a clean towel."", ""Put the lids and bands in a saucepan of simmering water until ready to use."", ""Make the brine: Combine 13 cups water with the pickling salt in a large pot and bring to a boil, whisking to dissolve the salt."", ""Set aside."", ""Fill the jars: In the bottom of each sterilized jar, add a layer of cabbage leaves, 1 garlic clove, 1 grape leaf, 2 chiles and a tuft of crown dill."", ""Pack the jar with cucumbers, standing them upright and getting in as many as you can."", ""Top each jar with another garlic clove, grape leaf, chile and tuft of crown dill."", ""Add the brine: Ladle the hot brine into each jar (use a funnel if you have one), leaving 1/8 inch headspace."", ""You may not need all of the brine."", ""Close the jars: Wipe the jar rims with a cloth dipped in boiling water."", ""Screw the sterilized lids on tight-as tight as you possibly can."", ""Ferment the pickles: Once the jars cool, transfer them to a warm place (75 degrees For so) and let the pickles ferment 1 week."", ""This is the warm jump-start period; the brine should get cloudy and the lid tops should become tight with pressure."", ""Then transfer the jars to a cool, dark place and wait at least 6 weeks and up to6 months before eating."", ""Be careful opening the jars-fermentation causes the brine to carbonate and it may spray."", ""And don't worry if the garlic changes color; it's still edible."", ""Photograph by The Ingalls""]"
Tropical Fruit Salad,"[""2 large ripe mangoes,peeled and chopped"", ""2 ripe papayas,peeled and chopped"", ""3 ripe guavas,canned if fresh is not available,halved and scooped into chunks"", ""8 red grapes,preferably seedless,halved"", ""8 white grapes,preferably seedless,halved"", ""1 small pineapple,peeled and cut into chunks"", ""2 bananas,peeled and sliced 1 red apple,peeled and cut into chunks"", ""2 fresh figs,quartered"", ""2 kiwis,peeled and sliced"", ""1 Tbs.confectionerssugar"", ""1/2 cup slivered almonds,toasted"", ""1 cup low-fat fromage blanc or plain low-fat yogurt""]","bananas, fresh figs, guavas, kiwis, low-fat fromage blanc, mangoes, papayas, pineapple, red grapes, slivered almonds, tbs.confectionerssugar, white grapes",12,www.vegetariantimes.com/recipe/tropical-fruit-salad/,Recipes1M,"[""In large serving bowl, combine fruit and toss gently to mix."", ""Sprinkle salad with confectioners sugar and almonds."", ""Serve salad with fromage blanc,if desired.""]"
Chef Sam's Award-Winning Seafood Laulau,"[""3 (3-ounce) fresh Mahi Mahi pieces"", ""2 ti leaves, ribs removed or corn husks or banana leaaves"", ""4 ounces dill mayonnaise, recipe follows"", ""3 bay shrimps"", ""3 bay scallops"", ""1 -ounce fresh spinach"", ""1 -ounce shiitake mushroom, julienned"", ""2 ounces vegetable mix, (Sauteed zucchini, bell pepper and onion)"", ""Salt, to taste"", ""Pepper, to taste"", ""4 ounces baby bok choy"", ""2 ounces lomi tomato relish, recipe follows"", ""Soy butter sauce, recipe follows""]","banana leaaves, bay scallops, bay shrimps, butter sauce, choy, dill mayonnaise, fresh spinach, pepper, salt, shiitake mushroom, tomato relish, vegetable mix",12,www.foodnetwork.com/recipes/chef-sams-award-winning-seafood-laulau-recipe.html,Recipes1M,"[""Place 1 piece of fish on ti leaves and add a dollop of dill mayo, 1 piece of shrimp, scallop, spinach, mushroom and vegetable mix and season."", ""Continue with the rest of the fish and then wrap."", ""Steam Seafood Laulau for 15 to 20 minutes, steam 4 ounces of baby bok choy for 5 minutes."", ""Place baby bok choy in center of plate topped with Seafood Laulau."", ""Then at 3 points of the plate, add 2 ounces of the lomi tomato relish."", ""Drizzle 2 ounces of the soy butter sauce over the Seafood Laulau.""]"
Recipe For A Happy Home,"[""1 c. God"", ""1 c. Jesus"", ""1/2 c. friendship"", ""1 c. thoughtfulness"", ""1 pinch powdered tenderness"", ""1 c. faith"", ""1 c. hope"", ""1 c. love"", ""1 c. charity"", ""1 spoonful gaiety"", ""1 spoonful laughter"", ""1 sprinkle tears"", ""1 good-natured pan"", ""1 large serving spoon""]","charity, faith, friendship, god, jesus, laughter, pan, serving spoon, spoonful gaiety, tenderness, thoughtfulness",11,www.cookbooks.com/Recipe-Details.aspx?id=997158,Gathered,"[""Blend together one cup of God and a cup of Jesus, mixed in half a cup friendship and a cup of thoughtfulness."", ""Creamed together with a pinch of powdered tenderness."", ""Very lightly beaten in a bowl of loyalty with a cup of faith and hope, love and charity."", ""Be sure to add a spoonful each of gaiety that sings and also the ability to laugh at little things."", ""Moisten with the sudden tears of heartfelt sympathy."", ""Bake in a good-natured pan and served repeatedly. Servings should last a lifetime.""]"
Eight-Treasure Puddings ,"[""2 1/4 cups Chinese or Japanese short-grain sticky (\""sweet\"") rice"", ""1 teaspoon peanut or vegetable oil plus additional for greasing"", ""3 1/2 cups cold water"", ""1/2 cup Chinese rock sugar pieces"", ""1/3 cup dried pitted Chinese jujubes, cut lengthwise into 1/4-inch-thick strips"", ""8 pitted prunes, quartered (1/3 cup)"", ""8 large dried apricots, cut into 1/4-inch-thick strips (1/3 cup)"", ""3 tablespoons dried sour cherries"", ""3 tablespoons diced (1/4 inch) candied orange peel"", ""8 walnut halves"", ""8 teaspoons canned sweet red beans or sweet red-bean paste (from a 14- to 16-oz can)"", ""a 9-inch round cake pan (2 inches deep); 8 (6- to 8-oz) custard cups or heatproof bowls; a 17- by 12- by 2 1/2-inch roasting pan; heavy-duty foil""]","cake pan, candied orange peel, chinese, chinese jujubes, chinese rock sugar, cold water, halves, peanut, prunes, sour cherries, sweet red beans",11,www.epicurious.com/recipes/food/views/eight-treasure-puddings-233815,Gathered,"[""Rinse rice in a large sieve under cold running water until water runs clear, then drain. Combine rice, oil, and 2 cups cold water in cake pan."", ""Put 1/2 inch of water in a 12-inch-wide pot or deep skillet. Set a metal rack (or a few metal cookie cutters) in bottom of pot, then set cake pan (with rice) on rack and bring water to a boil. Cover pot and steam over high heat, checking water level occasionally and adding more water if necessary, until rice is cooked, about 40 minutes. Carefully remove pan and cool to room temperature."", ""Meanwhile, bring remaining 1 1/2 cups cold water to a boil in a 2-quart heavy saucepan with rock sugar, jujubes, prunes, apricots, cherries, and orange peel, then reduce heat and simmer, covered, until fruit is very soft and liquid is reduced to 3/4 cup, about 45 minutes. Stir in walnuts and simmer 1 minute. Immediately drain in a medium-mesh sieve set over a bowl, reserving syrup and fruit separately. Remove walnuts from fruit and set aside."", ""Put oven rack in middle position and preheat oven to 350\u00b0F. 3Lightly oil custard cups and a 1/3-cup measure. Put 1 walnut half in bottom of each cup, then spoon 2 tablespoons mixed fruit (per cup) on top, spreading evenly around bottom of each cup. Drizzle 1 teaspoon reserved fruit syrup over fruit in each cup, then press 1/3 cup rice (per cup) on top of fruit with dampened fingertips. Using your fingertips or back of a small spoon, make a small indentation in rice and fill with 1 teaspoon red beans (per cup), leaving at least a 1/2-inch border of rice. Drizzle 1 teaspoon fruit syrup over each rice pudding, then cover with 2 tablespoons rice (dip measuring spoon in water before measuring rice to prevent sticking). Using a small piece of plastic wrap, press rice in cups to flatten surface. Discard wrap."", ""Arrange cups in roasting pan. Oil a sheet of heavy-duty foil, then cover pan with foil (oiled side down) and seal tightly. Bake in a"", ""1 hour, then let stand, covered, 5 minutes. Run a knife around edge of each cup to loosen rice, then invert each pudding onto a dish. Drizzle with remaining fruit syrup.""]"
Birthday Train Cake,"[""4 pkg. (10.75 oz. each) frozen pound cake, thawed"", ""4 cups thawed COOL WHIP Whipped Topping, divided"", ""assorted food colorings"", ""Decorations:"", ""16 OREO Cookies"", ""3 rolls ring-shaped hard candies"", ""1 cup fruit-flavored sweetened rice cereal"", ""6 animal crackers"", ""1 ice cream cone"", ""1 JET-PUFFED Marshmallow"", ""1 JET-PUFFED Miniature Marshmallow"", ""24 pieces black licorice (for train track)""]","black licorice, candies, colorings, crackers, cream cone, frozen pound cake, jet-puffed marshmallow, jet-puffed miniature marshmallow, oreo cookies, rice cereal, thawed cool",11,www.kraftrecipes.com/recipes/birthday-train-cake-63740.aspx,Recipes1M,"[""Line up cakes on large tray or serving platter for train cars."", ""Cut 2-inch-thick crosswise slice off front cake; place at back end of the first cake to resemble train engine."", ""Repeat with last cake, placing the removed cake slice in the middle of the last cake to resemble caboose."", ""Divide whipped topping among four small bowls; tint with food colorings as desired."", ""Use to frost cakes."", ""Add decorations as desired."", ""Store leftover cake in refrigerator.""]"
Roasted Preacher,"[""3 c. neglectful church goers"", ""2 c. self-rising hypocrites"", ""1/2 tsp. jealousy"", ""1 c. frozen amens"", ""3/4 Tbsp. whispers"", ""dash of dried up deacons"", ""2 Tbsp. sleepy singers"", ""1 pinch tightwad tithers"", ""dash of sermons"", ""2 Tbsp. twinkle tongues"", ""1 Tbsp. fault finders""]","deacons, fault finders, frozen amens, goers, hypocrites, jealousy, sermons, sleepy singers, tightwad tithers, whispers",10,www.cookbooks.com/Recipe-Details.aspx?id=731283,Gathered,"[""Mix thoroughly neglectful church goers along with self-rising hypocrites."", ""Add the dried deacons, sleepy singers and a pinch of tightwad tithers."", ""Mixture should be good and lumpy."", ""Let sit for sermon. Gradually add in jealousy, frozen amens and whispers. These ingredients will make it thick and stiff."", ""Be sure to use a spoon."", ""You don't want to miss a crumb."", ""After all these ingredients are mixed up and sermon is over, add twinkle tongues and fault finders."", ""This will add a good flavor to the roast."", ""By this time, your preacher should be cooked, stewed and boiled."", ""You should now have a well unbalanced roasted preacher."", ""This recipe is well known throughout the churches today."", ""It's simple and tasty and you don't even use a stove."", ""A very weak Christian.""]"
Recipe For Living,"[""1 full c. love"", ""1/4 c. willpower, packed firm"", ""3 oz. determination"", ""a dash of flexibility"", ""1 large head understanding"", ""a few leaves of awareness (fresh, if possible)"", ""1/2 lb. pride, cut into small portions"", ""1 lb. humility"", ""a sprinkling of common sense"", ""a pinch of adventure"", ""1 full can foresight (8 oz.)"", ""a hint of hindsight"", ""a few sprigs of humor, seasoned to taste""]","awareness, common sense, determination, flexibility, foresight, head understanding, hindsight, humility, portions, willpower",10,www.cookbooks.com/Recipe-Details.aspx?id=530514,Gathered,"[""Saute love and understanding until tender."", ""Mix well and continue cooking gently."", ""In a large bowl, blend willpower and determination well to avoid procrastination, adding a dash of flexibility to accommodate life's delicate variations."", ""Fold in a few leaves of awareness (more, if you savor knowledge)."", ""Set aside to rise and expand its flavor throughout the days.""]"
Wpiogfoewrij ,"[""osfmImogen busty brits"", ""Sunbathing lounger"", ""Pre kinder graduation poems"", ""Girl kissing girl taking clothes off"", ""Websites similiar to poptropica but better"", ""Laura loves katrina video"", ""Naked luann comics"", ""Lps games"", ""Penis ejaculating vids"", ""Us cellular wireless towers out""]","busty brits, comics, ejaculating vids, games, graduation, kissing girl taking clothes, loves, sunbathing lounger, us cellular, websites",10,www.epicurious.com/recipes/member/views/wpiogfoewrij-50091787,Gathered,"[""oowerLezbos"", ""Generate xbox live microsoft points codes"", ""Unbloc k formsprin"", ""Full free amanda holden sex tape"", ""Tucson teen nights 2010"", ""Onomatopoeias in maya angelou poems"", ""Farily odd parrents sexy"", ""Elite pain castings"", ""Elephants projects for 1st grader"", ""Suzie wilks topless"", ""Fotos de 15 anos"", ""List of psn codes"", ""Best unknown proxy"", ""Cat head cut off with car"", ""Acoustik padvd 350"", ""Taino indian traditional tattoos"", ""Uruguaya follando"", ""Will gallstones make my legs hurt""]"
How To Make Cereal Necklaces That Will Last Forever,"[""Ring-shaped cereal"", ""Elastic jewelry cord (we used metallic gold)"", ""Mod Podge (matte or gloss)"", ""Paintbrush"", ""Foil"", ""Ring or puff-shaped cereal"", ""Beading wire"", ""Closure (screw, lobster, toggle, clasp, etc.)"", ""Beading needle"", ""Thick sewing needle"", ""Mod Podge (matte or gloss)"", ""Paintbrush"", ""Foil""]","beading needle, beading wire, cord, foil, lobster, mod, paintbrush, ring, ring-shaped cereal, sewing needle",10,www.myrecipes.com/recipe/how-to-make-cereal-necklaces-that-will-last-forever,Gathered,"[""Determine the amount of cord you will need by measuring it around your neck loosely, and adding several inches. (The cereal will add bulk.) Grab a handful of cereal and thread it onto the cord, the hold loosely around your neck to determine how many pieces you will need. The cereal should fit snugly all the way around your neck with no or minimal gaps between."", ""Select a sequence of beads and cereal you find attractive. We went with a combo of metallic tubes, alphabet beads, and cereal, but you do you.""]"
Sweet And Sour Meatballs,"[""1 envelope onion soup mix"", ""1/2 c. water"", ""2 eggs"", ""2 lb. ground beef"", ""1 (16 oz.) can drained and chopped sauerkraut"", ""1 (8 oz.) can whole cranberry sauce"", ""3/4 c. chili sauce"", ""3/4 c. water"", ""1/3 c. packed brown sugar"", ""hot cooked rice"", ""1 bag basmati rice (2 coffee cups full)"", ""1 bag moong dal (lentil type legumes) (2 coffee cups full)"", ""1 bag mixed spices (cumin, coriander, garam masala, cayenne, curry etc., or spices to taste)"", ""1 bag whole cumin seed"", ""1 bag with some gooey reddish stuff called Achar (sounds like \""the door is ajar\"" only with ch which is mango pickles)""]","basmati rice, brown sugar, chili sauce, cranberry sauce, cumin, eggs, ground beef, mixed spices, moong dal, onion soup, reddish stuff, rice, sauerkraut, water",14,www.cookbooks.com/Recipe-Details.aspx?id=509126,Gathered,"[""Note:"", ""Recipe is for half the amount of rice and dal.""]"
Party Mix,"[""1/2 c. smooth peanut butter"", ""1/2 c. butter (1 stick)"", ""1 tsp. salt"", ""1/2 tsp. garlic powder"", ""5 tsp. worcestershire sauce"", ""2 c. rice chex"", ""2 c. wheat chex"", ""2 c. bran chex"", ""2 c. corn chex"", ""2 c. corn bran (Quaker)"", ""4 c. plain Cheerios"", ""2 c. pretzel"", ""4 c. pecan"", ""2 c. seasonal candy""]","bran chex, butter, candy, cheerios, chex, corn bran, corn chex, garlic powder, pecan, pretzel, rice chex, salt, smooth peanut butter, worcestershire sauce",14,www.cookbooks.com/Recipe-Details.aspx?id=94160,Gathered,"[""Preheat oven to 250 degrees."", ""Melt peanut butter with butter in a large shallow (15x10x2) roasting pan in oven until shinning and soft (approximately 5 minutes)."", ""Remove."", ""Stir in salt, garlic powder, and worcestershire sauce until mixture is smooth."", ""Add other ingredients (except candy)."", ""Mix until all pieces are coated."", ""Bake in oven 1 hour."", ""Stir every 15 minutes."", ""Remove from oven."", ""Stir in candy."", ""Spread on absorbent paper to cool."", ""Makes 18 cups.""]"
Green Pawpaw (Papaya) Salad With Seafood,"[""250 g green prawns, peeled and deveined"", ""250 g squid, tubes split, and scraped inside"", ""1 small green pawpaw, peeled, deseeded and grated (you need 1 cup of grated pawpaw, I grate mine in the food processor)"", ""6 shallots, finely sliced (use golden or red shallots)"", ""1 tablespoon lemongrass, crushed and white part finely chopped"", ""1 tablespoon kaffir lime leaf, fresh, centre veins removed, rolled, then very finely sliced"", ""1/4 cup coriander leaves, roughly chopped (cilantro)"", ""1/4 cup mint, leaves only, stems removed and roughly chopped"", ""1/4 cup salad dressing (see recipe for Hot and Sour Dressing below)"", ""2 tablespoons peanuts, roasted in a dry pan then crushed"", ""2 tablespoons crispy shallots (buy these in a jar from an Asian food store)"", ""Hot and Sour Dressing"", ""3 small red chilies, deseeded (use 4 if you want it hotter)"", ""8 garlic cloves, chopped finely"", ""8 tablespoons lime juice, fresh"", ""4 teaspoons palm sugar (or to taste)"", ""3 -4 tablespoons fish sauce (to taste, you want a balance of hot, sour, sweet and salty so adjust ingredients as required)""]","coriander leaves, crispy shallots, garlic, green pawpaw, green prawns, lime juice, lime leaf, mint, palm sugar, peanuts, red chilies, salad dressing, shallots, sour dressing",14,www.food.com/recipe/green-pawpaw-papaya-salad-with-seafood-370692,Gathered,"[""First prepare all the ingredients as described above - keep any ends and trimmings of garlic, shallots, coriander root, lemon grass, mint and coriander stalks, and odd bits of lemon grass and a couple of spare kaffir lime leaves aside to flavour the water you're going to cook the seafood in."", ""Next, make the dressing as it has to sit for at least 15 minutes for the flavours to merge."", ""To make dressing, mix together all ingredients and taste to ensure there is a good balance of hot, sour, sweet and salty - adjust ingredients as necessary."", ""Now prepare to cook the seafood."", ""Using a very sharp knife, score the inside of the squid tubes diagonally, then score in the opposite direction (to form a diamond pattern)."", ""Cut the squid into rough triangle shapes - about 4 per tube."", ""Prepare a medium bowl of ice cold water, with ice cubes in it, and sit it by the stove."", ""Fill a large pot with water and add ends and trimmings as described above and a couple of tablespoons of salt."", ""Bring water to a rolling boil then add the seafood in small batches, cooking prawns for about a minute, and squid for about 30 seconds. (The seafood can be a bit hard to find in the water, so just add a little at a time, and you'll have to 'fish' for it.)"", ""Remove seafood and immediately plunge into iced water. This cooking technique will make the squid so tender you won't believe it!"", ""When seafood is completely cold, prepare salad."", ""In a large bowl toss together pawpaw, shallots, coriander, mint leaves, lemon grass, kaffir lime leaves, seafood and 1/4 cup of the hot and sour dressing (serve any remaining dressing on the side)."", ""To present salad, transfer to a plate, bring most of the seafood to the top and arrange decoratively, then sprinkle with crushed peanuts and crispy shallots.""]"
Johnny Jalapeno'S Tijuana Ice Cream (With Variations),"[""Classic ice cream"", ""1 (15 ounce) can fruit cocktail, drained well (I use Libby's cherry cherry cherry in light syrup)"", ""1 -2 jalapeno, seeded and diced small"", ""2 tablespoons tequila"", ""1 1/2 cups heavy cream"", ""1/2 cup Splenda sugar substitute (or sugar)"", ""1 teaspoon vanilla extract"", ""Custard style"", ""2 egg yolks (and classic ingredients)"", ""Fried ice cream Burritos"", ""ice cream (from this recipe)"", ""cinnamon sugar"", ""1 small flour tortilla"", ""ice cream balls"", ""ice cream (from this recipe)"", ""cinnamon sugar"", ""frosted flakes, crushed well (or your favorite, crushed if needed)""]","cinnamon sugar, classic ice cream, cream, cream burritos, custard style, egg yolks, flour tortilla, frosted flakes, fruit cocktail, heavy cream, jalapeno, splenda sugar substitute, tequila, vanilla",14,www.food.com/recipe/johnny-jalapenos-tijuana-ice-cream-with-variations-462498,Gathered,"[""CLASSIC ICE CREAM: To the fruit cocktail, add jalapenos and tequila. Mix well, cover, and refrigerate."", ""Mix the half and half with the sugar and vanilla. Stir until sugar is dissolve. Place milk/sugar mixture into machine and churn for 15-20 minutes. Add fruit mixture and continue churning until ice cream is formed (about 5 minutes). Scoop into a freezer safe container with lid, cover and freeze for at least 2 hours."", ""CUSTARD ICE CREAM: Combine the heavy cream, tequila, and chopped jalapenos in a saucepan and place over medium heat. Bring to a simmer, and cook gently about 10-12 minutes, then remove from the heat. Watch carefully so it does not boil."", ""Meanwhile, in a bowl, whisk the sugar and vanilla into the egg yolks until slightly pale and lightened. Pour about 1/3 of the cream mixture into the yolks while whisking vigorously."", ""Add the yolk mixture back into the saucepan with the rest of the cream mixture and cook over medium heat stirring constantly until the mixture thickens sufficiently to coat the back of spoon. DO NOT allow the custard to boil."", ""Remove from the heat and place in the refrigerator to cool for at least 2 hours. When it has cooled, place in an ice cream maker and churn for 15-20 minutes. Add in the well drained fruit cocktail and churn an additional 5 minutes. Place into a freezer safe container, cover and chill at least 2 hours."", ""FRIED BURRITOS: Form 1/4 cup of ice cream into a 4\"" long log (or use a sharp knife dipped in hot water to slice). Roll the ice cream in the cinnamon sugar to coat. Wrap in tortilla burrito style tightly, then wrap in plastic wrap tightly. Repeat for remaining burritos. Place in the freezer to harden at least 2 hours."", ""Heat deep fryer to 350\u00b0F Unwrap burritos from plastic wrap and carefully place burritos into fry basket ONE at a time. Deep fry for 2-3 seconds. Flip over and fry the other side for 2-3 seconds. Serve with whipped cream and a cherry."", ""ICE CREAM BALLS: Scoop about 1/4 cup of ice cream and quickly form it into a ball. Roll in cinnamon sugar, then in crushed cereal, place on cookie sheet and keep frozen. When ready to serve, Serve as is, or deep fry for 2-3 seconds then drain on paper towels for a few seconds. Serve in a shallow bowl drizzled with chocolate and caramel toppings.""]"
Bittersweet Chocolate Silk Pie,"[""Pie Dough"", ""1 1/4 cups flour"", ""1/4 teaspoon salt"", ""5 tablespoons cold unsalted butter"", ""3 tablespoons cold shortening"", ""4 -6 tablespoons ice water"", ""Bittersweet Chocolate Filling"", ""1/2 cup heavy cream"", ""1/2 cup granulated sugar"", ""8 ounces bittersweet chocolate, finely chopped"", ""1/2 cup unsalted butter"", ""1 (8 ounce) container Egg Beaters egg substitute"", ""TOPPINGS"", ""1 pint heavy cream"", ""3 tablespoons granulated sugar"", ""chocolate curls, for garnish, if desired""]","bittersweet chocolate, bittersweet chocolate filling, chocolate curls, cold shortening, cold unsalted butter, egg beaters, flour, granulated sugar, heavy cream, pie dough, salt, tablespoons ice water, toppings, unsalted butter",14,www.food.com/recipe/bittersweet-chocolate-silk-pie-10879,Gathered,"[""In medium bowl, combine flour and salt."", ""Using medium side of box grater (side used to shred carrots), grate cold butter into flour, tossing frequently."", ""Cut shortening into chunks."", ""Using a pastry blender, cut shortening into flour until pea-sized clumps form."", ""Using fork to toss flour, stir in ice water until dough just starts to form."", ""Press dough into smooth, flat disc."", ""Wrap disc in plastic and refrigerate at least 1 hour."", ""On lightly floured surface, roll dough out to 13-inch circle."", ""Transfer dough to 9-inch pie plate."", ""Trim overhanging dough to 1 inch; roll and crimp overhang to make decorative edge."", ""Refrigerate pie shell for 30 minutes."", ""Place rack in center of oven and preheat to 400\u00b0."", ""Prick chilled pie shell all over with fork."", ""Line pie shell with foil; place pie weight or dry beans or rice in shell."", ""Bake for 20 minutes; remove foil and weights and bake for 10-15 minutes more, until pie shell is golden."", ""Let pie shell cool for 15 minutes before filling with chocolate mixture."", ""In small saucepan, heat cream and sugar together over medium high heat, stirring until sugar dissolves."", ""Bring mixture to a boil."", ""Turn off heat; stir in chocolate until melted and smooth."", ""Stir in butter until melted and smooth."", ""Scrape chocolate mixture into 4 1/2-quart bowl of heavy-duty electric mixer fitted with paddle attachment."", ""Let chocolate mixture stand until just warm, about 20 minutes."", ""Beat chocolate mixture at medium speed for 2-3 minutes, until bottom of bowl is no longer warm."", ""With mixer running at medium speed, begin pouring egg beaters down side of bowl in slow, steady stream. This will take 2 minutes."", ""Continue to beat for a few more minutes, until mixture just begins to thicken around the outside edge of bowl and becomes paler in color."", ""Pour mixture into prepared pie shell and refrigerate for at least 4-6 hours."", ""Just before serving pie, beat heavy cream with sugar until soft peaks form, about 3 minutes, in heavy-duty mixer and 5 minutes with hand-held mixer."", ""Mound whipped cream onto chilled pie."", ""Garnish with chocolate curls.""]"
Mediterranean Lamb Burgers,"[""8 oz ground lamb"", ""1 None egg white"", ""1/2 cup stale whole wheat breadcrumbs"", ""2 tsp chopped fresh rosemary"", ""2 tsp chopped fresh mint leaves"", ""1 tsp finely grated lemon peel"", ""1/2 clove garlic, halved"", ""2 tsp tomato paste"", ""1 cup mixed salad leaves"", ""1 None tomato, thinly sliced"", ""1/2 None red onion, thinly sliced"", ""2 None whole wheat bread rolls, split"", ""None None FOR THE YOGURT SAUCE"", ""1/3 cup low fat plain yogurt"", ""1/2 clove garlic, crushed"", ""1 tbsp finely chopped fresh mint leaves"", ""1/2 None mini cucumber, seeded and finely chopped""]","clove garlic, cucumber, egg white, fresh rosemary, ground lamb, lemon peel, mint leaves, mixed salad leaves, red onion, tomato, whole wheat bread rolls, whole wheat breadcrumbs, yogurt, yogurt sauce",14,recipes-plus.com/api/v2.0/recipes/35820,Gathered,"[""Process lamb, egg white, breadcrumbs, herbs, lemon peel, garlic and tomato paste until combined. Using wet hands, shape mixture into two patties."", ""Lightly spray a heated large nonstick skillet with no stick cooking spray. Cook patties, on medium heat, until browned both sides and cooked through."", ""For the yogurt sauce, combine all ingredients in small bowl."", ""Sandwich salad leaves, tomato, patties, onion and yogurt sauce between rolls.""]"
Salmon Fish Delight ,"[""Ingredients:"", ""salmon fish - 6 pieces"", ""eggs -2"", ""five spice powder -1/2 tsp"", ""ginger garlic paste -1tsp"", ""salt - to taste"", ""light soya souce - 1 tsp"", ""rice veniger - 1/2 tsp"", ""corn flour - 1 tsp"", ""vegetable oil/butter- 5 tblsp"", ""for garnishing:"", ""lemon juice - few drops"", ""chopped green onions and"", ""chopped cucumber for garnishing""]","corn flour, cucumber for, eggs, five spice powder, garnishing, ginger garlic, green onions, ingredients, lemon juice, light soya souce, rice veniger, salmon fish, salt, vegetable oil/",14,www.epicurious.com/recipes/member/views/salmon-fish-delight-1231464,Gathered,"[""Preparation:"", ""Take a vessel n add corn flour and add eggs in it and beat well."", ""add salt,soya souce, rice veniger, five spice powder,"", ""ginger garlic paste and mix well."", ""marinade fish in it for 3 hours n refrigerate it."", ""heat butter or vegetable oil in a pan n fry both the side of fish in it."", ""remove it and placeit in a plate, sqeez off few drops of lemon juice on it and garnish it with chopped green onions and cucumber."", ""server hot.""]"
Billy'S Pork Chops And Spaghetti ,"[""o 1 large can crushed San Marzano tomatoes"", ""o Fresh basil leaves (6)"", ""o Garlic cloves (6)"", ""o Yellow onion (2)"", ""o Olive oil"", ""o Thick-cut pork chops (4)"", ""o Large red bell pepper"", ""o Large green mild peppers (2)"", ""o 1-2 hot red peppers"", ""o Fennel seed (1 -2 tsp)"", ""o Tomato paste (small can)"", ""o White wine (1 cup)"", ""o Chicken stock (1/2 cup)"", ""o Parmagian cheese""]","basil, chicken, green mild peppers, hot red peppers, o fennel, o garlic, o olive oil, o white wine, o yellow onion, parmagian cheese, pork chops, red bell pepper, tomato paste, tomatoes",14,www.epicurious.com/recipes/member/views/billys-pork-chops-and-spaghetti-52943331,Gathered,"[""Preheat oven to 375 degrees. Heat pot of salted water for spaghetti."", """", ""Make the Tomato Sauce"", """", ""In medium sauce pan sautee one yellow onion in olive oil. Add garlic and sautee until fragrant (1 min). Add crushed tomatoes and fresh basil and simmer."", """", ""Sautee the Chops"", """", ""Brush chops in olive oil and season with salt and pepper. Add to heated cast iron skillet and brown on both sides (10-15 mins). Remove chops. Add olive oil to pan and sautee onions, peppers, garlic (3-4 cloves), fennel seed, and tomato paste for 5 mins. Add white wine and chicken stock and sautee until tender, about 10 mins."", """", ""Bake the Chops"", """", ""Add pork chops to skillet and cover with pepper/onion mixture. Place skillet in oven and cook until pork reaches 135-140 degrees."", """", ""Make the Spaghetti"", """", ""Cook spaghetti and drain. Mix sauce and spaghetti in a bowl and sprinkle with grated cheese."", """", ""Serve with chops and peppers""]"
Italian Turkey Meatloaf ,"[""2 lbs. naturally-raised dark meat ground turkey"", ""6 ounces crimini mushrooms"", ""1 cup fresh basil leaves"", ""1/2 cup sun-dried tomato halves"", ""2 cups panko crumbs"", ""1/2 cup fresh italian parsley leaves"", ""1/2 medium sweet white onion"", ""2 tsp dried oregano"", ""1 tsp dried thyme"", ""1-1/4 cups coarsely grated or chopped smoked gouda or smoked mozzarella"", ""2 lightly beaten large eggs"", ""2/3 cup Trader Joe's Garden Patch vegetable juice or other tomato juice"", ""S&P to taste"", ""3 tbsp organic ketchup""]","crimini mushrooms, eggs, fresh basil, fresh italian parsley leaves, gouda, ketchup, oregano, panko crumbs, s&p, sweet white onion, thyme, tomato halves, turkey, vegetable juice",14,www.epicurious.com/recipes/member/views/italian-turkey-meatloaf-50030209,Gathered,"[""Preheat oven to 350 (convect)."", """", ""Pulse mushrooms in food processor until finely chopped, and add to large mixing bowl. Do same with basil, sun-dried tomatoes, and onion together, and add to bowl. Process panko with dried herbs and fresh parsley until well combined, and add to bowl. Add 1 cup smoked cheese, turkey, and panko mixture to bowl and mix together with hands until well combined. Add beaten eggs and tomato juice and mix with hands again. Spread mixture out on a piece of waxed paper or foil, into a 12 x 15 rectangle and then roll up from one short side, using foil to guide you. Slip foil out from underneath, tuck in ends, and place meatloaf roll in shallow baking pan. Spread top with organic ketchup and bake about 1 hour. Remove from oven, sprinkle with remaining 1/4 cup grated cheese and return to oven another 10 minutes. Allow to rest about 10 minutes before slicing.""]"
Louis Chilli ,"[""500g Beef Mince"", ""1 onion finely chopped"", ""2 fresh whole Jalapeno chillies - more if you like it hotter!"", ""2 fresh whole habanero or scotch bonnet chili"", ""4 teaspoons Cumin Powder"", ""2 teaspoon smoky paprika"", ""2 teaspoon hot chilli powder"", ""2 tin chopped tomatoes"", ""1 tin Kidney Beans."", ""4 tablespoons tomato puree"", ""6 cloves of garlic crushed"", ""Bunch of fresh coriander"", ""2 glass red wine"", ""200g soured cream"", ""Salt and Black Pepper""]","cumin powder, fresh coriander, garlic, glass red wine, hot chilli, hotter, kidney, onion, salt, scotch bonnet chili, smoky paprika, soured cream, tomato puree, tomatoes",14,www.epicurious.com/recipes/member/views/louis-chilli-50089809,Gathered,"[""Take two frying pans and start cooking in parallel, in one add the olive oil and start cooking the onions slowly until translucent. In the other pan turn the heat up very high ( the best pan for this is a cast iron pan ) we are going to sear the mince in small batches. This is an important process, a bit like searing meat for a casserole, the exterior of the mince is to be caramelised (or burnt a little) because later it is to be slow cooked on the hob which will break down this crust and create sublime slightly sweet browning to your chilli sauce."", """", ""Now sear the mince on the high heat in small batches, season on all sides with salt and pepper, stir until cooked on all sides."", ""Transfer to a plate when cooked."", """", ""When the onions are cooked, add the paprika, cumin, chilli powder, and garlic, and stir fry for 2 minutes then add the wine, tomato puree, tomatoes and mince. stir and simmer on a low heat for one hour. You should only be getting 1 or two bubbles in the sauce if you have more turn it down."", ""After 1 hour add the kidney beans and simmer for a further hour."", ""The slow cooking brings out all the flavours of the meat and breaks down the acidity of the tomatoes."", """", ""Add the whole chillies finely chopped for ten minutes at the end and then serve garnished with the coriander leaves and cream on the side."", """", ""Chef's Tip: Make this dish 2 or 3 days in advance and keep in the fridge, the extra time allows the flavours to really mingle and mature.""]"
White Truffle Grilled Cheese,"[""White Truffle Grilled Cheese"", ""6 ounces Baby bella mushrooms, cleaned and sliced"", ""2 ounces oyster mushrooms, chopped into bite size pieces"", ""1 tablespoon butter"", ""1 cup fresh coarsely shredded Fontina cheese"", ""1/3 cup fresh coarsely shredded Parmesan cheese"", ""2 tablespoons chopped fresh Italian parsley"", ""4 slices crusty whole grain bread"", ""1 tablespoon white truffle oil"", ""sea salt"", ""Simple Arugula Salad"", ""Juice of 1/2 a lemon"", ""1/4 cup extra virgin olive oil"", ""1/4 teaspoon sea salt"", ""1/4 teaspoon fresh ground pepper"", ""2 large handfuls of arugula""]","arugula, bella mushrooms, butter, crusty, extra virgin olive oil, fresh coarsely shredded, fresh coarsely shredded parmesan cheese, fresh ground pepper, fresh italian parsley, mushrooms, salt, simple arugula, truffle oil, white truffle",14,food52.com/recipes/8513-white-truffle-grilled-cheese,Gathered,"[""Preheat panini press. Melt butter in skillet over medium high heat. Add mushrooms and saute until soft, about 5 minutes. Transfer mushrooms to a medium bowl and let cool slightly, about 2 minutes. Drain any accumulated juices from the bowl and discard."", ""Use your hands to toss mushrooms with parsley, Fontina, and Parmesan cheese. Mixture should bind together and form a paste-like consistency."", ""Brush one side of each slice of bread with truffle oil and sprinkle with sea salt. Top dry side of two of the slices of bread with the mushroom and cheese paste. Place dry side of remaining bread down upon this mixture. Press sandwiches on panini grill approximately 5 minutes or until golden brown and all the cheese has melted. Serve immediately."", ""Combine all ingredients except arugula in a small bowl. Whisk until emulsified. Place arugula in a medium bowl and toss with desired amount of dressing.""]"
Making An Heirloom Tomato Salad Come Even More Alive...,"[""Sapa Sumac Dressing"", ""1 tablespoon sapa"", ""3 tablespoons cold pressed extra virgin olive oil (with peppery finish like Middle Earth Organics)"", ""2 teaspoons acacia honey"", ""1/2 teaspoon dijon mustard"", ""1 teaspoon ground sumac"", ""1 tablespoon champagne vinegar"", ""1/2 teaspoon fresh lemon zest"", ""1/4 teaspoon kosher or sea salt"", ""Heirloom Tomato Salad"", ""4-8 select beautifully colored heirloom tomatoes, sliced (more tomatoes if you use small heirloom varieties)"", ""2 tablespoons mix of chopped dill, parsley, and basil (chiffonade)"", ""1 ounce toasted almonds or pinion pine nuts"", ""2 ounces fresh chevre, crumpled""]","acacia honey, almonds, champagne vinegar, cold pressed, dijon mustard, dill, dressing, fresh chevre, ground sumac, kosher, lemon zest, sapa, tomato salad, tomatoes",14,food52.com/recipes/6013-making-an-heirloom-tomato-salad-come-even-more-alive,Gathered,"[""Assemble the dressing ingredients and shake."", ""Assemble all the salad ingredients and generously drizzle the dressing over the salad.""]"
"The Mango, The Pineapple, The Rum, And The Rain","[""For the Mango Puree"", ""the juice of 1/2 lime"", ""1 shy cups water"", ""1/2 cup sugar - vanilla sugar if possible"", ""1 \""just\"" ripe mango (not too ripe), sliced"", ""zest of one lime - use half of the zest for the syrup"", ""For the Grilled Pineapple, the Yogurt Filling, and Assembly"", ""2 round slices of a ripe golden pineapple, uncored"", ""3 tablespoons good dark rum - you know my preference!"", ""4 ounces Vanilla yogurt - I like Liberte"", ""4 ounces mascarpone cheese"", ""reserved syrup"", ""mango puree"", ""the rest of the lime zest"", ""4 glass 2.5 ounce dessert bowls - egg coddlers if possible. The beauty of the dessert is the side view! You can also use martini glasses.""]","golden pineapple, just, know, lime, lime zest, mango, mango puree, mascarpone cheese, pineapple, reserved syrup, sugar - vanilla sugar, vanilla yogurt, water, zest of one lime",14,food52.com/recipes/17337-the-mango-the-pineapple-the-rum-and-the-rain,Gathered,"[""Pour the lime juice into a liquid measuring cup. Add enough water to make 1 cup of liquid. Place the sugar and lime juice/ water into a saucepan over low to medium heat. Stir to dissolve the sugar, and allow to simmer until the syrup thickens a bit. Add the mango slices, and cook for about 5 minutes, then add the 1/2 lime zest and cook another 5 minutes. Take off the heat and allow to cool for about 10 minutes."", ""With a slotted spoon, lift the mango slices out of the syrup and place in a food processor. Add 1/4 cup of the syrup, and process until you get a smooth puree. You should have about 1 cup of puree. Reserve the remaining syrup. Place both the puree and the syrup in the refrigerator; overnight if possible. The puree will set nicely, and the syrup with get somewhat thicker."", ""In a saute pan, place the pineapple slices over medium heat. Allow to sear for about 90 seconds. Add the rum and flame if you feel like it. Turn the pineapple slices over, and sear on the other side, until the slices are golden brown. Remove from the heat, allow to cool, cut out the cores, and halve the slices. Then, cut 4 chunks from each half slice. Set aside."", ""Combine the vanilla yogurt and mascarpone cheese. Add a tablespoon of the lime syrup and stir."", ""Assemble: Place a teaspoon of the mango puree in the bottom of each coddler. Then press 4 chunks of pineapple equidistantly around the sides of the coddler. With your fingers, press a bit of lime zest into the side spaces between each pineapple chunk."", ""Place 3 teaspoons of yogurt/mascarpone filling in the coddler. Teaspoon 1: Crosswise into the coddler; Teaspoon 2: Crosswise in the other direction; Teaspoon 3: To fill in the gaps. Tap the coddler to settle the filling into any air pockets. Smooth the final teaspoon of filling so you have a smooth and level surface."", ""Place 2 teaspoons of mango puree atop the filling, and smooth out the surface. To garnish, place a scant half teaspoon of filling atop the puree, sprinkle with a little lime zest, and then add a scant 1/4 teaspoon of syrup."", ""Note: If you don't have the time or inkling to press lime zest on the sides of the serving dish - don't! I attached a photo of each variation.""]"
Beef Medallions With Madeira Mushroom Sauce And Haricot Verts,"[""For the haricot certs"", ""2 fistfuls of haricots verts, trimmed"", ""1 gallon water"", ""1/4 cup kosher salt"", ""1 tablespoon unsalted butter, melted"", ""Kosher salt and freshly ground black pepper"", ""For the medallions in madeira sauce"", ""6 two-ounce beef tenderloin medallions, or 4 four ounce, whatever you feel comfortable cooking to medium rare"", ""1 1/2 cups shiitake, portabella, and oyster mushrooms, stems removed from the shiitakes and all of them cleaned and sliced thinly"", ""2 teaspoons fresh garlic, minced"", ""Canola oil"", ""Unsalted butter"", ""1/3 cup Madeira"", ""1/2 cup homemade beef stock or low sodium store bought broth"", ""2 teaspoons beurre manie, equal parts flour and unsalted butter creamed together then chilled"", ""1 tablespoon flat leaf parsley"", ""Kosher salt and fresh ground black pepper""]","beef tenderloin, beurre manie, butter, canola oil, fistfuls of haricots verts, flat leaf parsley, fresh garlic, gallon water, homemade beef stock, kosher salt, madeira, medallions, shiitake, unsalted butter",14,food52.com/recipes/26592-beef-medallions-with-madeira-mushroom-sauce-and-haricot-verts,Gathered,"[""The night before you wish to serve your dinner, place a big pot on the stove and add a gallon of water. Add the salt. Turn the heat to high and bring the water to a roiling boil."", ""While you are waiting for it to come to a boil, remove the medallions from the fridge and place them onto a cooling rack placed on top of a sheet tray that has edges. Season the medallions with salt on both side. Place them back into the fridge, uncovered, and let them air dry overnight."", ""Place a large bowl, large enough to hold all the haricots vert, into the sink and fill it halfway full with ice. Fill the bowl with water to make an ice bath."", ""Once the pot of water on the stove has come to a boil, add the trimmed haricots vert. If all goes as planned, the water should barely stop boiling, but if it takes a second or two, don't worry. Cook the beans just until they turn vibrant green and are just tender. Lean on the al dente side for good measure. Remove them from the water immediately and place them directly into the ice bath making sure all the beans are submerged. By doing this you have immediately stopped the cooking process and prevented the beans from becoming too soft."", ""Once the beans have cooled, drain them then store them in a covered bowl in which you have paper towel in the bottom to absorb excess moisture. Place them into the fridge until you need them."", ""Now it's showtime. Heat you oven to 400\u00b0 F. Place all the ingredients on a sheet tray and set them next to the stove. Have two 12-inch saute pans on the burners with the heat at medium."", ""Pepper both sides of the beef medallions."", ""Turn the heat under front saute pan to high. Add the enough canola oil to coat the bottom. The oil should shimmy and shake but not smoke. Add the medallions, they should sizzle hard when they hit the pan. Once one side has browned, turn them and quickly brown the other side. Remove the medallions to their sheet tray."", ""Immediately add a tablespoon of butter to the pan and add the mushrooms. This whole process should move very quickly. Stir the mushrooms. Season them with salt and pepper. They should brown at the edges and become crispy."", ""Remove the pan from the heat. Add the Madeira and carefully put it back onto the flame. The Madeira may ignite, so be prepared for some flame. Let the Madeira reduce and get syrupy, you should have about a tablespoon in the bottom of the pan."", ""Add the stock or broth. Let it come to a boil, reduce the heat, and let it begin to reduce."", ""Move the sauce to the back burner and bring the warm empty pan to the front burner."", ""Slide the medallions into the oven. This is a good time to heat the plates if you want them warm as well."", ""Add the butter to the hot saute pan and when the bubbling begins to subside, add the beans. Season them with salt and pepper. Turn them regularly to keep them from blistering, or let them blister and brown -- it is up to you. They are good both ways."", ""Turn the heat up on the sauce and add 1 teaspoon of the beurre manie. Swirl it into the sauce and let it come to a boil; it should thicken the sauce. If it is too thin, add the other teaspoon."", ""Remove the plates from the oven along with the medallions. Make sure the plates aren't too hot. Plate up starting with the sauce on the bottom, then the medallions, and then the haricots vert. Serve.""]"
Skittles Rainbow Cake,"[""2 (16.25-oz.) boxes white cake mix"", ""2 cups water"", ""1 cup vegetable oil"", ""6 large eggs"", ""1 tablespoon strawberry gelatin dessert powder (such as Jell-O)"", ""1 tablespoon lemon gelatin dessert powder (such as Jell-O)"", ""1 tablespoon orange gelatin dessert powder (such as Jell-O)"", ""1 tablespoon lime gelatin dessert powder (such as Jell-O)"", ""1 tablespoon grape gelatin dessert powder (such as Jell-O)"", ""Red, yellow, orange, green, purple food coloring"", ""2 cups (16 oz.) unsalted butter, softened"", ""2 (16-oz.) pkg. powdered sugar (about 7 cups)"", ""Red, yellow, orange, green, purple food coloring"", ""2 cups Skittles candy"", ""Blue food coloring"", ""3 jumbo marshmallows, halved""]","eggs, food coloring, grape gelatin dessert powder, jumbo marshmallows, lemon gelatin dessert powder, lime gelatin dessert powder, orange gelatin dessert powder, powdered sugar, skittles, strawberry gelatin dessert powder, unsalted butter, vegetable oil, water, white cake",14,www.myrecipes.com/recipe/skittles-rainbow-cake,Gathered,"[""Prepare the Cake: Preheat oven to 350\u00b0F. Grease and flour 5 (8-inch) round cake pans. Stir together cake mix, water, oil and eggs until fully incorporated and batter is not lumpy."", ""Divide batter among 5 bowls (about 1 1/2 cups per bowl). In 1 bowl, add strawberry gelatin powder and 2 drops of red food coloring or until desired color. In second bowl, combine lemon powder and yellow food coloring until desired color. In third bowl, combine orange powder and orange food coloring until desired color. In forth bowl, combine lime powder and green food coloring until desired color. In fifth bowl, combine grape powder and purple food coloring until desired color."", ""Pour individual batters into prepared cake pans, and bake in preheated oven until wooden pick inserted comes out with moist crumbs, 18 to 20 minutes. Let cool completely. Flatten tops of cakes by trimming off rounded tops."", ""Prepare the Frosting: While cakes cook, beat butter in the bowl of a stand mixer until fluffy and lightened in color, about 3 minutes. Add powdered sugar, and beat until smooth and fully combined. Scoop about 3 tablespoons of frosting into each of 5 small bowls. Color 1 bowl with 1 drop of red food coloring, 1 bowl with orange, 1 bowl with yellow, 1 bowl with green, and 1 bowl with purple. Set aside for decorating."", ""Place the red cake layer on a cake plate, and spread a thin layer of the remaining uncolored frosting on top. Top with the orange cake layer, and spread a thin layer of uncolored frosting on top. Repeat process with yellow cake layer, then green. Place a clean, empty, skinny can with top and bottom removed (such as an asparagus can) on center top of 4 cake layers. Press can down through all 4 layers, and remove to create a hollowed-out center. Discard cake center or reserve for another use. Fill inside of cake with Skittles. Spread a thin layer of uncolored frosting on fourth cake layer. Top with purple cake layer, and spread a thin layer of uncolored frosting on top and sides of cake. Refrigerate 30 minutes."", ""Meanwhile, drop 2 to 3 drops of blue food coloring in remaining frosting until desired color. Remove cake from refrigerator, and frost completely with blue frosting."", ""Place all 5 bags of colored frostings in a large piping bag fitted with a star tip, and pipe a border on the top of the cake. Sprinkle any remaining Skittles around border of the cake. Slice cake, release the Skittles, and serve!""]"
Flora Celebration Sandwich,"[""2 slices bread 10-grain, 100g"", ""3/4 tablespoon Flora Original Original"", ""3 7/8 tablespoons liver pate guinea fowl, or readymade game pate"", ""1 15/16 ounces venison roast juniper-crusted, or cooked roast beef"", ""2 15/16 tablespoons relish beetroot"", ""2/3 tablespoon pea shoots or micro greens or salad leaves"", ""9/16 pound beetroot uncooked red"", ""3 3/8 tablespoons apple juice Sandringham Estate"", ""3 3/8 tablespoons vinegar white balsamic"", ""1 tablespoon honey"", ""1 11/16 tablespoons gin"", ""1 11/16 tablespoons dubonnet"", ""pepper"", ""1 breast cooked guinea fowl, or chicken skin removed, 110g"", ""1 3/8 tablespoons Flora Original Original, melted and with fresh thyme leaves infused"", ""1 3/8 tablespoons sour cream"", ""2 3/8 tablespoons stilton cheese optional"", ""pepper""]","apple juice sandringham estate, bread, dubonnet, gin, honey, pate guinea fowl, pepper, relish beetroot, shoots, sour cream, stilton cheese, thyme, venison roast juniper, vinegar white balsamic",14,www.yummly.com/recipe/Flora-Celebration-Sandwich-378889,Gathered,"[""Spread the bread with Flora, assemble the ingredients and enjoy the sandwich!"", ""To make your own Beetroot relish: peel the beetroot and coarsely grate. Place in a small pan with the apple juice, vinegar and honey. Simmer until the liquid reduces by half and then add the Gin and Dubonnet and reduce again until the liquid becomes syrupy and the beetroot tender. Season with salt and pepper."", ""To make the Guinea fowl pate: Chop the guinea fowl into small pieces and blend in a food processor with the Flora, sour cream and stilton cheese until smooth. Season with salt and pepper.""]"
Lemon Chicken with Croutons,"[""4 oz. long loaf Italian bread"", ""1/2 medium head chicory"", ""1 medium head radicchio"", ""1 medium head Belgian endive"", ""light corn-oil spread"", ""1 clove garlic"", ""4 small skinless, boneless chicken-breast halves"", ""1/4 tsp. salt"", ""1 tbsp. lemon juice"", ""1 tsp. all-purpose flour"", ""1/2 tsp. chicken-flavor instant bouillon"", ""1/4 tsp. sugar"", ""2 tbsp. drained capers"", ""1/4 c. bottled fat-free Italian salad dressing""]","all-purpose flour, capers, chicken-flavor, clove garlic, endive, head chicory, head radicchio, italian salad dressing, lemon juice, light corn-oil, long loaf italian bread, salt, skinless, sugar",14,www.delish.com/recipefinder/lemon-chicken-croutons-939,Recipes1M,"[""Cut bread into 1-inch cubes."", ""Tear chicory into 2-inch pieces."", ""Cut radicchio into 1/2-inch slices."", ""Cut Belgian endive lengthwise in half."", ""Place halves cut-side down and thinly slice lengthwise."", ""Place salad greens in large bowl."", ""In nonstick 12-inch skillet over medium heat, in 2 tablespoons hot light corn-oil spread, cook bread cubes and garlic, stirring occasionally, until bread is lightly browned."", ""Discard garlic; remove garlic croutons to bowl with salad greens."", ""Wipe skillet clean."", ""In same skillet over medium-high heat, in 1 more tablespoon hot light corn-oil spread, cook chicken and salt until chicken is browned on both sides."", ""Reduce heat to medium; cover and cook until chicken is tender and juices run clear when chicken is pierced with tip of knife."", ""Remove chicken to plate."", ""In 1-cup measuring cup, mix lemon juice, flour, chicken-flavor bouillon, sugar, and enough water to equal 1/2 cup."", ""Add capers, lemon-juice mixture, and any juices from chicken on plate to skillet; heat to boiling."", ""Boil 1 minute."", ""Toss salad greens and garlic croutons with fat-free dressing."", ""Arrange chicken and salad on 4 dinner plates; spoon lemon sauce over chicken.""]"
PHILLY Mini-Cheesecake Cones,"[""Cheesecake"", ""3 cups graham cracker crumbs"", ""1/2 cup sugar"", ""7/8 cup unsalted butter, melted"", ""2 tubs PHILADELPHIA Cheesecake Batter, slacked for 1 hour"", ""100 each mini ice cream cones"", ""Toppings"", ""1/2 cup hard-shell chocolate ice cream topping"", ""1/2 cup hard-shell caramel ice cream topping"", ""1/2 cup hard-shell vanilla ice cream topping"", ""Garnishes"", ""1/4 cup multi-colored sprinkles"", ""1/4 cup chocolate sprinkles"", ""2 Tbsp. multi-colored nonpareils"", ""1/4 cup sliced almonds, toasted"", ""2 Tbsp. candied orange zest strips""]","almonds, candied orange zest strips, chocolate sprinkles, graham cracker crumbs, hard-shell caramel ice cream topping, hard-shell chocolate ice cream topping, hard-shell vanilla ice cream topping, mini ice cream, multi-colored nonpareils, multi-colored sprinkles, sugar, toppings, tubs philadelphia, unsalted butter",14,www.kraftrecipes.com/recipes/philly-mini-cheesecake-cones-144734.aspx,Recipes1M,"[""Combine graham crumbs, sugar and butter; press onto bottoms of 2 (9-inch) springform pans (or onto bottom of 1 springform pan for trial recipe)."", ""Bake in 325 degrees F standard oven 10 min."", ""; cool."", ""Pour each cheesecake batter into separate bowl; stir until creamy."", ""Pour over crusts."", ""Bake as directed."", ""Run knife around rim of each pan to loosen cake."", ""Refrigerate cheesecakes several hours or until chilled."", ""Use #40 scoop to fill each of 4 mini ice cream cones with about 1 oz."", ""cheesecake, making sure to include some of the crust in each scoop for swirled effect."", ""(When filling cones, be sure to gently, but firmly, press cheesecake into each cone so cheesecake remains in cone when being dipped.)"", ""Refrigerate until ready to dip in toppings."", ""For each shared portion (4 cones): Dip cones, 1 at a time, in desired ice cream topping; immediately top each cone with a different Garnish, using 1/4 tsp."", ""to 1/2 tsp."", ""sprinkles or nonpareils, or a few nuts or orange strips."", ""Serve immediately or refrigerate until ready to serve.""]"
Muffaletta with Olive Tapenade,"[""One 10-inch round loaf Italian bread"", ""1 cup mixed pitted olives, roughly chopped"", ""1/4 cup olive oil"", ""1/2 cup pickled vegetables, such as giardiniera, chopped"", ""1/4 cup chopped roasted red peppers"", ""2 tablespoons chopped parsley"", ""2 tablespoons red wine vinegar"", ""2 cloves garlic, minced"", ""1 teaspoon Italian seasoning"", ""1/2 pound salami, deli sliced"", ""1/2 pound provolone, deli sliced"", ""1/2 pound capicola, deli sliced"", ""1/2 pound smoked mozzarella, deli sliced"", ""1/2 pound mortadella, deli sliced""]","deli, garlic, italian bread, italian seasoning, mixed pitted olives, mortadella, mozzarella, olive oil, parsley, pickled vegetables, provolone, red peppers, red wine vinegar, salami",14,www.foodnetwork.com/recipes/damaris-phillips/muffaletta-with-olive-tapenade.html,Recipes1M,"[""Divide the bread lengthwise."", ""Scoop out some of the dough-y interior and reserve for another use."", ""Combine the olives, oil, pickled vegetables, red peppers, parsley, vinegar, garlic and Italian seasoning in a bowl."", ""Spread half of the olive tapenade on the bottom half of the bread."", ""Layer the salami, provolone, capicola, mozzarella, mortadella and the rest of the olive tapenade."", ""Top with the other half of the bread and wrap the entire loaf in plastic wrap."", ""Top the wrapped sandwich with a cast iron pan and set aside to rest for 1 hour."", ""To facilitate easy cutting, skewer the muffaletta with 4 skewers and cut into 8 even triangles.""]"
French Genoise for Petits Fours,"[""6 lg. eggs"", ""1 cup sugar"", ""1 cup sifted flour (1 1/2 cups for petite fours)"", ""1/2 cup sweet butter, melted and clarified"", ""1 tsp. vanilla"", ""1 cup apricot jam, raspberry jam"", ""butter cream"", ""1 cup apricot glaze"", ""3 cups fondant"", ""mock fondant"", ""2 tsp. vanilla"", ""any liqueur"", ""1 tbsp. strong coffee"", ""2 oz. unsweetened chocolate, melted"", ""1 cup sieved apricot jam"", ""1 to 4 tbsp. cognac, kirsch, applejack,"", ""any liqueur (optional).""]","apricot, apricot glaze, butter cream, coffee, cognac, eggs, flour, fondant, liqueur, mock fondant, sugar, sweet butter, unsweetened chocolate, vanilla",14,www.foodgeeks.com/recipes/20303,Recipes1M,"[""Set oven at 350 degrees F. Grease and lightly flour ANY 1 of the following for your needs: two 9-inch layer-cake tins three 7-inch layer-cake tins one 11 x 16 jelly-roll pan for petite fours two shallow 10-inch layer-cake tins NOTE: For petits fours you must use ONE 11 x 16 jelly-roll pan."", ""You must use 1 1/2 cups all purpose flour if you are making petite fours."", ""FOR THE CAKE: In a large bowl combine eggs and sugar."", ""Stir for a minute, or until they are just combined."", ""Set bowl over a saucepan containing 1 or 2 inches of hot water."", ""Water in pan should not touch bowl; nor should it ever be allowed to boil."", ""Place saucepan containing bowl over low heat for 5 to 10 minutes, or until eggs are lukewarm."", ""Heating the eggs help them whip to greater volume."", ""It is not necessary to beat them continuously as they are warming."", ""They should, however, be lightly stirred 3 or 4 times to prevent them from cooking at bottom of bowl."", ""When eggs feel lukewarm to your finger and look like a bright yellow syrup, remove bowl from heat."", ""Begin to beat, preferably with an electric mixer."", ""Beat at high speed for 10 to 15 minutes, scraping sides of bowl with a rubber spatula when necessary, until syrup becomes light, fluffy, and cool."", ""It will almost triple in bulk and look much like whipped cream."", ""It is the air beaten into the eggs that gives genoise its lightness."", ""Sprinkle flour, a little at a time, on top of the whipped eggs."", ""Fold in gently, adding slightly cooled, clarified butter and vanilla."", ""Folding can be done with electric mixer turned to lowest speed, or by hand."", ""Best done by hand."", ""Be especially careful not to overmix."", ""Pour batter into prepared pans, of your choice above."", ""Bake in preheated oven 25 to 30 minutes, or until cakes pull away from sides of pans and are golden brown and springy when touched lightly on top."", ""Remove from pans immediately and cool on cake rack."", ""Almost all petits fours freeze well before they are iced."", ""Not all petits fours require an icing glazed with fondant."", ""This is tricky to make and use."", ""Traditionally, petits fours are served in small, individual paper cases."", ""FOR THE PETITS FOURS: To make the little iced geometric cakes most people think of as petits fours, bake a sheet of genoise for petits fours in an 11 x 16 jelly-roll pan."", ""The baked sheets of cake should not be more than 3/4 inch high."", ""If possible, bake the cake a day ahead so it can be cut more easily."", ""Cut the cake in half, making 2 layers, each 8 x 11."", ""Spread 1 layer with a thin layer of apricot or raspberry jam.If desired, any butter cream may be substituted for jam."", ""Place second layer on top of first."", ""If butter cream is used, chill cake slightly."", ""Brush top with hot apricot glaze."", ""Trim off all crisp edges."", ""Allow glaze to dry for a few minutes."", ""Then, using a long knife with a serrated edge, cut cake into even 1-inch shapes; cubes, rectangles, triangles, etc."", ""A ruler may be used for making cakes of equal size."", ""Rounds can be cut with a cooky cutter, although there is much waste."", ""Wipe knife edge off with a damp sponge after each slice."", ""Place 1/3 of the little cakes on a cake rack, leaving some space between them."", ""Set rack in a shallow pan."", ""Warm the fondant or mock fondant."", ""Flavor it with vanilla or a liqueur."", ""When lukewarm, spoon or pour plenty of icing in the center of each cake so that it will run down and coat sides."", ""Excess will drip into pan under rack."", ""Scrape up drippings and return them to pan of vanilla fondant."", ""Add coffee to flavor fondant."", ""Reheat what is now coffee fondant to lukewarm."", ""If necessary, thin it with a little syrup or water."", ""Arrange another third of the cakes on a second cake rack."", ""Place rack in shallow pan."", ""Cover tops and sides of the little cakes with coffee fondant."", ""Scrape icing up and return in to pan."", ""Flavor remaining coffee fondant with chocolate."", ""The chocolate flavor and color will now dominate."", ""Place remaining cakes on a third rack and cover with chocolate fondant."", ""Allow all the cakes to dry about 10 minutes."", ""Loosen from racks with a spatula."", ""Place each in a tiny paper case and, if desired, decorate."", ""Simple decorations can be very beautiful: crushed bits of crystalized violets or green pistachio nuts; or prepare ad additional 1/2 cup of fondant, coloring it as you like."", ""It should be a little thicker than the fondant used for pouring."", ""Fill a paper cornucopia with the colored fondant and cut a tiny hole in the pointed end."", ""Make dots, lines."", ""scrolls; a variety of patterns can be improvised."", ""Each little cake needs no more than the tiniest bit of decorations."", ""Yield: approximately 90."", ""FOR THE APRICOT GLAZE: Heat apricot jam in a saucepan until it is boiling."", ""Stir in preferred flavoring."", ""Use glaze while it is hot."", ""Mock Fondant: Much easier to make than real fondant, and more quickly prepared, this recipe provides an excellent substitute if you have on hand a jar of the basic simple syrup, which keeps almost indefinitely."", ""For best results, pour mock fondant over cake which has first been lightly brushed with hot apricot glaze."", ""BASIC SIMPLE SYRUP: 2 1/2 cups sugar 3/4 cup white corn syrup 1 1/4 cups water Combine sugar, corn syrup, and water in a large saucepan."", ""Stir over low heat until sugar is completely dissolved."", ""When it looks clear, wash down sides of saucepan with a brush dipped in cold water."", ""Place lid on saucepan for 5 minutes so that steam will further dissolve any sugar crystals."", ""Remove lid."", ""Raise heat."", ""Boil for 5 minutes without stirring."", ""Cool syrup, pour into jars, and cover tightly."", ""Store for future use."", ""Note: if sugar has not been thoroughly dissolved, the syrup, after a week or even less, may form large crystals in the bottom of the jar."", ""The presence of crystals will not hurt the syrup, but it is wasteful, because the more crystals the less syrup you will have."", ""MOCK FONDANT: 1/2 cup cooled basic simple syrup 1 1/2 cups sifted confectioners' sugar (approximately) 1 teaspoon egg white 1 teaspoon melted butter Place syrup in a saucepan."", ""Add enough sifted confectioners' sugar to make a fairly stiff paste."", ""It should be a bit too thick to pour or spread by itself."", ""Place saucepan over low heat and warm, stirring constantly till fondant is lukewarm."", ""Be careful not to overheat, or the icing will not be shiny."", ""Beat in a teaspoon each of egg white and melted butter."", ""If icing is still too thick, add additional syrup or flavoring liquid to thin it."", ""If it becomes too thin, add more confectioners' sugar."", ""This is enough mock fondant for the top of a 9-inch layer cake."", ""Flavor with any one of the following, or any flavor of your choice: 1 ounce melted unsweetened chocolate 1 tablespoon extra-strong coffee 2 tablespoons rum 2 tablespoons any liqueur 1 teaspoon vanilla.""]"
Barrah Kebab Recipe,"[""6 x Lamb chump or possibly shoulder chops, total weight 2.2lbs"", ""3 ounce Natural lowfat yoghurt"", ""2 Tbsp. Light malt vinegar"", ""1 Tbsp. Ginger paste"", ""1 Tbsp. Garlic paste"", ""1/2 tsp Crushed dry chillies, up to 1"", ""2 ounce Onion, minced"", ""2 tsp Balti garam masala"", ""1 tsp Tandoori masala"", ""2 Tbsp. Fresh mint leaves or possibly 1tsp dry mint"", ""1/2 ounce Minced fresh coriander leaves, including the tender stalks"", ""1 tsp Salt to taste"", ""3 Tbsp. Sunflower, corn or possibly vegetable oil"", ""1/2 tsp Tandoori chat masala Onion rings Lemon wedges Lettuce Cucumber""]","balti garam masala, chat masala, chump, dry chillies, fresh coriander leaves, garlic, ginger paste, malt vinegar, masala, mint, onion, salt, sunflower, yoghurt",14,cookeatshare.com/recipes/barrah-kebab-79141,Recipes1M,"[""Prick both sides of the chops with a fork and lay them in a single layer in a large shallow dish."", ""Place all the remaining ingredients, except the garnish, in a blender and process to a fine paste."", ""Pour this marinade over the chops, then stir and lift them to make sure which the marinade is coating both sides."", ""Cover and leave to marinate for 4-6 hrs or possibly overnight in the refrigerator."", ""They can be left in the refrigerator for up to 48 hrs."", ""Bring them to room temperature before cooking."", ""Preheat the grill to high and remove the grid from the grill pan."", ""Line the pan with foil and brush lightly with oil."", ""Arrange the chops in the grill pan and cook them under the warm grill, about 5 inches below the element, for 5 min."", ""Turn the chops over and cook for a further 5 min, then baste generously with the pan juices and reduce the heat to medium."", ""Cook for 3-4 min and baste once more."", ""Cook for a further 2-3 min and turn them over again."", ""Baste generously again and continue cooking for 5-6 min."", ""Transfer the chops to a serving dish, sprinkle the tandoori chat masala over them and garnish with the onion, lemon and cucumber."", ""Serve at once.""]"
Grilled Nicoise Seafood Salad,"[""3 tablespoons red wine vinegar"", ""1 tablespoon Dijon mustard"", ""1 12 teaspoons anchovy paste"", ""12 cup virgin olive oil"", ""1 large summer squash, cut into 1/4 inch slices"", ""1 (1 lb) tuna steak, 1 inch thick,cut into 4 pieces"", ""8 jumbo shrimp, shelled,deviened and halved lengthwise"", ""12 large sea scallops"", ""12 lb green beans, cut in half if large"", ""12 lb yellow wax bean, cut in half if large"", ""1 orange bell peppers or 1 red bell pepper, slivered"", ""1 pint cherry tomatoes, halved"", ""1 12 cups drained nicoise olives"", ""1 head red leaf lettuce""]","anchovy, cherry tomatoes, green beans, jumbo shrimp, mustard, nicoise olives, orange bell peppers, red leaf, red wine vinegar, scallops, summer, tuna, virgin olive oil, yellow wax bean",14,www.food.com/recipe/grilled-nicoise-seafood-salad-34170,Recipes1M,"[""Whisk together the vineger, mustard, and anchovy paste until smooth."", ""In a slow stream whisk in olive oil."", ""In a medium bowl combine the seafood and squash with 2 T."", ""of the dressing, toss and let stand for 15 minutes."", ""Grill tuna to preference."", ""the Scallops and squash will take around 10 minutes total, and the shrimp around 8 minutes."", ""On 4 plates cover each with red lettuce leaves and place one piece of cooked tuna steak on each, off centered."", ""In a clean large bowl toss together the remaining veggies and olives with the grilled shrimp, scallops and squash."", ""Add the remaining dressing, toss well and divide between the 4 plates.""]"
Southern Cornbread Dressing (Stuffing),"[""1 lb turkey sausage, cooked"", ""1 cup golden bell pepper, diced"", ""2 stalks celery, diced"", ""1 yellow onion, diced"", ""1 (8 ounce) packageready made cornbread mix"", ""1 12 cups oyster crackers"", ""1 (14 ounce) can cream of celery soup"", ""3 tablespoons fresh sage"", ""2 tablespoons poultry seasoning"", ""1 tablespoon nu salt substitute"", ""pepper"", ""1 small carrot, shredded"", ""1 cup chicken or 1 cup turkey stock"", ""14 cup butter""]","butter, carrot, chicken, cornbread mix, cream of celery soup, fresh sage, golden bell pepper, oyster crackers, pepper, poultry seasoning, salt substitute, stalks celery, turkey sausage, yellow onion",14,www.food.com/recipe/southern-cornbread-dressing-stuffing-393342,Recipes1M,"[""Make cornbread according to ackage directions and Crumble."", ""preheat oven to 400 degrees."", ""Mix ingriedients in a large bowl."", ""Pour into an 8x10 baking dish and bake about 40 minutes."", ""Pour a little more stock over stuffing just before serving and garnish with more fresh sage leaves.""]"
Dan Dan Noodles,"[""1 serving Chinese noodles"", ""80 grams Meat-miso"", ""2 Bok choy"", ""1 Ra-yu"", ""1 Japanese leek (finely shredded)"", ""1 pinch Chili threads"", ""1/2 tsp XO sauce"", ""1 tbsp Japanese leek (minced)"", ""1 tsp Zha cai (minced)"", ""1 tsp Japanese leek oil"", ""1 tsp Vinegar"", ""1 tbsp Soy sauce"", ""2 1/2 tbsp Zhi ma jiang"", ""1 tbsp Ra-yu"", ""300 ml Chicken stock"", ""250 grams Ground pork"", ""1 tbsp Shaoxing wine"", ""1 tbsp Soy sauce"", ""2 tbsp Tianmianjiang""]","bok choy, chicken, ground pork, japanese, miso, oil, serving chinese noodles, shaoxing wine, soy sauce, tianmianjiang, vinegar, xo sauce, zha cai, zhi",14,cookpad.com/us/recipes/157457-dan-dan-noodles,Recipes1M,"[""Prepare the meat-miso."", ""Completely stir-fry the ground pork until the grease turns transparent."", ""Add the Shaoxing wine, soy sauce, and tianmianjiang to season, then continue to stir-fry until the moisture evaporates."", ""Boil the noodles in a large pot of water."", ""Parboil the bok choy with the noodles (for about 30 seconds)."", ""Prepare the soup 1 minute before the noodles finish boiling."", ""Add the soup ingredients to a warmed bowl in the order listed, then pour in the chicken soup."", ""Thoroughly drain the noodles, then add them to the bowl."", ""Top the noodles with the bok choy, meat-miso, finely shredded Japanese leeks, and chili threads, and it's ready to serve."", ""Add more ra-yu to taste!""]"
Prudent Sour Cream,"[""3 Tbsp. milk or buttermilk"", ""2 Tbsp. lemon juice"", ""1 c. cottage cheese (lo-cal)"", ""eucalyptus leaves"", ""dried rose petals"", ""dried rose leaves"", ""dried yellow statice"", ""10 to 20 drops rose refresher oil"", ""dried cockscomb"", ""freeze dried roses"", ""freeze dried pansies"", ""3 tsp. orrisroot per qt. mixture"", ""2 to 3 tonka beans""]","cockscomb, cottage cheese, eucalyptus leaves, lemon juice, milk, orrisroot per, pansies, petals, refresher oil, rose leaves, roses, tonka beans, yellow statice",13,www.cookbooks.com/Recipe-Details.aspx?id=213653,Gathered,"[""Combine the eucalyptus leaves, rose petals, rose leaves, tonka beans and orrisroot."", ""Sprinkle with refresher oil."", ""Place the mixture in a bowl or other decorative container, then arrange the cockscomb, roses and pansies on top.""]"
Applebee'S Aztec Chicken Salad,"[""3/4 lb fresh boneless skinless chicken breast"", ""chipotle chili dry rub seasonings, from specialty store to taste"", ""1 ounce vegetable oil"", ""1 lb chopped salad greens, washed (romaine, Iceberg, Etc)"", ""2 ounces red bell peppers, cut 1/4-inch dice"", ""2 ounces green bell peppers, cut 1/4-inch dice"", ""2 ounces red onions, cut 1/4-inch dice"", ""2 ounces corn kernels, fresh (or Thawed Frozen)"", ""2 ounces celery, cut 1/4-inch dice"", ""2 ounces black beans, drained, rinsed (1/8 of a 15-oz Can)"", ""2 cups tri-color corn tortilla strips (or Crushed Chips)"", ""1 cup smoky tomato vinaigrette (or Dressing of Your Choice)"", ""4 ounces shredded monterey jack pepper cheese""]","black beans, celery, chicken breast, chili dry rub seasonings, corn kernels, green bell peppers, pepper cheese, red bell peppers, red onions, salad greens, tomato vinaigrette, tri-color corn tortilla strips, vegetable oil",13,www.food.com/recipe/applebees-aztec-chicken-salad-151367,Gathered,"[""Heat oil in skillet over medium heat. Rub chipotle spice over chicken breasts and cook in skillet to a 165\u00b0 internal temperature."", ""While cooking, begin preparation of salad by thoroughly cleaning and sanitizing sink. Rinse and wash all vegetables in cold, 40\u00b0 water with 1/2 cup of salt and 1/2 cup of white vinegar. Drain."", ""Clean and sanitize cutting board and knife. Chop salad greens into 1X1\"" squares. Trim peppers, onions, celery and dice into 1/4\"" cubes and place into large mixing bowl. Add greens, corn, black beans, tortilla strips and dressing and gently mix with a spatula."", ""Mound salad onto plate and top with pepper jack cheese. When chicken is thoroughly cooked, dice into 1/2\"" cubes and add to top of salad just prior to serving.""]"
Bellini Bar,"[""Sugar Syrup"", ""2 cups sugar"", ""2 cups water"", ""Blueberry"", ""1 (16 ounce) package frozen blueberries, thawed"", ""1/4 cup sugar syrup"", ""Peach"", ""1 (16 ounce) bag frozen peaches, thawed"", ""1/4 cup sugar syrup"", ""Mango"", ""1 (16 ounce) bag frozen mango chunks, thawed"", ""1/4 cup sugar syrup"", ""Cherry"", ""1 (16 ounce) bag frozen cherries, thawed"", ""1/4 cup sugar syrup"", ""Strawberry"", ""1 (16 ounce) bag frozen strawberries, thawed"", ""1/4 cup sugar syrup"", ""Mixed Berry"", ""1 (8 ounce) bag frozen blackberries, thawed"", ""1 (8 ounce) bag frozen raspberries, thawed"", ""1/4 cup sugar syrup"", ""Fizz"", ""4 (750 ml) bottles sparkling wine, chilled and or (750 ml) bottles sparkling grape juice, chilled""]","bottles sparkling wine, cherry, frozen blackberries, frozen blueberries, frozen cherries, frozen peaches, frozen raspberries, frozen strawberries, mango, strawberry, sugar, sugar syrup, water",13,www.food.com/recipe/bellini-bar-197765,Gathered,"[""Stir the sugar and water in a large saucepan over medium heat until the sugar dissolves, about 5 minutes. Cool completely."", ""In a clean blender, blend each fruit separately with sugar syrup to taste. Rinse blender between fruit blends."", ""If desired, strain fruit puree through strainer if for smoother puree, although it is not necessary."", ""Pour 1/4 cup of pureed fruit into the bottom of champagne glass. Top with sparkling wine or sparkling grape juice for a non-alcoholic version.""]"
Maggie'S Reishabu Chilled Pork Shabu Shabu Salad,"[""250 g thinly sliced pork loin or 1/2 lb pork loin"", ""Salad"", ""1/4 head lettuce, thinly shredded"", ""1/2 medium onion, sliced into rings and halved soaked in ice water 30 mins to make them less overpowering"", ""1 -2 bunch mizuna, chopped"", ""1 (70 g) package radish sprouts (kaiware, but you can use broccoli sprouts)"", ""1 japanese cucumbers, cut into matchsticks or 1/2 regular cucumber"", ""5 -10 shiso leaves, thinly sliced (optional but so refreshing!)"", ""Sauce (may want to double)"", ""3 tablespoons plain yogurt"", ""2 tablespoons blended miso"", ""1 tablespoon japanese mayonnaise"", ""1 teaspoon sesame oil"", ""1/3 teaspoon salt"", ""1/2 garlic clove""]","blended miso, garlic, head lettuce, japanese cucumbers, japanese mayonnaise, mizuna, onion, plain yogurt, pork loin, salt, sesame oil, shiso leaves, sprouts",13,www.food.com/recipe/maggies-reishabu-chilled-pork-shabu-shabu-salad-516901,Gathered,"[""Starting with the onions (and then soaking in ice water while working on the others), carefully cut and prepare the salad ingredients and mix together in a bowl."", ""Bring a pot of water to a gentle boil and add the meat slices until cooked (it happens fast if they are thin) and then put them in a bowl of ice water and drain."", ""In individual bowls, arrange the salad and place a few slices of cold boiled pork on top."", ""Top with sesame dressing, sesame sauce or ponzu sauce made for shabu shabu, or try the delicious homemade sauce in this recipe (just mix the sauce ingredients together, and there you have it!)."", ""Serve with rice and miso soup as the main dish or with other dishes as a side.""]"
Fig And Cranberry Mini Cupcakes,"[""4 1/2 tbsp unsalted butter, softened"", ""1/4 cup light brown sugar"", ""1 None large egg"", ""3 tbsp orange marmalade"", ""1/2 cup raisins, finely chopped"", ""2/3 cup dried cranberries, finely chopped"", ""1/3 cup dried figs, finely chopped"", ""1/4 cup currants"", ""1/3 cup all-purpose flour, sifted"", ""2 tbsp self-rising flour, sifted"", ""1/2 tsp pumpkin pie spice"", ""1/4 cup sweet sherry"", ""9 oz white fondant"", ""24 None edible sugar flowers""]","currants, dried cranberries, dried figs, edible sugar flowers, egg, flour, light brown sugar, orange marmalade, pumpkin pie spice, raisins, sweet sherry, unsalted butter, white fondant",13,recipes-plus.com/api/v2.0/recipes/32736,Gathered,"[""Preheat oven to 250\u00b0F. Line 2 - 12-cup mini muffin pans with paper liners."", ""Beat butter, sugar and egg until combined. Stir in 1 tbsp marmalade and dried fruit. Fold in flour, spice mix and 2 tbsp sherry. Distribute between paper liners and bake for 35 mins, or until a skewer inserted in the center comes out clean. Brush tops with remaining sherry. Cover pans tightly with foil and let cool in pans."", ""Knead fondant on a work surface dusted with powdered sugar until smooth. Roll out until 1/4 inch thick. Cut 24 - 1 1/4 inch fluted round shapes from fondant. Warm remaining marmalade and strain. Brush over cold cakes. Top with fondant rounds. Brush bases of sugar flowers with water then push gently into fondant.""]"
All Hail Kale Salad (Copycat Recipe) ,"[""Papaya Ginger Dressing"", ""Author: Detoxinistsa.com"", ""Serves: 1.5 cups"", ""A sweet, gingery dressing inspired by the Veggie Grill."", ""Ingredients"", ""1/2 cup papaya chunks"", ""1/4 cup fresh lime juice"", ""1/4 ounce fresh ginger, peeled"", ""2 Tablespoons coconut vinegar"", ""2 Tablespoons extra virgin olive oil"", ""1/4 cup honey"", ""1/4 teaspoon fine sea salt"", ""1/4 cup water, or more to thin"", ""Instructions"", ""In a high-speed blender, combine all of the ingredients and blend until completely smooth and silky."", ""Massage into kale leaves, and serve!"", ""Store leftovers in the fridge for up to 4 days."", ""To prepare the salad, you'll need:"", ""1 bunch curly green kale"", ""Papaya Mango Salsa, from Trader Joe's (or any salsa of choice)"", ""Maple Glazed Walnuts"", ""Papaya Ginger Dressing (recipe above)"", ""Shredded cabbage (optional)""]","a sweet, cabbage, coconut vinegar, combine, extra virgin olive oil, ginger dressing, green kale, ingredients, instructions, mango salsa, maple, papaya chunks, store leftovers",13,www.epicurious.com/recipes/member/views/all-hail-kale-salad-copycat-recipe-53022941,Gathered,"[""Instructions for dressing"", ""In a high-speed blender, combine all of the ingredients and blend until completely smooth and silky."", """", ""Instruction for salad"", ""Remove the kale leaves from the stems, and wash and dry thoroughly. In a medium bowl, toss the shredded cabbage in a bit of the Papaya Ginger dressing, and coat well. Set aside."", """", ""To prepare the store-bought salsa, all I do is rinse it well- to remove as many additives as possible."", """", ""Top the kale leaves with a bit of Ginger Papaya dressing, then use your hands to massage the dressing well into the leaves. The kale will soften and wilt as you go."", """", ""Transfer the massaged kale to a serving plate, top with marinated cabbage, salsa and Maple Glazed Walnuts, then serve!""]"
Hand Pies ,"[""A bag of Rhoades bread rolls (36 in a bag)"", ""filling supplies (such as chicken, cheese, marinara, broccoli, feta cheese, cream cheese, veggies, whatever you prefer and precooked!)"", ""rolling pin and flour for rolling"", ""baking sheets"", ""Filling Ideas!"", ""The filling is really fun to think up- what do you like to eat-just toss it all in there (precooked of course)."", ""Lasagne: brown some ground beef and make a spaghetti sauce. In the hand pie, I put a dollop of the sauce, then added ricotta and some olives. Tip: Spread the ricotta on the bottom, don't dollop it in- apparently the meat reheats really fast, but the ricotta stays frozen!"", ""Chick, Broccoli and Provolone: Fry up chicken breast with good spices (I generally use garlic, onion, oregano... whatever I happen to have). Thaw a bag of frozen broccoli. Get sliced provolone and cut the slices in half. Put half a slice of provolone on the bread, then add a spoonful of broccoli and cooked chicken. I usually put a 1/4 slice of provolone on top then cover it up! You could also try mozz instead of provolone and spinach instead of broccoli. Try adding a little minced garlic."", ""Ham & Cheddar: Cut sandwich meat up into small pieces and add with a little grated cheddar. You could really do any kind of sandwich meat or any cooked meat!"", ""Veggies in a white sauce: Make a thicker white sauce to decrease drips. Add meat for a pot pie taste. Marinara Chicken: Yeah, just like it says- a spoonful of marinara, some chicken chunks, maybe a little cheese?"", ""Cream Cheese Chicken: 2 c shredded chicken, 3 oz cream cheese, 1tbsp dried chives and 1 tbsp milk. Mix with your hands."", ""Chicken with Feta: Cubed/shredded cooked chicken with feta cheese and olives."", ""Black and Bleu: Browned ground beef, black pepper and bleu cheese."", ""Pierogies: Red potatoes, cooked and cubed. Add to sauteed onions along with a little bacon bits and parsley. Add a dollop to the dough and add some grated cheddar.""]","baking sheets, bread rolls, chicken, cream cheese chicken, filling ideas, filling supplies, fry, ground beef, ham, red potatoes, rolling pin and, up-, white sauce",13,www.epicurious.com/recipes/member/views/hand-pies-1277919,Gathered,"[""The Night Before"", ""- Prepare your filling and set your bread rolls out to rise overnight according to the package directions. I like to put them in muffin tins to keep them separate. I have also tried putting them in all together in a big bowl- and that works ok at first, but by the time you get to the bottom, they're all stuck together."", ""You can also do this with bread dough- even homemade!- but I like the rolls because they are all uniform in size. Someone suggested though that you could roll the dough out and then use a bisquit cutter (or something round) to get uniform sizes, then they're easy to just fold over."", ""- Take one dough ball and roll it out until it's about 6 inches around."", ""- I prefer to move it off my rolling surface to put the filling on, so the filling won't get all over the rolling surface."", ""Put a dollup of the filling on one side of the handpie. Here I've put the seasoned potatoes, plus some cheddar cheese."", ""- Fold the empty half of the dough over and secure it by folding the edges of the dough."", ""You can also brush the edges with some egg white or water and it will close like glue."", ""- Put the handpies on a baking sheet. If desired, brush a little egg white on top for a nice shiny look. Bake for approximately 15 minutes. in a 350 degree oven."", ""Note: I like to spread a little cornmeal on the tray first. Then the handpies don't stick, plus they have a nice texture and don't get soft on the bottom."", ""- Let them cool completely and then wrap them up in saran wrap. Then I toss them into the freezer for J to pick out what he wants for lunch that day!"", ""-""]"
Larry The Turkey Cupcakes ,"[""24 standard"", ""baked in white paper liners"", ""24 mini"", ""baked in white paper liners"", ""1 cup vanilla frosting"", ""1/2 cup chocolate frosting"", ""24 thin ginger-flavored scalloped cookies (Anna's Ginger Thins)"", ""2 cups candy corn"", ""1 1/2 cups caramel jimmies"", ""1 can (16 ounces) plus 1 cup caramel frosting"", ""24 pieces Indian candy corn"", ""48 brown chocolate-covered sunflower seeds (available at gourmet candy stores)"", ""1 roll red fruit leather (Fruit by the Foot)"", ""24 graham cracker sticks (Honey Made Graham Sticks)"", ""12 marshmallows""]","brown chocolate, caramel frosting, caramel jimmies, chocolate frosting, cookies, corn, graham cracker sticks, liners, marshmallows, mini, roll red fruit, standard, vanilla frosting",13,www.epicurious.com/recipes/food/views/turkey-cupcakes,Gathered,"[""Spoon the vanilla and chocolate frosting into separate ziplock bags, press out the excess air, and seal. Snip a 1/8 inch corner from the bag with the vanilla frosting and pipe a dot of frosting on 7 adjacent scallops on each ginger cookie to make the tail fan. Add a piece of candy corn to each dot of frosting, pointed end facing in."", ""Place the caramel jimmies in a small shallow bowl. Spread the caramel frosting on top of all the cupcakes, standard and mini, and smooth. Roll the edge of the standard cupcakes in the jimmies. Dip the top edge of the mini cupcakes in the jimmies."", ""Press 1 piece of Indian candy corn into the center of each mini cupcake, flat side down, for the break. Pipe 2 dots of the vanilla frosting above the break for the eyes and insert 2 brown sunflower seeds, pointed end down. Cut the red fruit leather into twenty-four 1 1/2 inch long teardrop shapes and lay them over the beak to make the wattle."", ""Snip a 1/8 inch corner from the bag with the chocolate frosting and pipe names on the flat side of the graham cracker cookies."", ""Enlarge the hole in the corner of the bag with the chocolate frosting to 1/4 inch. Using clean scissors, cut the marshmallows in half on the diagonal. Place 1 marshmallow half, cut side down, near the edge of one of the standard cupcakes, with the tapered end facing the center, to make a support for the tail. Pipe a dot of chocolate frosting on the tapered end. Place the tail cookie on the marshmallow, pressing the undecorated edge into the frosting on the marshmallow. Add the mini cupcake head on top so that half of it is resting on the undecorated edge of the cookie and the other half is pressed lightly into the frosting to secure."", ""Add the graham cookies at the base of the mini cupcakes, securing with a dot of frosting."", ""Arrange the turkeys on the table as place cards. Place 2 candy corns on the table in front of each turkey to make the feet.""]"
Vegan Zucchini Fries,"[""Batter"", ""1 cup Chickpea flour"", ""1/2 cup rice flour"", ""1/4 - 1/2 teaspoons Cayenne chili powder"", ""1/2 tablespoon Aamchur"", ""1/2 teaspoon baking powder"", ""salt to taste"", ""plain seltzer as needed"", ""vegetable for frying"", ""1 medium zucchini"", ""2 cups Panko bread crumbs"", ""3 cups Vegetable or Canola oil for deep frying"", ""tomato salt / chat masala for serving""]","aamchur, baking powder, batter, bread crumbs, cayenne chili powder, chickpea flour, rice flour, salt, seltzer, tomato salt, vegetable, vegetable for, zucchini",13,food52.com/recipes/37863-vegan-zucchini-fries,Gathered,"[""slice the zucchinis into 1/4 inch thick slices at an oblique angle and then cut these slices into sticks. pat dry on a kitchen towel"", ""mix all the ingredients for the batter together taking care to ensure that there are no lumps. The consistency should be that of pancake batter."", ""heat the oil in a Cast iron pan until it just barely starts smoking. dip the zucchini sticks into the batter and shake off the excess. Then roll these into the Panko crumbs ensuring that the pieces are evenly coated. Drop them into the oil and allow to fry up until the pieces turn golden brown. Remove with a slotted spoon and place on kitchen paper to absorb excess oil. Sprinkle with a bit of chat masala or tomato salt prior to serving.""]"
Pan-Roasted Swordfish With Lemon Basil Butter Over Rainbow Roasted Veggie Orzo,"[""2 pieces Tomahawk Swordfish Chops(about 16oz ea.)"", ""1/2 cup Tri-Color Orzo"", ""1 quart Water(for pasta)"", ""2 tablespoons Pure Olive Oil(Sauteing)"", ""1 tablespoon Extra Virgin Olive Oil(Drizzling)"", ""1/4 cup White Onion(Chopped)"", ""10 pieces Brussel Sprouts(Quartered)"", ""1/2 cup Red Bell Pepper(Chopped)"", ""2 Cloves Garlic(Minced)"", ""1/2 cup Zucchini(Chopped)"", ""1/2 cup Yellow Squash(Chopped)"", ""10 Grape Tomatoes(Sliced in thirds)"", ""4 tablespoons Unsalted Butter"", ""1/2 teaspoon Fresh Ground Black Pepper"", ""1/2 tablespoon Lemon Zest(Packed)"", ""1/2 teaspoon Lemon Juice"", ""1/2 tablespoon Fresh Basil(Chopped) + a few leaves extra"", ""1/2 tablespoon Fresh Lemon Balm(Chopped) + a few leaves extra""]","+, brussel, butter, fresh basil(chopped) +, fresh ground black pepper, grape, lemon juice, lemon zest(packed, pasta, red bell, swordfish, tri, white onion(chopped)",13,food52.com/recipes/76601-pan-roasted-swordfish-with-lemon-basil-butter-over-rainbow-roasted-veggie-orzo,Gathered,"[""Preheat Oven to Roast 405F"", ""Cook Orzo according to package directions. Add 1/2 TBS Extra virgin olive oil to drained pasta, mix once and set aside."", ""Heat the Olive Oil over medium heat in a large ovenproof skillet. (*Choose a pan large enough to fit vegetables and Swordfish)"", ""Add the Onion, Brussel Sprouts, Peppers, Zucchini, Squash & Garlic to the skillet."", ""Add a pinch of salt & pepper. Cook stirring occasionally."", ""Pat dry Swordfish. \r\nSeason all sides with salt and pepper."", ""Move Veggies to one side of skillet and add Swordfish to same skillet. Brown all sides(about 2 min each side)"", ""Place Skillet in oven."", ""Roast Vegetables for 20 minutes, remove and mix with orzo; set aside."", ""Insert a thermometer into center of larger Swordfish; place skillet back in oven."", ""Plate Orzo, dividing evenly; drizzle with remaining Extra Virgin Olive Oil."", ""In a small bowl mash Butter, Lemon Zest, Lemon Juice, Salt, Pepper, Chopped Lemon Balm and Chopped Basil."", ""Roast Swordfish and additional 10/15 minutes (or until internal temperature reaches 125F)"", ""When Swordfish has reached doneness, remove from the oven and plate over orzo."", ""Melt butter mixture in the same pan used for the swordfish over medium heat, scraping up brown bits, until bubbling and fully melted."", ""Remove butter from heat, pour over Swordfish(*Use a mesh strainer if there are bites of vegetables left in skillet)."", ""Top with tomatoes, fresh lemon balm and basil. Enjoy!""]"
Welcome Spring Risotto,"[""Pesto"", ""1/2 cup packed ramp leaves"", ""1 1/2 cups packed spinach leaves"", ""1/3 cup chopped green garlic, green part only, chop and reserve white part for risotto"", ""1/2 teaspoon salt"", ""1/3 - 1/2 cups roasted walnut oil"", ""Risotto"", ""3 tablespoons EVOO"", ""1/2 cup minced scallions"", ""2 tablespoons reserved white parts of green garlic (chopped)"", ""2 1/2 cups arborio or carnaroli rice"", ""1/2 cup dry white vermouth"", ""6 - 7 cups vegetable stock, at simmer"", ""1 cup asparagus, cut in 1/2\"" pieces on slant, blanched 2 minutes then shocked in ice water, tips reserved separately"", ""1/2 cup frozen edamame, thawed (see head note)"", ""1/2 cup shelled peas"", ""2 tablespoons unsalted butter"", ""1 cup finely grated parmesan"", ""salt &amp; pepper""]","arborio, evoo, frozen edamame, green garlic, parmesan, pesto, roasted walnut oil, salt, scallions, shelled peas, then, unsalted butter, vegetable stock",13,food52.com/recipes/11723-welcome-spring-risotto,Gathered,"[""For the pesto: Process everything except oil until finely chopped. Slowly drizzle oil in while machine is running until you have a rough paste. Set aside."", ""For risotto: Heat the olive oil in a 3-4 quart pot over medium heat. Cook scallions and garlic together until translucent, stirring often. Add rice, stir to coat and cook 1 to 2 minutes. Pour wine into pot and stir well until absorbed."", ""Add 1/2 cup hot stock and healthy pinch of salt. Cook, stirring frequently, until stock is absorbed into rice. Add another 1/2 cup stock and stir. Add asparagus stem pieces, edamame and peas and stir. Allow stock to be absorbed before adding more stock in 1/2 cup increments. Stir frequently. Taste after about 15 minutes. You want the rice to be al dente but creamy. Keep adding small amounts of stock, stirring frequently and tasting for doneness. This will take around 20-25 minutes."", ""Remove pot from heat and quickly stir in ramp pesto. Add butter and continue to stir quickly until melted; then mix in 1/2 cup cheese. Fold in reserved asparagus tips. Taste and add salt and pepper to taste. Serve immediately, topped with remaining cheese.""]"
"Pink Grapefruit, Pomegranate, & Mâche Salad With Lemon-Ume Vinaigrette","[""For the Salad"", ""1 medium head butter lettuce, the leaves washed, spun dry and torn into bite-size pieces"", ""2 handfuls mache, washed, spun dry (about 2 loosely packed cups)"", ""1/2 pomegranate"", ""1/2 pink grapefruit, rind removed and trimmed into supremes"", ""1/2 ruby red grapefruit, rind removed and trimmed into supremes"", ""1 avocado, peeled, pitted and sliced thin"", ""1/2 small shallot, sliced thin"", ""For the Lemon-Ume Dressing (makes about 3/4 cup--more than enough for this salad. Extra dressing may be refrigerated."", ""3 tablespoons freshly-squeezed lemon juice"", ""2-3 tablespoons freshly-squeezed lime juice"", ""2 teaspoons ume plum vinegar (available at health-food stores)"", ""1 pinch salt"", ""1/2 cup mild oil such as grapeseed, almond or (untoasted) walnut""]","avocado, butter lettuce, freshly-squeezed lemon juice, freshly-squeezed lime juice, handfuls mâche, lemon-ume dressing, mild oil, pink grapefruit, pomegranate, red grapefruit, salt, shallot, vinegar",13,food52.com/recipes/15747-pink-grapefruit-pomegranate-mache-salad-with-lemon-ume-vinaigrette,Gathered,"[""In a serving bowl or plate, arrange the butter lettuce and then the mache. Lift lightly with hands to slightly toss-it doesn't have to be completely mixed."", ""Remove arils from pomegranate half: in kitchen sink over a large bowl, hold pomegranate half, cut side down in cupped hand over a large bowl. Using a rubber mallet, or the convex side of a large serving spoon or a gravy ladle (I use the latter), lightly pound the skin of the pomegranate all over. Seeds will loosen and drop out into your hand and can be emptied into the bowl. Repeat until all the seeds are removed. Pick over the seeds in the bowl to remove membrane or any paler seeds."", ""Just before serving, peel and thinly slice avocado. Drizzle a few spoons of dressing over lettuces. Arrange the avocado decoratively over the lettuce, then the grapefruit segments., then the sliced shallot Drizzle with more dressing, scatter pomegranate arils over the top, and serve immediately."", ""In a bowl, whisk juices, ume-plum vinegar and salt"", ""Add oil in a thin stream, whisking until incorporated. Sample a bit on a lettuce leaf and adjust seasoning. It should be perky.""]"
Dan Dan Mian,"[""2 tablespoons peanut oil"", ""3 tablespoons Ya cai Tianjin preserved vegetable, rinsed and drained, finely chopped"", ""4 ounces ground pork from the outside muscle"", ""3 tablespoons Hong You Szechuan red chile oil"", ""2 tablespoons soy sauce light"", ""1 tablespoon soy sauce dark"", ""2 teaspoons Chinkiang black vinegar"", ""1 teaspoon Shaoxing wine Chinese rice wine"", ""1/2 teaspoon szechwan peppercorns ground"", ""2 scallions finely chopped"", ""2 tablespoons sesame paste"", ""kosher salt To taste"", ""12 ounces Chinese wheat noodles fresh, or 8 oz. dried""]","black vinegar, chile oil, chinese wheat noodles, ground pork, kosher salt, peanut oil, peppercorns ground, scallions, sesame paste, shaoxing wine chinese rice wine, soy sauce dark, soy sauce light, ya cai tianjin preserved vegetable",13,www.yummly.com/recipe/Dan-Dan-Mian-2262889,Gathered,"[""Heat peanut oil in a 14-inch wok over high heat. Add preserved vegetable; cook, stirring constantly, until fragrant, about 30 seconds. Add pork; cook, stirring and breaking up meat into small pieces, until browned, 2 to 3 minutes. Remove from heat; stir in chile oil, soy sauces, vinegar, rice wine, ground peppercorns, sesame paste, and scallions; set sauce aside."", ""Bring a large pot of salted water to a boil; cook noodles until tender, 7-9 minutes. Drain noodles and divide between 4 large serving bowls; divide sauce over or under noodles.""]"
Caribou Sausage,"[""15 pounds caribou"", ""5 pounds pork fresh"", ""3 ounces water"", ""1 ounce pepper black"", ""1 ounce ginger ground"", ""1 ounce nutmeg ground"", ""1 ounce allspice ground"", ""1 ounce coriander ground"", ""2 ounces paprika"", ""2 teaspoons garlic powder"", ""10 ounces salt"", ""1 tablespoon liquid smoke opt'l"", ""sausage casings""]","caribou, coriander ground, garlic, ginger ground, ground, liquid smoke opt'l, nutmeg ground, paprika, pepper black, pork fresh, salt, sausage casings, water",13,www.yummly.com/recipe/Caribou-Sausage-1650531,Gathered,"[""Grind together the two meats and mix thoroughly. Add the water. Mix the spicesthoroughly and mix well into meat mixture. If sausage is to be smoked, omit theliquid smoke."", ""You may stuff sausage into casings, making 6-8\"" links and smoke them."", ""OR make into patties for freezing."", ""Or boil them: Using a sausage stuffer, fill casings about 3/4 full to allow forswelling. Tie the ends with string; put into a large kettle of cold water and bring to a boil. Cook for about 1 hour, being sure to prick each sausage with afork after boiling 10 minutes. Drain and cool.""]"
Coconut-Smothered Pigeon Peas with Pumpkin,"[""1/2 cup oily or unoily skinned split yellow pigeon peas (toovar dal), picked over for stones"", ""1 walnut-size ball dried tamarind pulp, or 1 teaspoon tamarind paste or concentrate"", ""2 teaspoons Sambhar Masala 1/2 teaspoon ground asafetida"", ""1 cup cut-up cauliflower (2-inch florets)"", ""4 ounces fresh pumpkin, cut into 1-inch cubes"", ""10 to 12 pieces frozen \""drumsticks\"" (each 3 to 4 inches long; no need to thaw; see Notes)"", ""15 to 20 medium-size to large fresh curry leaves"", ""2 tablespoons unrefined sesame oil or canola oil"", ""1/4 cup raw cashew nuts"", ""1 tablespoon coriander seeds"", ""4 dried red Thai or cayenne chiles, stems removed"", ""1 cup shredded fresh coconut; or 1/2 cup shredded dried unsweetened coconut, reconstituted (see Note)"", ""1 teaspoon black or yellow mustard seeds"", ""1 1/2 teaspoons coarse kosher or sea salt""]","cashew nuts, cauliflower, coarse kosher, coconut, coriander seeds, curry, fresh pumpkin, notes, red thai, sambhar masala, tamarind pulp, unrefined sesame oil, yellow pigeon peas",13,www.cookstr.com/recipes/coconut-smothered-pigeon-peas-with-pumpkin,Recipes1M,"[""Place the pigeon peas in a small saucepan."", ""Fill the pan halfway with water and rinse the peas by rubbing them between your fingertips."", ""The water will become cloudy."", ""Drain this water."", ""Repeat three or four times, until the water remains relatively clear; drain."", ""Now add 2 cups water and bring it to a boil, uncovered, over medium-high heat."", ""Skim off and discard any foam that forms on the surface."", ""Reduce the heat to medium-low, cover the pan, and simmer, stirring occasionally, until the peas are tender, about 20 minutes."", ""While the pigeon peas are cooking, pour 4 cups water into a medium-size saucepan."", ""If you are using the ball of tamarind, add it to the water and allow it to soften, 15 to 20 minutes."", ""Then, using your fingers, break it apart and coax the pulp to leach and dissolve into the water as you massage the pieces."", ""Once the water is light chocolate-brown and tastes tart, strain it through a fine-mesh strainer to separate out the pulp and any fibers; discard the pulp and fibers."", ""Reserve the tamarind-infused water."", ""If you are using tamarind paste, simply whisk it into the water to dissolve it."", ""Sprinkle the Sambhar masala and asafetida over the tamarind water."", ""Add the cauliflower, pumpkin, drumsticks, and curry leaves."", ""Heat to a boil."", ""Then reduce the heat to medium and simmer the thin brothlike curry, uncovered, stirring occasionally, until the vegetables are fork-tender, 15 to 20 minutes."", ""When the pigeon peas are tender, set the saucepan aside."", ""Heat 1 tablespoon of the oil in a small skillet over medium-high heat."", ""Add the cashews, coriander seeds, and chiles, and stir-fry until the nuts and seeds turn reddish brown and the chiles blacken, 1 to 2 minutes."", ""Scrape the skillets contents into a blender jar, and add 1/2 cup water and the coconut."", ""Puree, scraping the inside of the jar as needed, to form a slightly gritty paste."", ""Add this paste to the pumpkin mixture."", ""Pour 1/2 cup water into the blender jar, swish it around to wash the jar out, and add this to the pumpkin mixture."", ""Heat the remaining 1 tablespoon oil in the same skillet over medium-high heat."", ""Add the mustard seeds, cover the skillet, and cook until the seeds have stopped popping (not unlike popcorn), about 30 seconds."", ""Add this spiced oil to the pumpkin mixture."", ""Transfer the cooked pigeon peas, with their cooking water, to a blender and puree, scraping the inside of the jar as needed, until smooth."", ""(If you have an immersion blender, you can puree the peas and water right in the saucepan.)"", ""Pour this thin, creamy-yellow broth into the pumpkin mixture, and add the salt."", ""Bring to a boil and then reduce the heat."", ""Simmer, uncovered, stirring occasionally, until the flavors blend, about 5 minutes."", ""Then serve.""]"
Restaurant Quality Curry Udon Noodles,"[""45 ml Mentsuyu soup(or use your favorite soup)"", ""1/8 cube A - Store-bought curry roux"", ""1 japanese tea scoop A - Soy sauce (optional)"", ""1 to 1 and 1/2 tablespoons Katakuriko"", ""1/2 Thin aburaage"", ""80 grams Any meat you like"", ""1/4 to 1/5, medium Onion"", ""1 pack Udon noodles"", ""1 heaped tablespoon Sake"", ""1 Japanese leeks (or any green onion or leeks you like)"", ""30 ml Mirin"", ""10 ml Sake"", ""10 ml Usukuchi soy sauce"", ""20 ml Soy sauce"", ""340 ml Japanese dashi stock (or water + 2 teaspoons od dashi powder)""]","a - soy sauce, aburaage, curry roux, favorite soup, japanese leeks, katakuriko, like, mirin, onion, pack, sake, soy sauce, stock",13,cookpad.com/us/recipes/170315-restaurant-quality-curry-udon-noodles,Recipes1M,"[""Refer to."", ""Put 360 ml of water and the soup base ingredients above in a sauce pan to make 405 ml of broth."", ""This is the best ratio, I think."", ""If you use store-bought noodle soup, mix the concentrated soup with 3 times the amount of water to make 400 ml of broth, or refer to the recipe below."", ""Normally the ratio of 100 ml of concentrated mentsuyu soup base + 300 ml of water works well, but it differs according to the packages, so refer to the recipe below."", ""Pour boiling water over the aburaage to remove excess oil and cut into 1 cm batons."", ""Thinly slice the onion."", ""Cut the meat into bite sized pieces."", ""Slice the Japanese leek whatever way you like."", ""Dissolve katakuriko with water to prepare a slurry."", ""Stir well just before using during Step 16."", ""Put Step 1 over heat and bring to a boil."", ""Add Step 4 and simmer for 4 minutes."", ""Keep the heat at low-medium to gently simmer the soup."", ""If the heat is too high or the soup simmers too long, the soup is going to reduce too much."", ""Follow the listed cooking time and keep it at the right heat."", ""After Step 7 has simmered for 4 minutes, add the \""A\"" ingredients."", ""After the roux has melted completely, go to Step 13."", ""If the udon noodles are not ready, turn off the heat."", ""Place the udon noodles on a plate and sprinkle sake and microwave (I do it for a minute at 600 W)."", ""If you use frozen udon noodles, heat for 2.5-3 minutes at 600 W. You only need to defrost and flavour with sake here as the noodles will be cooked in the soup later."", ""If you use dried udon noodles, cook for 1 minute less than instructed on the package, wash in cold water, and drain in a sieve."", ""The udon noodle preparation should be done at the same time as Step 7."", ""Add prepared udon noodles in Step 9 and cook for 1.5 minutes."", ""The heat should be high at first, then reduced to low once it comes to a boil."", ""Simmering the udon noodles in the soup is the key to this recipe."", ""If you the cook the noodles separately and combine with the broth just when serving, they won't have the same deep flavor."", ""I used to do like Step 14 when I was a student, but udon noodles cooked in base is much better."", ""Add Step 6 to 13 to thicken and transfer to a serving bowl."", ""In this photo, I used chicken and 1 tablespoon of katakuriko."", ""Add more katakuriko if you prefer a thicker soup."", ""This is the same photo as the profile photo with 1.5 tablespoons of katakuriko."", ""Garnish with chopped Japanese leek."", ""Serve and sprinkle shichimi spice if you like."", ""I dislike curry udon that's just udon with curry poured over, but I also dislike curry that's thin and runny."", ""I like this dish's thickness; it's just right."", ""After many trials, this ratio of the curry roux and soup is the best."", ""I like the abura-age absorbed with sweet-tasting onion and curry flavour."", ""You can make a restaurant-quality dish at home easily."", ""My long-time trials achieved this taste."", ""Give it a try!"", ""1 cube of curry roux is about 18 g. One packet of House brand curry roux usually has has 6 cubes."", ""Use whatever roux you like."", ""This concentrated noodle soup is very tasty with a savory bonito taste."", ""I recommend this."", ""."", ""This is made with Japanese dashi powder."", ""You can make this in 5 minutes and use as it is."", ""I recommend this, too!""]"
Sig's Pea Soup,"[""2 small smoked bacon chops"", ""2 best kielbasa sausages ( they are the closest I can get to what I want)"", ""1/2 small rack of ribs, meaty and fat (or a very small leg of pork bone in )"", ""3 springonions"", ""1 large shallot"", ""1 small leek"", ""2 garlic cloves"", ""1 or two vegetable stock cube"", ""500 ml water"", ""4 cans of marrow fat peas, or dried, overnight soaked marrow fat peas.In total about 750 grams soaked weight."", ""500 grams salad potatoes, ready cooked and cut into quarters or chunks"", ""4 Hot dog sausages"", ""2 slices of bread for croutons"", ""2 tbsp rapeseed oil for toasting croutons"", ""1/2 tsp chervil for sprinkling over croutons"", ""4 or 5 drops of Maggi liquid seasoning""]","bacon chops, best kielbasa sausages, bread, croutons, drops of maggi liquid seasoning, garlic, leek, peas, rack of ribs, salad potatoes, sausages, shallot, springonions",13,cookpad.com/uk/recipes/352614-sigs-pea-soup,Recipes1M,"[""First chop the bacon chops into small cubes or by ready chopped ones."", ""Chop the spring onions, the shallots , the leek and the garlic into small cubes also."", ""Put all into a small frying pan and cook until the bacon is browned of ,but the onions not burned ."", ""First brown your meat off (add extra if you feel that there is not enough meat) in a pan then in a pot with the water put the meat and kielbasa sausage , bring to boil then add all the fried ingredients and a stock cube or two depending on liking ,"", ""Boil until the meat is well cooked ."", ""Remove about half of the bacon chop, onions and other bits (set aside)and the meat and kielbasa .Take the meat of the bone , and chop the kielbasa sausage, put them back in the pot"", ""Now add the drained and rinsed peas and puree everything until you get a semi smooth soup, keep this to simmer on a low heat for about 15 minutes , make sure that I'd does not set to the bottom of the pan , if you need to add a little more water do so."", ""Add your chopped potatoes and the set aside bacon, onion and bigger bits and heat the through."", ""In the meantime make your croutons , add a little oil into a hot pan ad your cubed bread sprinkle with seasoning if you like and or herbs , they should be nice and crispy but not burned"", ""About ten minutes before serving add your hot dogs"", ""Season with the maggi liquid seasoning then sprinkle the croutons over the cooked soup""]"
Tom Som / spicy and sour fish soup,"[""1 kg fish fillet,or whole fish ,chopped"", ""700 ml fish stock or any stocck,or water"", ""4 lemongrass / chopped and crushed"", ""2 sliced of galangal"", ""6 kaffir lime leaves"", ""15 fresh hot chili ,crushed"", ""5 dried chili ,chopped"", ""8 cherry tomato,or 2 tomato quartered"", ""8 fresh sour green tamarind,or 2 tabs lime juice"", ""1/2 tbsp tamarind paste"", ""2 tbsp fishsauce"", ""6 shallots"", ""1 bunch each spring onions,corianders,sweet basils"", ""1 tsp salt to taste""]","chili, fish fillet, fish stock, fishsauce, galangal, hot chili, lime leaves, salt, shallots, sour green tamarind, spring onions, tamarind, tomato",13,cookpad.com/us/recipes/362444-tom-som-spicy-and-sour-fish-soup,Recipes1M,"[""The dish need aroma of herbs in ingredients,so first of all bring those herbs to roast in pan on medium heat until,keep stir to protect from burning"", ""Meanwhile bring stock to boil with fresh tamarind and tamrind paste,after 5 mins add all roasted herbs,let in boil"", ""After another 5 mins to let the sour taste come out from both tamarind,start to seasoning soup by fish sauce,then add in fish sliced,let it cook without stir approximately 5 mins for fish pieces,3 mins for sliced fish fillets"", ""After 5 mins ,add dried chili,taste the soup ,this soup must be mildy sour,spicy and sweet by fresh fish ,add salt if need ,add coriander,spring onion,sweet basil,stir,heat off"", ""Serve this soup hot with steamed jasmine rice ,garnish with dried chili and sweet basilsl,coriander :)""]"
Marvelous Mediterranean Vegetables,"[""3 large fresh portabella mushrooms"", ""1 medium sweet red pepper"", ""1 medium sweet orange pepper"", ""1 medium yellow sweet pepper"", ""1 medium zucchini"", ""10 fresh asparagus spears, cut into 2-inch lengths"", ""1 small onion, sliced and separated into rings"", ""34 cup grape tomatoes"", ""12 cup fresh sugar snap pea"", ""12 cup fresh broccoli florets"", ""12 cup pitted Greek olive"", ""1 (14 ounce) bottlegreek vinaigrette"", ""12 cup crumbled feta cheese""]","bottlegreek vinaigrette, feta cheese, fresh broccoli florets, fresh portabella mushrooms, fresh sugar snap pea, grape tomatoes, lengths, olive, onion, sweet orange pepper, sweet red pepper, yellow sweet pepper, zucchini",13,www.food.com/recipe/marvelous-mediterranean-vegetables-458855,Recipes1M,"[""Slice the mushrooms, peppers and zucchini; place in a large resealable plastic bag."", ""Add the asparagus, onion, tomatoes, peas, broccoli and olives."", ""Pour vinaigrette into bag; seal bag and turn to coat."", ""Refrigerate for at least 30 minutes."", ""Drain vegetables and discard marinade."", ""Transfer vegetables to a grill wok or basket."", ""Grill, uncovered, over medium heat for 8-12 minutes or until tender, stirring frequently."", ""Place on a serving plate; sprinkle with cheese."", ""Editor's Note: If you do not have a grill wok or basket, use a disposable foil pan."", ""Poke holes in the bottom of the pan with a meat fork to allow liquid to drain.""]"
"NoMad At Home: The Humm Dog with Bacon, Black Truffle and Celery","[""5 tablespoons peeled celery root, diced 1/4 inch"", ""4 tablespoons celery, diced 1/4 inch"", ""3 tablespoons half-sour pickles, diced 1/4 inch"", ""1 tablespoon Pickled mustard seeds"", ""1 tablespoon white balsamic vinegar"", ""1 teaspoon black truffle, diced 1/4 inch"", ""4 tablespoons mayonnaise"", ""2 teaspoons black truffles, finely chopped"", ""Canola oil, for frying"", ""4 slices bacon"", ""4 hot dogs"", ""4 hot dog buns"", ""4 slices Gruyere"", ""Celery heart leaves""]","bacon, black truffle, black truffles, canola oil, celery, celery root, gruyere, half-sour pickles, heart leaves, hot dog buns, mayonnaise, seeds, white balsamic vinegar",13,www.foodrepublic.com/recipes/nomad-at-home-the-humm-dog-with-bacon-black-truffle-and-celery/,Recipes1M,"[""Bring a pot of salted water to a boil over high heat and prepare an ice bath."", ""Blanch the celery root in the boiling water until tender, about 5 minutes, and shock in the ice bath."", ""Blanch the celery in the boiling water until tender, about 3 minutes, and shock in the ice bath."", ""When cold, drain the celery root and celery from the ice bath."", ""Transfer the vegetables to paper towels to drain any excess water."", ""In a mixing bowl, combine the blanched vegetables with the pickles, pickled mustard seeds, and vinegar and mix well."", ""When ready to plate, fold in the diced black truffle.""]"
Mexican Pizza,"[""1/2 c. plus 1 Tbsp. corn meal"", ""1 1/2 c. flour"", ""1 Tbsp. baking powder"", ""1/2 tsp. lite salt (optional)"", ""3/4 c. skim milk"", ""1/4 c. liquid Butter Buds"", ""1 (12 oz.) jar taco sauce"", ""1 (15 1/2 oz.) can Mexican-style chili beans, undrained (Van Camp's)"", ""1/2 lb. ground white meat skinless turkey"", ""1 (4 oz.) can chopped green chiles, drained"", ""2 c. grated Alpine Lace nonfat Cheddar cheese or 16 oz. Kraft Free cheese slices"", ""1 small jar jalapeno peppers, sliced""]","baking powder, chili beans, corn meal, flour, grated alpine, green chiles, ground white meat, jalapeno peppers, liquid butter, lite salt, milk, taco sauce",12,www.cookbooks.com/Recipe-Details.aspx?id=481835,Gathered,"[""Heat oven to 450\u00b0."", ""Spray a 14-inch pizza pan with a nonfat cooking spray (or 15 x 10-inch jelly roll pan)."", ""Sprinkle 1 tablespoon corn meal into prepared pan."", ""Combine remaining 1/2 cup corn meal, flour, baking powder and salt."", ""Add milk and liquid Butter Buds."", ""Stir with a fork until mixture forms a ball."", ""Press dough into prepared pan."", ""Shape edge to form rim."", ""Bake 15 minutes.""]"
Giant Ornament Brownie,"[""nonstick cooking spray"", ""2 brownie mix (boxes, plus required ingredients)"", ""1 cup peanut butter chips"", ""2 cups buttercream frosting, white"", ""turquoise gel food coloring"", ""blue decorating icing"", ""6 silver dragees"", ""7 purple gumdrops"", ""green decorating gel"", ""pink decorating icing"", ""2 teaspoons candy sprinkles, pink"", ""2 teaspoons candy sprinkles, purple"", ""2 teaspoons candy sprinkles, blue"", ""4 marshmallows, jumbo yellow"", ""1 candy cane""]","brownie mix, buttercream frosting, cane, decorating icing, dragees, green decorating gel, marshmallows, nonstick cooking spray, peanut butter, purple gumdrops, sprinkles, turquoise gel food coloring",12,www.food.com/recipe/giant-ornament-brownie-537240,Gathered,"[""Preheat oven to 350F degrees. Line the inside of a 12-inch cake pan with parchment paper and spray the inside with nonstick spray."", ""Add the brownie mix plus required ingredients to a stand mixer and beat until combined. Add peanut butter chips and fold in with a spatula."", ""Add batter to prepared cake pan and bake 30-35 minutes. Let cool completely before removing from pan."", ""Once cool, frost an even layer of white buttercream all over the top of the cake."", ""Add the remaining white frosting to a bowl and add a couple drops of turquoise gel food coloring. Fold together with a spatula until combined and transfer to a pastry bag fitted with #825 star tip. Set aside."", ""Transfer the blue decorating icing to a small pastry bag fitted with a (#6) round tip. Pipe 7 vertical lines at the top of the brownie, alternating long and short lines. Place 2 silver dragees underneath the shorter icing lines."", ""Pipe the turquoise frosting underneath the blue vertical lines in a horizontal squiggle pattern."", ""Place a horizontal line of purple gum drops directly under the turquoise frosting."", ""Use the green decorating gel to pipe two horizontal lines across the brownie underneath the purple gumdrops. Pipe vertical lines in between the horizontal lines so that it looks like a sideways ladder."", ""Transfer the pink decorating icing to a pastry bag fitted with a #825 star tip. Pipe 6 pink stars underneath the green decorating icing."", ""Mix the sprinkles together and scatter over white frosting underneath the pink frosting stars."", ""Insert the candy cane into the top of the ornament. Use kitchen shears to make a vertical cut halfway into 2 marshmallows. Place those on both sides, opening up the slits, to secure the candy cane inside so that it is not exposed. Add one more marshmallow on each side so there are 4 marshmallows at the top.""]"
Goan Fish Curry Rice,"[""6 kashmiri chilies"", ""1/2 coconut"", ""1 piece gingerroot"", ""3 garlic cloves"", ""5 -6 peppercorns"", ""1 teaspoon coriander seed"", ""1 pinch methi seeds"", ""1/2 teaspoon haldi powder"", ""1/2 teaspoon jeera powder"", ""1 green chili pepper"", ""1 butterfish"", ""1 green mango""]","butterfish, coconut, coriander seed, garlic, gingerroot, green chili pepper, green mango, haldi powder, jeera powder, kashmiri chilies, methi seeds, peppercorns",12,www.food.com/recipe/goan-fish-curry-rice-522065,Gathered,"[""Slice, clean and salt the fish and keep the fish aside."", ""Procedure: Grind the masala ingredients mentioned above, in a mixer with a little water."", ""Add it in your cooking dish and add some more water, now there are two optional things depending on how rich and heavy you want your Xitt codi. The first one is you can bagaar some chopped onions before you add the masala to it."", ""Instead of adding water you can add coconut milk to make it rich, but we made this fish curry by adding water, to make it thick enough as per choice. You can then add some salt and slit the green chilly, remove seeds as per spice requirement."", ""Once the entire mixture reaches a boil you can add the fish to the curry."", ""Along with the fish add the cut pieces of raw mango, to give it that nice tangy flavor that it has. I personally like to eat the cooked pieces of mango, the sour taste of it, my mouths watering as I write this :)."", ""Cook till the fish becomes edible, this is a relatively easy dish to cook and is not as time consuming as some of them. Bon Appetit, until the next Goan Recipe!""]"
Sunset Magazines Pan Gravy ,"[""2 tablespoons vegetable oil $"", ""turkey wing tips and neck $"", ""4 1/2 cups low-sodium chicken broth $"", ""1 clove peeled and minced garlic"", ""1/2 cup all-purpose flour $"", ""1 cup whipping cream $"", ""$15 Off Your 1st Order With Peapod Today!"", ""Preparation"", ""Pour 2 tablespoons vegetable oil into a 5- to 6-quart pan over medium-high heat. Add turkey wing tips and neck and brown well, 4 to 7 minutes. Add 4 1/2 cups low-sodium chicken broth and bring to a boil; cover, reduce heat, and simmer about 1 hour. Remove wings and neck."", ""While roasted turkey rests, pour pan juices into a 1- to 2-quart glass measure. Skim off and reserve fat. Add turkey wing broth to make 4 cups; if you don't have enough, add water. Return 1/3 cup fat (if not enough, add butter) and 1 clove peeled and minced garlic to unwashed roasting pan; set over two medium-hot burners. Add 1/2 cup all-purpose flour and stir until bubbly and smooth. Stir in the 4 cups broth and 1 cup whipping cream; scrape pan sides and bottom to loosen browned bits. Whisk gravy until smooth and boiling, 4 to 7 minutes. Add salt to taste."", ""Note: In nutritional analysis, sodium is N/A."", ""Note:"", ""Helena Darling, Ashland, OR,"", ""NOVEMBER 2005""]","all-purpose, chicken broth $, garlic, helena darling, in nutritional analysis, preparation, today, turkey wing tips, vegetable oil, vegetable oil $, while, whipping cream $",12,www.epicurious.com/recipes/member/views/sunset-magazines-pan-gravy-52966791,Gathered,"[""Preparation"", """", ""Pour 2 tablespoons vegetable oil into a 5- to 6-quart pan over medium-high heat. Add turkey wing tips and neck and brown well, 4 to 7 minutes. Add 4 1/2 cups low-sodium chicken broth and bring to a boil; cover, reduce heat, and simmer about 1 hour. Remove wings and neck."", """", ""While roasted turkey rests, pour pan juices into a 1- to 2-quart glass measure. Skim off and reserve fat. Add turkey wing broth to make 4 cups; if you don't have enough, add water. Return 1/3 cup fat (if not enough, add butter) and 1 clove peeled and minced garlic to unwashed roasting pan; set over two medium-hot burners. Add 1/2 cup all-purpose flour and stir until bubbly and smooth. Stir in the 4 cups broth and 1 cup whipping cream; scrape pan sides and bottom to loosen browned bits. Whisk gravy until smooth and boiling, 4 to 7 minutes. Add salt to taste."", """", ""Note: In nutritional analysis, sodium is N/A."", """", ""Note:"", ""Helena Darling, Ashland, OR,"", ""NOVEMBER 2005""]"
Rugbrød ,"[""Sour Dough Starter Mix"", ""1 cup Buttermilk"", ""1 cup rye flour"", ""1 teaspoon of salt"", ""Mix ingredients and cover with clingfilm and leave for 2 days at room temp"", ""Rugbrd"", ""5.5 cups water"", ""3.5 cups ryegrains"", ""1 small can of beer of your choice"", ""2.25 cups rye flour"", ""1.75 cups white flour"", ""2 dessertspoons salt"", ""2.5 tsp. fresh yeast"", ""1.75 cups sunflower seeds/ pumkin seeds/ sesame or flax seeds of your choice - all are nice:""]","buttermilk, choice, fresh yeast, mix ingredients, rugbrød, rye flour, ryegrains, salt, starter, sunflower seeds/, water, white flour",12,www.epicurious.com/recipes/member/views/rugbrod-50088370,Gathered,"[""1. Mix Rye Grains and water together in a large pan and bring to boil - turn off heat and and leave to cool so its cool enough to handle."", """", ""2. Add can of beer and starter mix"", """", ""3. Add salt, white flour, and rye flour"", """", ""4. Take off enough starter mix for next time"", """", ""5. Add yeast and seeds"", """", ""6. Put in breadforms (makes 2 loaves)"", """", ""7. Smooth top really well and add seeds to top"", """", ""8. Leave for 4 hours in a warm place to prove"", """", ""9. Bake for 1 3/4 hours in an prewarmed oven at 200c and leave for 24 hours to 'set'""]"
Ham And Cheese Tartines With Cherokee Purple Tomato Salad,"[""Tartines:"", ""4 (1 1/2-ounce) slices ciabatta bread, toasted"", ""1 ounce serrano ham, cut into 4 thin slices"", ""3 ounces Manchego cheese, cut into 4 thin slices"", ""1 teaspoon chopped fresh oregano"", ""Salad:"", ""1 tablespoon finely chopped fresh oregano"", ""1 tablespoon finely chopped shallots"", ""1 tablespoon sherry vinegar"", ""2 teaspoons extravirgin olive oil"", ""1 garlic clove, minced"", ""4 cups torn Boston lettuce"", ""3 cups thinly sliced honeydew melon"", ""3 medium Cherokee Purple tomatoes, halved lengthwise and thinly sliced""]","boston lettuce, bread, extravirgin olive oil, fresh oregano, garlic, honeydew melon, manchego cheese, purple tomatoes, serrano ham, shallots, sherry vinegar, tartines",12,www.myrecipes.com/recipe/ham-cheese-tartines-with-cherokee-purple-tomato-salad,Gathered,"[""Preheat broiler."", ""To prepare tartines, place bread slices in a single layer on a baking sheet. Arrange 1 ham slice and 1 cheese slice on each bread slice. Broil 3 minutes or until cheese melts. Sprinkle evenly with 1 teaspoon oregano."", ""To prepare salad, combine 1 tablespoon oregano and next 4 ingredients (through garlic) in a bowl, stirring well with a whisk. Arrange 1 cup lettuce on each of 4 plates. Top each serving with 3/4 cup honeydew and 1/2 cup tomato slices. Drizzle each serving with about 1 tablespoon dressing. Place 1 tartine on each plate.""]"
Dirt,"[""1/2 stick butter (1/2 cup)"", ""8 oz (224 grm). cream cheeze"", ""3-1/2 cups (825 ml) milk"", ""12 oz (336 grm). cool-whip"", ""1-1/2 pkgs of oreos"", ""1 cup (225 ml) sugar"", ""2 sm. pkgs of instant French vanilla pudding"", ""children's pail and shovel"", ""gummy worms"", ""LOW FAT VERSION"", ""3-1/2 cups (825 ml) skim milk"", ""12 oz (336 grm). fat free cool-whip"", ""1-1/2 pkgs of low fat oreos"", ""2 sm. pckgs fat free vanilla pudding""]","butter, children's, cool-whip, cream cheeze, gummy worms, milk, oreos, pckgs fat free, pkgs, pkgs of instant french vanilla pudding, sugar, version",12,online-cookbook.com/goto/cook/rpage/00055B,Recipes1M,"[""Mix butter, cheese and sugar."", ""In separate bowl mix milk and pudding."", ""Add cool-whip."", ""Mix with cheeze mixture."", ""Crush cookies."", ""Layer bottom of pail with cruched cookies."", ""Then add a layer of pudding mixture."", ""Keep layering."", ""End with crushed cookies so it looks like the pail is filled with dirt."", ""Stick shovel and some gummy worms in the top"", ""LOW FAT VERSION"", ""Mix milk and pudding."", ""Layer the pail as above.""]"
Chocolate CookiesNCreme Pancakes,"[""OREO Creme"", ""PHILADELPHIA Original Cream Cheese, softened"", ""2/3 cup OREO Creme Icing Variegate"", ""Chocolate Pancake Batter"", ""1 qt. prepared pancake batter"", ""1/2 cup dark unsweetened cocoa powder"", ""2 cups white chocolate chips"", ""1 cup miniature semi-sweet chocolate chips"", ""Strawberry Sauce"", ""3 cups strawberry preserves"", ""3 cups fresh strawberries, small dice"", ""Assembly"", ""1-1/2 cups prepared whipped topping"", ""1/4 cup OREO Creme Icing Variegate"", ""1/2 cup OREO Pieces-Small""]","chocolate pancake batter, cocoa, fresh strawberries, oreo creme, oreo creme icing variegate, pancake batter, philadelphia original cream cheese, semi-sweet chocolate chips, strawberry preserves, strawberry sauce, topping, white chocolate chips",12,www.kraftrecipes.com/recipes/chocolate-cookiesncreme-pancakes-116499.aspx,Recipes1M,"[""OREO Creme: Beat ingredients in large bowl with mixer fitted with paddle attachment until well blended."", ""Chocolate Pancake Batter: Stir cocoa into pancake batter."", ""Fold in chips."", ""Strawberry Sauce: Heat preserves in top of double boiler; fold in strawberries."", ""Remove from heat."", ""(Note: If sauce gets too thick, return double boiler to stove top to reheat until sauce thins to desired consistency.)"", ""For each serving: Cook 3 pancakes on hot griddle, using #40 scoop (about 1-1/4 oz.)"", ""to measure batter for each pancake."", ""Remove from griddle."", ""Spread 1/2 Tbsp."", ""OREO Creme onto center of each pancake; place on serving plate, overlapping slightly."", ""Spoon 3 Tbsp."", ""Strawberry Sauce over pancakes."", ""Top with a 1-Tbsp."", ""rosette of whipped topping."", ""Drizzle 1/2 tsp."", ""OREO Creme Icing Variegate over pancakes; sprinkle with 1 tsp."", ""OREO Pieces.""]"
Lady Of The Lake Recipe,"[""1 dash lavender bitters (see recipe below)"", ""3/4 ounce lemon juice"", ""3/4 ounce honey syrup (see notes)"", ""1 1/2 ounce heather flower-infused vodka (see recipe below)"", ""Lemon twist"", ""1 750-ml bottle 140-proof vodka (Devil's Spring recommended)"", ""20 tablespoons lavender flowers"", ""1 tablespoon white peppercorn"", ""1/2 tablespoon cardamom"", ""1/2 tablespoon coriander"", ""1 clove"", ""6 tablespoons heather flowers"", ""1 750-ml bottle vodka""]","cardamom, clove, coriander, heather flowers, honey syrup, lavender bitters, lavender flowers, lemon juice, lemon twist, vodka, white peppercorn",11,www.seriouseats.com/recipes/2011/11/lady-of-the-lake-vodka-cocktail-recipe.html,Gathered,"[""In a jar with a sealable lid, combine overproof vodka and all remaining ingredients. Let steep for one week. Strain before using."", ""In a jar with a sealable lid, combine vodka and heather flowers. Let steep for two days. Strain before using."", ""Combine all ingredients in cocktail shaker with ice. Shake vigorously and strain into coupe. Squeeze lemon twist on top of drink and add as garnish.""]"
Asian Style Nicoise,"[""500g chat potatoes, halved"", ""olive oil spray"", ""4 small salmon steaks"", ""1/4 cup KRAFT FREE* Thai Lime & Coriander Dressing"", ""1 tablespoon oil"", ""200g green baby beans, steamed until tender"", ""100g baby leaf lettuce mix"", ""1 punnet cherry tomatoes, halved"", ""1 Lebanese cucumber, diagonally sliced"", ""1 cup bean shoots"", ""4 hard boiled eggs, quartered"", ""1/2 cup KRAFT FREE* Thai Lime & Coriander Dressing"", ""1/4 cup crispy fried shallots""]","baby leaf lettuce, bean shoots, coriander dressing, crispy fried shallots, eggs, green baby beans, lebanese cucumber, oil, olive oil spray, punnet cherry tomatoes, salmon",11,www.kraftrecipes.com/recipes/asian-style-nicoise-104187.aspx,Recipes1M,"[""Place potatoes on a baking tray, spray with olive oil spray and bake at 180 degrees C for 30 minutes or until tender."", ""Allow to cool slightly."", ""Coat the salmon steak with the dressing and leave to marinate for 5 minutes."", ""Heat the oil in a fry pan over a medium heat and cook the salmon steaks for 3-4 minutes on both sides."", ""Allow to cool slightly before breaking salmon into chunks."", ""Arrange the beans, lettuce, tomatoes, cucumber, bean shoots, eggs, potatoes and salmon on serving plates."", ""Drizzle with extra dressing, sprinkle with crispy shallots and serve immediately.""]"
Fruits Soup,"[""1 grapes"", ""1 watermelon"", ""1 red dragon fruit"", ""1 manggo"", ""1 apple"", ""1 pear"", ""1 melon"", ""1 papaya"", ""1 jelly (cut into cube)"", ""1 fresh milk"", ""1 raspberry syrup"", ""1 longan""]","apple, grapes, longan, manggo, melon, milk, papaya, pear, raspberry syrup, red dragon fruit, watermelon",11,cookpad.com/us/recipes/338174-fruits-soup,Recipes1M,"[""moule every kind of fruits or cut it become pieces (or cube)"", ""mix all fruits in a bowl"", ""pour a fresh milk and raspberry syrup, give some ice and ready to serve"", ""Attention : You don't need any measure to do this recipe, and you can add your fav fruits :-D""]"
A Loving Heart,"[""1 big heart"", ""love and caring"", ""1 Bible"", ""whole lot of sharing"", ""1 smile"", ""a hug or more"", ""find a church with an open door"", ""1 good spirit"", ""3 or 4 hand shakes"", ""add some brothers and sisters"", ""10 or more prayers a day"", ""1 need for others"", ""10 kind words and then you have a blessing and you have a friend!""]","brothers, caring, find a church, heart, kind, others, prayers, sharing, smile, spirit",10,www.cookbooks.com/Recipe-Details.aspx?id=500219,Gathered,"[""Practice daily."", ""Get the full benefit of what God has given all.""]"
Waldorf Salad,"[""2 cups purple seedless grapes"", ""2 granny smith apples"", ""2 fuji apples"", ""2 celery ribs"", ""1 (11 ounce) can mandarin orange sections, drained"", ""1/2 cup craisins"", ""1 cup candied pecans"", ""3/4 cup light mayonnaise"", ""3/4 cup light sour cream"", ""1 1/2 cups Splenda granular""]","candied pecans, celery, craisins, fuji apples, granny smith apples, light mayonnaise, light sour cream, orange sections, purple, splenda",10,www.food.com/recipe/waldorf-salad-306439,Gathered,"[""Rinse and dry grapes and place in a large bowl."", ""Rinse and dry the apples. Core apples and cut into twelve to fourteen sections. Chop each section in half and place in the bowl with the grapes."", ""Chop the celery stalks into half-centimeter slices and add to the mixture."", ""Add mandarin oranges and craisins to the mixture."", ""Roughly chop the pecans into halves and quarters and add to the mixture."", ""In a separate bowl, combine mayonnaise, sour cream, and Splenda. Pour over the mixture. Toss so that the dressing covers everything and the fruits are well combined. Enjoy!""]"
Chocolate Espresso Sorbet With Cardamom-Spiced Blood-Orange And Tangerine Reduction,"[""Blood-Orange and Tangerine Syrup"", ""1 cup blood-orange juice, strained"", ""1 cup tangerine juice, strained"", ""4 tablespoons vegan sugar"", ""10 green cardamom pods, cracked open"", ""Chocolate Espresso Sorbet"", ""2 cups brewed espresso"", ""1/4 cup vegan sugar"", ""1/3 cup blood-orange and tangerine syrup"", ""1 1/2 cups natural cocoa powder (I used Sharffen Bergen sweetened cocoa powder)"", ""1 stick unsalted butter, melted""]","blood-orange, blood-orange juice, chocolate espresso sorbet, espresso, green cardamom pods, natural cocoa, syrup, tangerine juice, unsalted butter, vegan sugar",10,food52.com/recipes/11293-chocolate-espresso-sorbet-with-cardamom-spiced-blood-orange-and-tangerine-reduction,Gathered,"[""In a small saucepan, bring the juices, the sugar and the cardamom pods to a boil. Turn down heat and simmer until reduced by half, about 20 minutes. Strain, cool, and set aside. Use extra to make howtocookabear's Bloodhound (here's the link)\r\nhttp://www.food52.com/recipes/9333_bloodhound"", ""Bring espresso and sugar to a boil and add blood-orange and tangerine syrup. Whisk in the cocoa powder and when incorporated, add the melted butter. Chill until very very very cold, about 3 hours."", ""Process in an ice-cream maker according to the instructions that come with it. Transfer to a container, cover, and freeze about eight hours.""]"
